7.8441128424927165,-1.8426086340752523,-0.1098798195856221,-0.6107186601422682,0.7918394868656532,1.480533307336234,-0.1203728845359178,-2.128123130656549,-2.000377574274573,-1.5508002325200605,1
-11.464879084108343,2.890479107368015,-3.4757531820014926,-0.0067241657523291,-0.951292541432114,-4.050451463619231,0.2004146457392234,7.244196306443723,-2.9153873650334594,2.1487638325460368,1
-3.656678476039123,-9.214142959732888,-1.2680503178428724,-2.596301077722904,1.5671822354377467,0.7632365580256351,-6.265058452869533,-2.038099526041085,-1.9284281849066724,5.23228673315738,4
-11.610513601421674,9.03477651818542,-3.644953010120608,0.6986198883000295,-3.4267182333046877,-4.41807431197128,-1.2672163734435935,-3.18005408843942,1.0669256795356663,-0.4012507769248615,1
10.668873059682584,2.2494639969925347,5.144962373971613,12.04384976975491,1.688758624644719,-1.9913549044201573,-1.3696021509145198,-0.5349341146624698,-0.5732024500905685,-0.2989029084406465,1
9.819445188699753,1.6544078373055426,5.168061700586077,12.172848064037868,1.904254224273527,-1.3848637104806067,-1.2705414919425482,-0.6927013453630869,-0.6752727940880523,-0.963230427330732,1
-3.3681976304451093,-1.824424133421164,-2.6714649826088364,-3.861378706527727,8.03492093630021,-0.3629997088759727,1.6748740459346094,-1.6454999851739474,-0.0452159548870976,1.8620695818761115,3
9.446650862717732,-1.5007683741184257,-4.868470841445952,-1.179010170981218,0.3992832691107968,1.4612772819179811,-2.705732405347784,-0.8982928228064415,-1.7312434651688924,-0.7803115218524811,1
-10.5810018861294,14.321422744842344,-0.0924656721233261,6.132360404882438,2.776612456359386,26.75461525812091,-0.8499669959028819,2.8954389464340893,1.026466740742897,-0.4489467505283689,5
-5.839121759738205,-10.548289687561784,-1.6245433190531384,2.0705335237534155,0.3417313971709041,1.0419349083781009,0.1121191902594768,-1.3154821568018693,-3.8524411473274895,1.1504147849993789,1
-6.359730914939029,-10.771196492046291,4.361714862007196,0.4518386025839415,-2.3477566212204457,-0.2843877806798275,-1.1340964328604264,3.673521791024049,11.201449027803228,0.7239032696833094,0
-3.992854794011968,-9.535129374386408,0.0644601979591014,-2.8437873923456,1.2542333343256644,0.8820726747394658,-5.585444716347706,-1.942734487925904,-2.898837751850956,7.065834604910733,4
-3.976529125674962,-9.537435503542596,-0.1314097058021989,-2.708019855448929,1.3309100240718872,0.7980655456645399,-5.709279949779204,-1.9833653250320744,-2.690392060503519,6.653396574953687,4
12.591242418428823,4.880185396630973,6.036794056017206,9.524481983145582,1.397018982001142,-3.364105939033178,-0.0795349966928045,1.1389354004332024,-0.8873820626885367,0.2970539413877322,2
9.157488561940417,1.8066336084774095,5.848044357877222,11.535259343512363,1.9776487469045605,-1.3301917106383965,-1.5841849011943674,-1.422252071841989,0.1158942107318574,-1.1875636632477955,5
7.272340105191911,5.054298170517261,-0.6924796869317399,-6.040581227297828,8.064031836629681,-0.7091769626149357,6.712194176718169,-0.0761667517436444,0.7277989962675462,2.372523484278147,4
14.978247237174244,0.0948805980270239,-8.69899893389213,-0.3445775627950886,-7.017519591079569,0.8792647950070412,0.0587173857215448,1.4754919482343187,1.1168290366379643,-0.1554508522420812,1
14.681129334545362,-0.0037242325109683,-8.38486540563688,-0.4903089759515425,-6.441197697717285,0.876817927740195,-0.0340278458346902,1.6210931185200828,1.1556463902759535,0.1069034068011867,1
-5.934271749873736,-9.93330156707004,4.18995015162861,0.0850635855665,-1.6824280184268472,-0.239824360525672,-2.349971193933103,3.260109422410224,10.249040312472752,0.6335427273169256,0
-6.986652817390361,3.836972532238796,-1.7865273174737752,-1.945836289823104,2.215561983665915,-1.498300400720951,-1.7826844382004043,7.462060390559699,-4.045609939042944,-4.231787805041333,2
-5.978647555486996,-11.596543816816418,-1.330358461637566,1.7397547917601042,0.2395511315054149,0.8920122909701625,1.0024421529291336,-1.4852458731738265,-2.7705231909875887,0.6516286184988346,1
14.716758676107045,0.0027951453114813,-8.311840211050047,-0.4630669234549767,-6.449895447353254,0.845767408744782,-0.1185235252855511,1.6834362122096354,0.9678919808054948,-0.0274409601939514,1
9.641632760282322,2.22368021849007,6.19620926194686,11.61476529271165,2.023088598725377,-1.5764393231372231,-1.6206988517690166,-1.0596897017349958,0.3015617700264033,-1.3116062972562108,5
7.861654625205902,2.964776752281833,6.99839190168575,7.163615966018663,4.023378618065922,-2.2141674975164527,1.246051474697984,3.250877420492367,-0.4491074146695156,4.600542939898784,1
15.16001914112364,0.1042369954033683,-8.401979354474136,-0.8449125471074453,-6.48343035444652,1.0219149594427153,0.1454822246791131,1.526980540088612,1.3083874381394422,0.1406627690531331,1
6.696964194600427,2.4093019755556493,-4.594490967063492,-4.832487585967033,9.832747439552872,-1.9529274838892343,2.5995867447806758,-0.6963701320181547,2.525147456704951,-0.7528582799804622,5
6.180336052825061,3.613666738675813,10.166617405347315,2.7528843648632546,-0.4993659291969727,-0.1552677150488582,-1.026875528657313,-0.6047741599547204,-1.9057173933396,0.1367107829792266,4
-6.1356159719283605,-11.974398871649344,-1.001239173620915,1.5717786144364805,0.0179878515983997,0.8317295601503049,1.3342689227634417,-1.647583620943575,-2.379260521655582,1.1535035229988906,1
-11.843165496746677,3.833245469100757,-3.425804011174285,0.3988008237941539,-0.6196832066218155,-4.846789497867777,1.0194336670725326,6.853117000706708,-2.798929383086631,2.481374120236355,1
13.720029544502946,-0.9133916045196022,-8.877273950993999,-2.187447945067011,-5.8240136746521145,1.8495663389425416,-0.1257611681542037,-0.1835773220805286,-1.950019429692824,0.6473767392055712,1
2.7823648724857883,-1.6361508318082545,0.6890663367496104,-3.5151756023223397,4.191444253678751,1.195607676707615,-4.448036607269031,-2.50490130183682,-2.764977882781338,-2.053936256596046,5
-7.487010041933294,5.9796464047640585,-2.0976212678162525,-1.394537580949173,1.524509522199926,-1.9939396524773323,-0.7480686889757344,8.253934973252795,-4.234033076098178,-4.031791146202001,2
-11.254669822632223,11.750737824396108,-2.4360941221479018,0.6259336253079876,-2.5110120719779543,-1.782512246563618,0.8493792892052983,-7.282216391201016,2.6859708246658047,-0.7143903077799434,1
15.155654689129562,0.1494542309444429,-8.042101897218636,-1.0321398732018905,-6.459303673604386,1.2036437745117918,0.316327681155542,1.4795966424524205,1.431303113302211,0.19438056706283,1
-7.49303770116424,-15.653764601598224,0.2459709201221867,2.916098846143983,-2.4671261543936183,1.328048171591502,8.762267685218042,-2.5025116947305204,-2.449041977228082,-3.1967018161860468,1
-6.712392788335606,-10.421961500310216,3.727063795527196,2.8773538723767618,-1.842174883388657,-0.4980315646666264,-0.9243072190549,1.443234441435623,5.811416095942354,-0.966054359459108,0
-8.978893665319344,8.677584320000845,-2.50476751370356,2.0843226949422733,-0.1908618624367923,3.99609539358533,0.7892470299933003,-0.2770647241658029,-1.5346612260509658,1.1076048160339849,3
-10.491332553015196,14.130637402498904,-0.0669716137682565,6.173941818719047,2.9037287286509392,26.7553124087544,-0.76907648845332,3.3505174348773625,0.7542979612752493,-0.3680624263672142,5
-10.828575963286363,2.377109682789877,-2.966971020062498,-0.0353488998546192,-0.6255605292525356,-3.6593413936459376,-0.2059415715994342,7.187684906091401,-2.824399556847488,1.7249484929271504,1
13.410558642375978,0.8277476692863168,-6.865400882674255,-0.9703059046455584,-6.555122896635428,0.465158794122061,0.3835476874224044,2.744585692879608,0.4211152613663426,-0.556322186949689,1
-7.209857978950571,-12.544967655987865,0.6120387398429553,2.275950511609462,-0.9773449563022736,1.445282220782672,3.512328083316213,-1.07347430595841,-1.866445519345998,0.4435877096931488,1
-3.397799065734072,-9.117652348584254,-1.7207579644442612,-2.411439443747905,0.9679656017502072,1.042693050415328,-6.239267772546052,-2.2272835490434537,-1.4410024098818923,4.4619971024611615,4
-2.3955895200236594,-6.18199722297101,0.4127123045183017,-4.913653046725851,2.016101403528537,1.9513249974561755,-7.705647747047861,0.9869323883263628,0.9688351689092496,-8.517422960109824,5
-6.792062745983222,-10.734804808593609,2.937513609401346,2.8494248541987224,-2.296022600179058,-0.4362905114864219,1.242088543365698,0.91920198344727,3.983478324353052,-0.9565447570053848,0
-2.866202865175872,-7.473600143862266,-0.3531613857852214,-2.7991391253492752,2.145786586264305,1.178573470003499,-5.457429067167369,-2.1952063590092044,-1.9700447780558312,-0.1452310956317762,5
7.590416736645042,3.764609570557025,-2.8818438824374346,-4.842045109943008,9.521322126397852,-0.5371174388594805,6.577354924090888,0.459511228212592,2.967914918953932,2.064195524588015,5
11.13689913607382,2.459437120134338,4.79858360558674,12.641669567364689,0.995873585210382,-1.5098912137674818,-1.413253498261872,-0.8367186078549058,-0.7430951848308727,-1.2803705145377955,1
3.281209466010849,-1.6198913318692438,0.394083926886092,-4.098980116489941,4.371268996611541,1.5736875892570048,-4.140952417590603,-2.366441658848628,-2.3429814293906133,-2.209998686572166,5
10.639283261290858,2.3239644408081106,5.066378278138501,11.958628772885866,1.906699500412038,-2.155811080800756,-1.1913346151325432,-0.3833000192418054,-0.4919487430343983,-0.2585285905877446,1
-6.621144519780485,-10.998283665635135,3.860150688001699,2.1950839541824125,-2.0719526232085546,-0.5581764750938824,-1.160123539751534,2.831082063190545,10.7152584784711,-0.2004511659624577,0
13.520752535718865,-0.88050077230422,-8.682729851925417,-2.3183172855791057,-5.9159349411618,1.8818542308681168,-0.4133368811738627,-0.2357026739990551,-1.9093173614351715,0.446051644057903,1
6.993035858173437,0.949426920448395,-3.467643044058698,-4.298227344230543,8.355155408800961,-2.501149709758521,0.437916993482204,-0.7562737438529952,0.7651988885579621,-1.3144728207919358,5
3.3746948845540614,5.333157888351933,14.518091607318668,-5.591667148096063,-1.7976709553164445,-2.028161883013783,-2.398148948475892,-0.1989766990798951,-1.2288191390280994,-2.7448572733736616,0
-8.455012850476482,11.593010975027862,0.6239325918761971,1.7354849831294965,1.357084038638666,13.332878198550944,1.879567193295984,0.7607326389203011,1.0534313686124752,4.510515850520741,5
-7.721283505666525,-15.092414075484376,-0.1524858709075485,2.8973724476266107,-1.9688280508195852,1.189043123581386,9.02816597700651,-2.639550276330476,-3.809447145535216,-4.275567888164957,1
-8.644399149962293,7.964533997522959,-2.790742693224768,1.7744600245388202,0.4987631007599556,3.0382127880603385,1.011408105701644,0.0608616442314356,-1.6452738216550946,0.4564149438105275,3
-11.50494790817756,10.259507989720047,-2.591760275730749,1.4280574332499876,-3.83939839897118,-3.4381048785138644,-0.6808458823565363,-5.587436952796907,1.1874883346699858,-0.296595042494688,1
6.859511165989495,1.6747380658260842,-3.8131786497489135,-4.027294026997285,8.800408731512103,-2.2813953902413884,1.7557696319213123,-0.8677073876659847,1.8707959703851176,-1.0622887852154383,5
-11.79201726156242,5.602285986159103,-3.2595107135985675,0.0675117228119765,-2.117756119422572,-5.1992434823946505,1.141777294972513,4.80093991586135,-0.952914591963335,2.0840873683770167,1
-11.892842394864807,4.956337616865959,-3.4344767808681667,0.4653379760335341,-1.0876747527135764,-4.989498990944719,1.342819987175651,5.803491690897243,-2.0792498351600943,2.463119783221269,1
7.687760063717234,-1.9502568000196947,-0.4192498087477843,-0.7053684396393294,0.8958638037850399,1.7001007827775505,-0.2734695437234212,-1.965529829001075,-2.1485639841772337,-1.7050116494434384,1
-10.821104989010225,7.928571167197727,-3.86645416764598,0.596322297483255,-2.9795943725056806,-4.021160316850994,-1.0360750474197455,-1.840018002077732,0.340928206677463,-0.5813928276316107,1
-6.715158269354683,-11.183594763078949,3.688698175691041,2.221395215788256,-1.9132457598931751,-0.5369318114205689,-1.043458697795975,2.652211085612928,10.149183921872956,-0.3622001047980275,0
7.26049806183187,0.4234193245726861,-3.427415463990205,-4.842258829881173,7.1656516407929365,-2.4045146997420157,-0.3088807882150755,-0.4015430664175886,0.4176035861254895,-2.1333250627507434,5
-6.605332672758795,-12.2359872514593,-0.1172254285711677,2.405942443526126,-0.5281801440690072,0.9421902133535156,2.7033595635663605,-1.275426991883421,-1.503782726192268,1.3371322303775073,1
8.171798664027657,2.8186367831590764,6.66773437931872,8.44865953959961,4.326128106232982,-2.6563438191116044,0.5137572980665545,2.791129321000032,-0.0057427161005511,2.531910081372283,1
10.50845396788544,3.054130930893976,-5.727179228511664,-3.2157566405904263,4.330957229991734,-0.7478419104794031,4.046568971714183,0.7811580732182829,3.55022776695683,0.5090085848931122,0
8.172742255788073,-1.6147874251403402,-1.2643936277470524,-1.331802484077507,0.13271492848419,1.9409522974393532,-0.0306472492443987,-1.4359634865741318,-2.1545025145706687,-1.779425846213191,1
10.545120254444065,-1.567034742042877,-6.371922960943921,-0.9538872811116926,-1.995938046075082,1.8485221005085823,-2.295664438094063,-0.6135596074875967,-1.5960696711212514,-0.4132753878372831,1
-7.670013681948584,-14.873079326920532,-0.116530976683888,2.931066534072325,-1.7164286022554467,1.085481214387256,8.253265900250385,-2.5921358566386665,-4.276043733727336,-4.427951491806534,1
-2.809786485288674,-2.0047005319894584,-3.681207800193372,-2.984443690829908,7.8985176977992975,-0.4688495862683022,-0.2209914628120179,-0.5536662523843445,-0.7107116817723016,-0.9207085863294124,3
-6.5733632152444,-12.236802580222692,-0.0980036467144601,2.358148350306383,-0.5560999790489032,0.9182332629628382,2.581342160123428,-1.3793708557160202,-1.270418520159315,1.2444996572421565,1
-6.143896227794866,-12.44047333260398,-1.5631306291351357,2.094275567157469,0.225287764244366,1.124071182008216,2.9682747708077115,-2.378960696162151,-4.422037504572906,-0.9370653973800164,1
10.400943897427432,2.3481754809386324,5.506320467057729,12.254707324752546,2.1176201200047164,-2.0055798227634565,-1.318155405379126,-0.8622649644930716,-0.6926421566439044,-0.6814379296804598,1
15.116052955784255,-0.0758520261830646,-9.361549094926582,-2.257687249538933,-6.860528774120603,1.033339862976966,0.3549094454040024,-0.5198624423613781,0.2608530958211285,0.0576442736280533,1
7.858986368722992,2.868687986644016,6.9422527550716335,7.509150678648854,4.016589433946276,-2.2705672363141907,1.0666215159545949,3.142917794973151,-0.3328108035919814,4.384854326845126,1
14.280978052024436,-0.6283350395806075,-8.031795493842324,-2.6523247364745703,-6.452600035699448,1.5334147529491489,0.4586564757862021,-1.0321091432230665,-1.692736493781431,0.9757156764417948,1
3.227517243045062,5.074031386922837,14.817742607719111,-5.450603602718295,-1.876033424779337,-2.132344853264469,-2.8798500796777278,-0.0914996209053741,-1.3522431713364054,-2.918526239211044,0
12.412052314571405,-1.2483292037560074,-8.825643930689756,-1.0037797493724827,-5.613914013239736,1.9967630128010985,-1.1963991893123334,0.1390516143987358,-0.8193351449130575,-0.1803321012739714,1
6.863512571419221,2.453389503221989,-2.464162046443953,-6.294549265498205,8.32448779639887,-1.3117219397405568,2.004557713265628,-1.618005359876339,0.7308164459386686,0.576590484501777,4
5.763994520326508,5.387345592656892,18.224228377989625,-8.657291435175823,-5.437163699229723,0.5587192610250784,5.822300614707354,-0.8464667734534629,-3.1844745359714324,4.443486583606588,4
14.917019155954224,0.4682576157900544,-8.640957861552112,-0.382446064951736,-7.813348543407689,0.7357363633204983,0.7366442402286179,0.6034458324998514,1.5438504389459415,0.0107605715425143,1
7.78316552442688,2.439771594568396,6.904257032749829,6.881479522716057,3.207346513578897,-2.25338722175086,0.6335642268490583,2.4174680466400496,0.1062813166486386,4.51651740947402,1
-2.9436587794532216,-1.3107430165668337,-3.841262222278604,-3.903358608575557,8.570567945342766,0.1832453101977387,0.7715632565201594,-0.9449858207953928,-0.1026861178422597,-0.161648690907156,3
-8.580730477459182,7.851839578672466,-3.101498529065628,1.5567459344740606,1.0876534209352262,3.1450794825514703,1.064872825846362,0.4145494706476719,-1.811519301823156,0.5338694259025164,3
-3.2593099033654123,-9.344785794224116,-1.517533909347669,-2.926108399428954,0.9209252162609236,1.1465164406752308,-6.248042144788025,-2.326203865074288,-1.5208870724180277,4.3779176925833205,4
-5.173194418261353,-10.676703101265629,-1.7726911367512488,1.2923446019769649,0.4508185505857879,0.989892739511235,-0.1392164374653219,-1.6439936890132203,-2.882923586425992,1.6632558303347578,1
10.211493283283705,2.232368334613528,5.442384419458689,12.547025025381162,2.0860487551069054,-1.6645800791423833,-1.337740561004764,-0.7948145005532716,-0.7090018179463576,-1.0550740226113264,1
-11.810731471540317,3.506610561646353,-3.585262780399137,0.2077191393945091,-0.6062897459051761,-4.5054191958938485,0.9080313422642105,7.150613496544494,-2.732199295906731,2.5956823174302155,1
-3.21941349763836,-2.5603062311050926,-2.5716877692344875,-2.157033626624396,6.115364600334327,-0.742015953517785,-0.7711365808883476,0.0324512996181536,-2.2166821382466835,-1.6387285350223488,3
3.344473275963203,-1.530229359146449,0.2424124122822406,-5.401079377145624,5.101634838661734,1.3543551707439612,-3.7790769490399465,-2.616015952933957,-2.40010491429497,-2.3621776314674263,5
15.60665513974479,0.0992743814370995,-8.826015651293813,-0.2717993049563629,-7.546349488186654,0.8899636725673177,0.1949113426849854,1.2801854364541243,1.1771125620091951,-0.1492951766201378,1
-6.607312019127497,-11.007366332196176,4.0875808992588265,1.8563818457939696,-2.335768998599646,-0.541962228183992,-1.3416351204317818,3.084606741693604,11.103449113554246,0.0363415086481908,0
15.07526699621348,0.1834427108592386,-8.451364406303428,-0.4991567466751851,-6.874924902942525,0.8421095185290218,0.0979916725856162,1.560078111479229,1.1355050279087555,-0.0891511281901254,1
-11.603203391897749,8.852490870332765,-3.391135870899959,1.132241577100269,-3.254976407211681,-4.196576561071812,-1.2983585673378404,-3.0897682627325302,0.9826702910410204,-0.6248535211230295,1
-10.946447362598914,8.196655708967054,-3.4212808161328865,0.3474018004884719,-3.0628930451228342,-4.2599613673203,-0.953660971412792,-1.6296479202324483,0.2374782970639998,-0.6701234599968156,1
7.880838984415747,2.802185657328621,6.924349564709745,7.850988449917992,4.006974944448326,-2.443985790475707,0.9684582420824852,2.9100575830884843,-0.2618834835415604,4.140386951228293,1
-11.314881795166128,2.735993740345521,-3.2911199231203865,0.0186488335480749,-1.039286111614304,-3.818969263882346,-0.0230794778690603,7.440187251644169,-2.8036199433788087,2.2487698574279027,1
6.525932928410608,2.1465658537944687,-4.2293899701045685,-4.352400036688448,9.587873438623763,-2.1336408280352086,2.4023339755861417,-0.8944579786194299,2.2730778950552795,-0.6978261661523081,5
-6.556931631407517,-11.16387486290802,4.064483611239711,1.6093147866944733,-2.531263529466892,-0.3905393227516657,-1.0119834455845629,2.983170204413216,11.450832163867606,0.3278752613792688,0
-11.795515084996175,9.501373496144335,-2.999889218914754,1.3658954796320133,-3.475000860170577,-3.616570196922402,-0.8819939818598642,-4.96731170228666,0.8441525781735033,-0.3726882471872656,1
14.497407988401775,-0.6713696505234538,-9.00859826419464,-2.010038478055692,-6.570996490952903,1.2092462226584255,0.3213470106144107,-0.6533996919856189,-0.4720804109505286,0.3947076470827613,1
-2.0531014301343493,-4.638868472167967,1.354740603984412,-5.965489357318434,2.1779132031021926,2.943283587096144,-7.433141371085994,1.8265965994835949,2.9181049554045804,-10.539216827424545,5
-6.68308481700018,-12.37434780750366,0.067903051595945,2.410313736928698,-0.7106942191700862,1.0137942090359404,3.0257738531339475,-1.2713780311324283,-1.609836552871819,1.3763013698887134,1
11.060964873371198,-1.397191451944375,-7.0058392514656855,-0.8874170849265509,-3.079145395255751,1.5600515993721775,-1.7857146295603976,-0.4482719583910086,-1.4178123223551218,-0.455875699222565,1
-6.307418453509382,-10.940646924510837,4.327943660691863,1.0262622235735948,-2.4333731627264314,-0.2740157186333437,-0.8276607932741176,3.680869640159568,11.406896495395747,0.2364381574316268,0
10.39469869562454,2.3536323347212846,5.468323552530268,12.254551882826927,2.118536116803208,-1.9524329107065463,-1.353584722482837,-0.8867009937412291,-0.6285258244249051,-0.7446641500731467,1
-7.08314631212271,-5.012912170065952,0.8281776425393352,-0.2567090042239344,-0.5760545111338463,-0.665848245937546,-2.0912509416434117,5.329978971721365,0.2661895070905323,0.5227709761355545,1
-3.029438303853908,-2.812601958034325,-2.027032767941101,-2.059898074343975,5.754813732881702,-0.5689088998570778,-1.3838491117951477,-0.304496606927005,-2.6291956031514903,-1.1722002790744177,3
-6.183159313485096,-12.285296524529386,-1.6110463325378306,2.214732193402871,0.1677118304602358,1.1961480793627703,2.9221678607435555,-2.268510993260428,-4.61100439050218,-0.8369613902138017,1
2.7439563297027205,4.775931516493452,17.553154936632993,-10.623679079183711,-5.137887606058388,0.8939134625564125,2.7177789637525875,1.3931192451416288,0.2791089852084888,0.6380411771800548,2
3.2167567206306025,5.72885981362206,15.321047413555696,-6.272295532533883,-2.436206457740401,-1.8409601662937825,-2.682910577948764,-0.5748039956570452,-0.6411266448544124,-3.246215800850426,0
7.173594571169912,2.952138628704704,-4.582335273944373,-5.403666377127865,10.48478956316062,-1.169246375157282,4.616647813572516,0.4578342684164996,3.331504818233691,0.7772420362830104,5
-5.219604898823794,-8.747872186287601,3.807816739592981,0.2999832964361092,-1.2573361938902947,-0.5281559899543882,-1.9102630394318685,3.2769260761487025,6.218615343077487,1.3739375724814642,0
-3.403509912435426,-2.042417085413615,-3.0694732523104413,-3.7955133042630393,8.323907116771805,-0.212174010396332,1.357587786576547,-1.324026696182221,-0.1302041713648014,1.6103657037179484,3
-6.176252122527301,-12.006955139910511,-0.6031173506160089,1.2389419687369885,-0.1727705884902327,0.943894043427283,1.5003469200938209,-1.5022318930094642,-2.147227990096206,1.9649775126749045,1
-11.823046724712071,3.5277784281056404,-3.5868833387216097,0.22989163335742,-0.5738760255776149,-4.674322308675001,0.94398614428329,6.976775874127856,-2.7540136389280674,2.782216975360463,1
7.313411834422974,3.059945973752587,-4.897957439788366,-5.02595899897425,10.202462448372597,-1.297271808293221,4.3815143174932185,-0.0346704666418418,3.3794917597680745,0.4596303478863038,5
-11.602159191300723,9.026330528986769,-3.126522316325697,1.5594762159643765,-3.311414710661954,-3.862645439949352,-1.0781509051136562,-3.514004351767549,0.8368393758485542,-0.4419506434816626,1
4.783096541919369,6.0107168094973495,14.635115066151862,-3.5871609381000744,-3.4702313125180466,0.4977821950412443,1.8737251370478587,-0.0016818533431204,-2.392437973299581,-0.4798746327830779,4
-11.556274959589077,10.196108949990618,-2.651297730794606,1.1488273279662626,-3.886077148323806,-3.6459430688327648,-0.87313588031362,-5.346694474015275,1.1314133546299177,-0.6024377431766317,1
-4.105239944390452,-8.843407167805982,-0.7618973719735623,-1.8476878080036996,0.4583310768060606,0.1669556641290512,-6.74235622402576,-2.383044112870318,-1.0860474975091463,4.476695551311588,4
9.389508175478031,1.925628373774892,5.988438707524246,11.58603309539478,1.9980744386801397,-1.381271842062158,-1.5666058465581227,-1.3606603035011635,0.1678442685337937,-1.1455163924245757,5
-7.368251521887517,-15.662765697746607,0.2495394729969417,2.843035765430042,-2.397842926136628,1.2708829850180798,8.984989548797873,-2.543906869976848,-2.263207654924063,-3.4842175342924504,1
-3.684756235524561,-8.39908161847789,-0.7476544610116986,-2.271568459625065,1.726795503023304,0.448765071705963,-5.9363326185761816,-1.2316534822626313,-2.1643793567044227,5.302093890036117,4
3.0096386258072285,-1.4495520627626888,0.7579174473077218,-3.775072552229181,4.175183816137445,1.400163005071675,-3.89564414067184,-2.2701099081717966,-2.5156250006116254,-1.958446316877468,5
8.033141059889676,2.0321752930682693,7.700471531749161,4.231428205325956,1.9926169262510636,-2.797740380978687,1.6111070275819566,1.3509566462830511,-0.1300981878641395,3.8449000214905977,1
12.50766418174411,-0.8421730591529752,-8.521015516619213,-2.184284423430568,-5.691659682793493,2.081344067452464,-0.8577539203955744,0.3661562184343385,-1.4627049345440142,-0.0334989834861653,1
3.712071587549663,1.824886149493652,17.838029780029405,-14.08978816951428,-6.615346564475604,2.246659400791941,2.8073667950837744,-1.076749576243646,-0.6151121442963667,0.4984726616863268,0
-5.924944663388368,-9.556166062577484,1.704449670844762,0.1046454093080059,0.4144532676315601,1.2698494866655503,-2.046364989630497,1.6642494717525664,0.942389578865062,-1.974627260453519,1
4.833983738094117,6.240385343006792,15.924424404122163,-4.851952296209869,-4.4200175961116175,0.7949446405967329,2.783502024087032,0.2840151782526647,-2.1182671190590425,0.2546489647776974,4
7.359764269508322,0.4003879022248571,-3.344920109298003,-4.661136311463749,7.028941627686173,-2.207740741185936,-0.4594039344649567,-0.8823548715045767,0.5184710833706218,-2.219162244254933,5
8.040544293302585,2.208453453542976,7.744461790665288,4.835644238654555,1.8540861133081168,-2.928524668780152,1.1729612400106275,1.009119951240878,-0.1996229268872342,3.689953778672958,1
-6.846419936421829,-12.322476133011431,0.0665173892290285,2.534040887383137,-0.5691962654259313,1.2290269144971837,3.159986283226785,-0.7817943300178911,-1.9013888873698024,0.9431561264197356,1
-10.88853583595506,11.82021308245887,-2.9072349469578387,-0.0717242859325903,-1.3935795199911805,-1.9927942722155807,1.724404108075743,-7.409915890250972,3.385961787385123,-0.6694827511279754,1
-4.153484205028389,-10.015121930297418,-0.4043523731580454,-3.730174559694897,1.1397904553073888,0.2636233027810567,-7.924937358312941,-2.347135829363167,-1.5992968287692737,3.808842655861452,4
-8.205527987273904,-13.395611846506291,1.620581087504363,3.809349960780138,-0.9036529912320967,0.4379978162513887,5.18996616319989,0.750762897999676,0.7647420516648792,-1.6955303957403471,0
-6.624109190763721,-10.268154989210224,3.583644631839832,3.0482040592799686,-1.6572121041743253,-0.5307481834227697,-1.3231299621904866,1.4150628962976974,5.944245833695386,-0.5816906743134043,0
9.697765090383212,2.3211075382879263,6.387310642091059,11.576731107712678,1.9665710229497024,-1.662791895525763,-1.6102007283357558,-0.8157986939875547,0.3325141179933787,-1.5710542753204455,5
7.301857163493664,1.043202521343621,-0.6450215945496847,-6.3221434174931,7.036767676781791,-1.0037736407900182,0.2604566268114885,-1.0087521221084934,-1.2131235132040872,0.0826462185895359,4
-6.356591724848678,-10.924588243643612,4.191679001806938,1.1045348562529498,-2.4204475632753986,-0.245881532696935,-0.9132018916302632,3.607773133546879,11.538751790170071,0.119420478709822,0
-7.044842841835513,3.590829194605841,-1.7403524276410771,-1.814840807844572,2.140021444120052,-1.3197829297466648,-1.8219224948674808,7.318181234531869,-3.807382964084935,-4.399391600945695,2
8.727340889212403,1.4966388866326457,5.714974471411867,11.66431374707218,1.9168822434170651,-1.1810104465110856,-1.5235607384778496,-1.4898743653034852,-0.3502111109992075,-1.525140656035945,5
-11.355362668190883,8.711600071805627,-3.682156036990748,0.6426566566950425,-3.2168509000146948,-4.117558027149129,-1.238150953686046,-2.633932750131234,0.8403590333551083,-0.6916846147670702,1
-3.7959106277643024,-9.089903004202878,-1.256208330249132,-2.3390979640785443,1.6761922602521204,0.6622568089508777,-5.794970109619086,-1.765185107466088,-2.214086294552555,5.392120664362858,4
14.478430536732676,0.0259033963767513,-7.736723497432557,-0.7768631587186711,-6.387496565084015,1.066995759038156,0.3401654843286646,1.433496415055321,1.3737007778271757,0.3727000832758529,1
-8.651629790094098,12.14280646102581,0.4121421581276301,2.172051462941312,1.3893390067459,16.046416844978378,1.7541952350987322,0.8973268703294659,1.1843434300028426,4.556557078803166,5
-6.446185621501812,-11.003046671149423,4.680986942143144,0.4482531752017653,-2.592961557363928,-0.2049600915596084,-0.8000698317856463,3.690998789940416,11.275249368952702,0.7263110764177888,0
3.3323842136542683,5.725209727364803,14.61315834166058,-4.938345986317259,-1.957950517214154,-1.8324323080241225,-2.1263109051424918,0.4086891160631455,-1.508983646843775,-2.594965493110861,0
8.11482483202691,-1.914237783873248,0.2597131958711098,-0.1056536005738553,-0.3317388144643726,1.5497421763350958,0.0296155574319905,-2.360054998010994,-2.1400599952307893,-1.2426301659726042,1
-8.987557728112318,8.556240660234723,-2.4586128661141378,2.127113222321132,-0.0650270609178428,4.018755887402328,0.8888387183558579,-0.1492013781203379,-1.6359543797619962,0.981236772991632,3
3.861468123115668,-1.2984490397138708,-0.4716906698571461,-5.452755240289215,5.384413313853771,0.325844038952759,-3.5931937050546328,-2.8131196219434376,-1.9250983372874664,-2.0692639250639555,5
-7.002354376038426,-11.064832737373049,2.8046875192622385,2.8976896841987165,-2.3116720998119,-0.5407832191241209,1.9383069274111075,0.752866772002457,2.8905720759837616,-1.0920362446069598,0
-11.956778775448509,5.623218426515386,-3.45970513847656,0.0434355305105408,-1.8968726993904828,-5.054185060657713,1.5563870415074963,5.908213134586832,-1.8081746955492737,3.074621692402899,1
-7.770408607400982,7.305287334099438,-2.4164337277467944,-0.688630364329275,0.4897405258723762,-1.3833927690543482,-0.9193668859283276,7.842882240184385,-3.197865480031366,-5.101020720247397,2
11.70557503171977,-1.2994720736196794,-7.789027033246072,-1.0495844543220196,-4.38390883964779,1.8383286897855708,-1.6307831433261224,-0.1277528618959088,-1.170744901012722,-0.4348226900126752,1
-10.910281934990056,10.914925796177128,-2.2183059659309072,1.1552533457937766,-3.7659278951613655,-2.77899808701116,0.0103826293308272,-6.306396908633867,1.415168693648296,-0.9750037576247772,1
7.322393461923998,0.3087602160845324,-3.5001881239996595,-4.52285987159606,7.306879541967623,-2.1840716985389688,-0.5753889100171921,-1.1785623244566337,0.2413408717938784,-1.984089235384142,5
-4.008138591806347,-9.468574931135311,-0.2746852412989882,-2.6578026510685966,1.3066683506431347,0.8459079388371916,-5.234253830657726,-1.952799507746393,-2.8498749632600044,6.519041380094802,4
-8.147309599266936,-13.945713755343352,1.415881474848871,3.220493901591358,-1.0291722908471634,0.846099240564795,5.875684750823954,0.1246667694234889,-0.2949157827832229,-1.6884175196767313,0
-11.099400475987602,12.185088002770682,-3.1954488376393155,0.1773816396088118,-0.881498523403791,-0.7737008703669811,1.775086828454738,-7.282817960009892,3.437120291812613,-0.1278699537057926,1
-3.949867760511351,-8.967915304097636,-0.68122844213893,-1.880556422351927,0.3652756001163085,0.5068738277436265,-6.254244420425477,-2.617672295811984,-1.555272839910513,4.640093599195425,4
-2.874891469182989,-1.7087988320487366,-3.961235850674825,-3.279167282778713,8.306579844740295,-0.2785693039893283,0.1063431186810221,-0.6636668502448829,-0.2818372388153445,-0.7197586644789717,3
4.731088511124997,6.079039381310445,15.371333840630786,-4.279789434765224,-3.95106798249017,1.179679603522813,2.455259505785349,0.3396317644539339,-1.925871636997991,-0.1158526391777377,4
14.521334308253817,0.6380925920028837,-8.817641282983839,-0.3963591463225613,-7.316011799063182,0.7507096125175406,1.170861879521258,0.2286136728271987,1.480733201044311,0.6485506956945464,1
-6.296219191139411,-10.509096183991623,4.020595843202327,0.7703368182946242,-2.0724079286498496,-0.3363028341984269,-1.275163408383778,3.651884543533389,11.004568202404506,0.5048371723109258,0
14.151188970272033,-0.8700440775297722,-8.610414739353125,-2.4457518355106145,-6.0753163193169,1.7480786417658225,0.2384102756086065,-0.749791925147882,-1.873621935473473,0.8612716575573698,1
-2.3992616133556828,-6.054977350867705,0.6805991313903013,-5.010032145034997,1.7727499067697807,1.8677605474674963,-7.71515076875542,1.622381727117867,1.915045524777808,-8.821117579183088,5
13.237161707229752,0.6972703421428927,-6.782025750135207,-0.8771486386753008,-6.330501333607239,0.3985373795017735,0.2191072808016851,2.6806489979869514,0.2712490340420078,-0.5543367090787552,1
-11.419988618994775,10.576444008641772,-2.2376604657893653,1.1274896967173278,-3.8382877815281113,-3.033357995419147,-0.5277700193937384,-6.14630578132196,1.1240858292001823,-0.7452232462257041,1
-7.120073659675424,-12.553104854822378,0.4138063559471727,2.434284318562332,-0.770091595728765,1.3377783172157678,3.4588059549167265,-0.8788390313041821,-1.768975029576085,0.6771732551172811,1
8.793767567025869,1.5221270267561733,5.657861605776746,11.626064678168191,1.9692233132664672,-1.1679367655661723,-1.4804969093808849,-1.597569791607728,-0.2343405990436753,-1.4028014325756943,5
-7.609161501993775,-15.6640345515908,-0.1218930049904945,3.0232179093943823,-2.0293964797926285,1.4102909870862663,9.82267731298531,-2.685665086109693,-3.338256791686455,-4.270066739128022,1
-11.987730134188238,6.307170087655404,-3.430739911002705,0.4728184222530969,-2.79085343968005,-5.454050784823022,0.8196753930486651,4.087650148246304,-0.5299797776776707,2.2115936307510577,1
-11.081979008221724,12.130121769299803,-3.179133459845701,0.2663598292716761,-0.6561765157380887,-0.7323906892492538,1.692394998627691,-7.130804999860924,3.3198464117897637,-0.1378703783542159,1
-11.998911814528846,4.094252476421169,-3.66702638380849,0.241597939547789,-0.577846726217471,-4.935767758616346,1.3624380676183208,6.515081810166486,-2.1857019973513703,2.9660869435315296,1
-7.419013827026426,6.941945811184603,-2.3547368784759715,-1.0698511080548263,1.2881579454022047,-1.703351986557354,-0.6660416765818643,8.176025439752532,-4.140308952599832,-4.591812443201592,2
8.951132590568614,1.6635702257091864,5.817851458717453,11.61662847870966,1.997273174076148,-1.270175022646136,-1.490015717636226,-1.4680329490087014,-0.1330429233122123,-1.3471316543497385,5
-10.906945067390172,11.034265000639191,-2.0662637880800387,1.0519168381901054,-3.724327966146589,-2.4984967147643062,-0.1226823158617892,-6.383986972348898,1.5965424026150028,-0.9662614525637108,1
3.3176761340668293,5.310025822053739,14.395961156180768,-5.1596552773584525,-1.8212463188467536,-2.2283263391143784,-2.2568643466894494,0.2509167901440344,-1.3048305035369103,-2.6623473176798087,0
-12.001494998493431,6.640024055635202,-3.661862232096516,0.3510857061417525,-3.0107131531331763,-5.14256634775059,0.6094029009446795,3.5196761098000717,-0.165814264470049,2.620298788125471,1
14.74909226222698,0.0673879108001007,-8.401496110829749,-0.4434212369594445,-6.684848088928412,0.8513096813663424,-0.0584400401759075,1.6941127131929532,1.1308798794330874,-0.053720792256415,1
-6.771122907395286,-10.442835700772973,-9.498612342981348e-05,1.3479175334694684,-0.0500253213981957,0.8560300235934929,0.5268885790535099,1.7886645451994343,-0.0626538200166708,-0.2786887854815533,0
7.759594497923,-1.9015459840637088,-0.5476899476222221,-1.030028793656422,0.9189184331863984,1.687633480253993,-0.293622608637696,-1.8673598680204164,-2.0399839941055866,-1.7290138944631013,1
10.909051387190043,2.403235146108854,4.998636915836111,12.363954369798607,1.7649293233132302,-1.874469999847317,-1.333083625360442,-0.745999458313173,-0.6577619055383621,-0.6411284414000292,1
14.12792365873322,0.368720477783127,-7.475500841128548,-1.0478892523439205,-6.4499621132301606,0.8892723593063222,0.6267723124621833,1.959744136985356,1.162644465331845,0.2871343617343413,1
3.3502041452220617,-1.7024233125534745,0.067973483372282,-4.626270168230036,4.823770073529487,1.405090534044222,-4.100684608051852,-2.7937088359321245,-2.229147828816662,-2.460704681011893,5
12.480112795136616,-1.0039369004230918,-8.730974624023451,-1.7434581434835263,-5.740870750412468,2.115058374368247,-0.819437845296417,0.280771410483351,-1.1950574883839329,-0.0566089113187787,1
8.748502645061865,1.4854008100611014,5.638447930916296,11.654614183242328,1.947431584332142,-1.1500683696831082,-1.4928533071719523,-1.5942060567675855,-0.2923122471602997,-1.421903359666104,5
-7.136743300608197,-12.517589126220615,0.4755354793605105,2.3992311074454347,-0.8573490139613336,1.4289756104780635,3.487520205301171,-0.9262508266942376,-1.7794082477006912,0.626569862599138,1
7.696735462896404,2.4134874611021133,7.271125884285221,5.18975312671441,1.993127695659428,-1.867164237463503,0.5065060833233664,1.825588958588156,-0.952708780456048,4.606673445927243,1
14.870904191339012,0.546613527075421,-8.585777024786566,-0.533497555292308,-7.669215871916962,0.70639003963185,0.7680272369882873,0.7709672411080362,1.596719999052839,0.0136898266585564,1
-11.43529706443134,8.922146460162942,-3.502407307643561,0.8814581450077689,-3.322191588304768,-4.121708271068224,-1.0778788904037615,-3.01560851760336,0.8084196623029589,-0.4660803842476969,1
-2.782198389883835,-2.723180781109162,-3.07129680426996,-2.3397506023599246,6.777525390522159,-0.3727555778706913,-1.087174008452427,-0.0309052017281047,-1.7168087197843762,-1.1872682301216275,3
-11.57365591554704,3.1833054752344045,-3.606794563823338,0.1088943407735802,-0.6240312585211895,-4.323457580154299,0.5035893981137584,7.0215597170583965,-3.031180393755886,2.266906150708463,1
8.787682235631978,-1.3754826022157711,-4.017622696196154,-1.0882380079216456,2.1581274129388794,0.8255479500112982,-3.588321600851276,-1.0319276231280898,-1.6746672882822304,-0.577254715524386,1
-6.990186337925283,-11.172132582202508,2.7001866790283238,2.922597473233876,-2.2780115975116533,-0.4776157068167933,2.0366731696725777,0.6651215044442789,2.459248126843886,-1.1476895972834265,0
7.532234749005392,4.474042350338492,-0.3252588943249809,-7.770363318705497,7.830617952881635,-1.1800262793285252,4.60760868282254,-1.9258103853875872,1.2321528768967422,3.3907390062549467,4
8.103627163956478,2.830880176462085,6.697124480933385,8.412524785354872,4.349492392911079,-2.5885140565782776,0.5306349044367918,2.8933556180988886,-0.1580351845111884,2.7201250069844405,1
7.320277122017488,3.0534147656350257,-4.882185073125902,-5.060621580604546,10.252552631121365,-1.3132251803309705,4.407111321257208,0.0460201383898248,3.43722020614828,0.4848985214125479,5
-2.144370097027112,-6.757654453113991,1.1106997686362086,-3.671291979822745,1.2813208454626828,1.0970313478858844,-6.439247255998031,-1.348201863074827,-0.651381510391226,-5.481993216456436,5
-7.69070946773028,-15.157738096972542,-0.1842415317984959,3.107164302930116,-1.9024585989867044,1.1896895122501596,9.233952008944735,-2.601143806606463,-3.7453058823785432,-4.412582017392253,1
5.613874542655707,5.625788169993334,18.293352408882424,-8.614199760306624,-5.441934764954417,0.9914457219776812,6.118380749734743,-0.6542784089968713,-3.310844886670455,4.558455098763974,4
9.093470352081592,1.7585617288327755,5.8422403474216384,11.569979003106226,1.9708141671970705,-1.3121297351993384,-1.5393495895914742,-1.4332779929966084,0.0400492675977818,-1.252201085954476,5
-7.081242977589644,-4.994961378323278,0.7501460467964453,-0.2733548726108095,-0.5261750893902276,-0.6918063524196978,-2.123611820991436,5.277358868034014,0.3743378041234165,0.3538894213690293,1
2.541522637332717,4.24399850374243,16.021615961010383,-8.60593433088607,-4.390312794316898,0.8190858362287011,1.1735083157230486,1.3466135274537954,0.6828219558441904,-0.6974026231520228,2
15.373572263824252,0.5854451638232704,-8.805587506172884,-0.4004188947076935,-7.941837660471553,0.6934555838398296,0.5243925886235904,0.9510523857453188,1.4627951651998157,-0.2015837862543997,1
14.19165729588208,0.5474648818978064,-7.543436383258856,-1.2727188519763264,-6.433728135688654,0.8477579365025932,0.763929445847864,2.2928333845475874,0.9758407278632018,-0.2672080651133398,1
-10.99903153217154,12.154456616614274,-2.7479245629678752,0.2010874245498156,-1.3122774090428204,-0.7235430323636527,1.8200953638937445,-7.621569567702603,3.600855937062978,-0.2490992750122653,1
-6.076258120209748,-11.841387871117728,-1.6410159510681797,2.410613321934978,0.2405826780299134,1.2849184550089618,2.6545539801604714,-2.2789075771501803,-5.179451287755655,-0.5992943338436555,1
-7.425797033544807,-15.738490178162376,0.0527074294703694,2.9023109223099364,-2.294112309164697,1.5060036405891983,9.688060296191107,-2.752552398786011,-2.839407115131678,-4.242926077420623,1
2.913605723299825,5.696571663907337,14.692123844293755,-6.593992183228438,-1.5918071241283545,-2.061580771053504,-3.147824314621724,-0.6850237880848902,-1.3645473818853244,-3.3333534060626846,0
-7.593047741300516,-15.38265409184043,-0.1719359609990655,3.076602452139564,-1.9046111354670527,1.207620254393661,9.264492367379704,-2.8011749671446005,-3.692413898743612,-4.20130832196766,1
-8.006163317186402,-14.160064988151134,1.4037039404684843,2.341644393111748,-1.0598024110826731,1.0716391715493705,5.665772492000402,0.2581096270529832,-0.6784174844047967,-1.241476607600246,0
-6.742625122778874,-10.671024514433118,3.082979122048453,2.776470079411212,-2.25143385613072,-0.5361158804432542,0.6548661996747026,1.0449590556129362,4.396666952822405,-1.0727504899220572,0
-5.32500499738893,-8.939471025523375,3.741401496452956,0.3985092025452179,-1.2222832951930005,-0.5230454557508291,-1.8578610519532135,3.4091061386951598,6.755484882743075,1.1312614237168117,0
-4.037872639898883,-9.580167092173822,0.1393232474475098,-2.841687126195602,1.202172446221429,0.9053481939202686,-5.128236760932952,-2.042912854065237,-2.978407024532764,7.122319066922986,4
-10.018258946586496,13.12202905564827,-0.1485352559409036,5.108218389386994,2.268459588482997,24.8014571424081,-0.5820145630363212,1.957765173616804,0.6556061274469244,0.0011530316533236,5
-2.252559866433966,-4.185841220262033,1.6908250957577384,-5.5396938449718895,2.580264397844584,3.574997832351648,-7.369152453412133,2.534715680911186,3.343487648771519,-10.2543443238711,5
-8.026620572257308,7.433648659090796,-2.429953457243764,-0.4816344059599256,0.4315570187508757,-1.2696358876440823,-0.9248512186214528,7.775903601345161,-3.0819056387992685,-5.1106866130551385,2
7.340418029415376,3.898448685846447,-3.39991428182003,-5.072376881703118,9.594556366303989,-0.4574901108496062,6.44752546220631,0.6509537000113099,2.773789001894474,2.1847727269138075,5
10.315898200131125,2.2070807556688097,5.5352344601197325,11.930358311348712,2.09724472355115,-2.1055210299108857,-1.349841429775589,-0.6749395904775932,-0.5704928505496407,-0.1724359649803417,1
-3.934570660365677,-9.369305426188047,-0.2400880210757195,-2.755917139580348,0.5727935290600368,0.1634668839385171,-7.339052802226992,-2.467725606655467,-1.327166540307308,4.368493099307308,4
-7.058842385900071,4.465451705786154,-1.986351852348772,-1.9187694013007843,2.0723983971569724,-1.5919793983430617,-1.500043265035493,7.823379709599921,-4.427960746237968,-4.346986707253708,2
3.026757470656963,5.556948523507126,14.765779751900178,-6.0584979946434485,-1.8175424915514784,-2.0083793752485044,-3.076054859336323,-0.4551791425030079,-1.4348068300025292,-3.2922579375546315,0
-3.35879869564252,-9.137179500305685,-1.70386029228494,-2.494054729070292,0.9580959671525212,1.0565612384398917,-6.199156964422005,-2.175351451186104,-1.2958261618541986,4.329644312657078,4
-2.3787530463138977,-6.315471281027385,0.1821943503893264,-4.951962384961879,2.039520126899104,1.984996104934876,-7.778274164994006,-0.3080186814784093,0.4967013560791763,-7.837239920355386,5
3.2940767284599826,5.298154644393649,14.369901501320935,-6.01202949643459,-1.7107684257247144,-1.956166815341888,-2.59517816136508,-0.3423233953706676,-1.2481519680813704,-2.870094623223621,0
-8.278581906459653,-13.970556093690718,1.4180850865509245,3.3588986745450025,-0.9164614736106608,0.7908216694454017,6.14654038496373,0.4400522714122029,-0.3930093078999739,-1.7225460611474863,0
-11.005633467920324,12.30568697952172,-2.9358955808584146,0.0753363627175471,-1.241091105713913,-0.899263968817971,1.9022416185310973,-7.380626824451881,3.5186490065319576,-0.1529456493402693,1
5.8675450246804255,3.935891810896435,10.392852710962362,2.473608072742989,-0.9305985975767842,-0.1230949998473499,-0.8863442658057802,-0.6076069334789698,-2.1998192445643263,0.5741596038570141,4
2.91437735291029,3.2773269200562574,19.132726858612493,-15.269477216306312,-5.942082859319743,2.2293153777409187,3.240025216054689,-0.0474015475026834,0.1713253957163348,1.4192758032544597,0
-7.075854313860357,-12.4026433838241,0.2413598998143323,2.3794591636407314,-0.6495312414725127,1.2625575000190314,3.3844374041033145,-0.8037575532591839,-1.9956847202986487,0.8779293238193778,1
9.333089623859811,1.3985976905912296,4.812685260070095,12.361673171567602,1.9206388074522944,-1.1473275304952306,-1.186159791843951,-0.6178597455612715,-0.6133338883214559,-1.308973945434475,1
-6.185059324978399,-12.161873320614031,-0.7459923947991715,1.37975096072129,-0.1695523766687813,0.8753805878071168,1.712082351087329,-1.4383336877681867,-2.217144568093951,1.6519008137202942,1
-7.338162290969784,5.366060622530229,-2.152837420902291,-1.7924293099246784,1.67935697540758,-1.8531995218997472,-1.041159669800645,7.896802374270771,-4.5473613629802925,-4.306809870215822,2
-2.071922113606573,-4.466132430544724,1.530940146729384,-5.90762481346506,2.322128944515032,3.276140236584676,-7.447254994068387,2.030760775199495,2.9368548626623387,-10.466489857906732,5
5.952047406304706,4.816508291960249,18.73953784844536,-8.859732138992207,-5.404715875496374,0.2457902869465937,5.731454565705266,-0.6843491478487965,-1.867177504006248,4.7163474245983705,4
7.124635010291427,2.890159829246949,-4.837338532427065,-4.6031039293269735,10.030994121127346,-1.5566849106983598,3.7303043501317568,-0.2052670305129756,3.03599658262118,-0.3557577886536286,5
-3.024195725906002,-1.3593800611821591,-3.76436728131168,-3.9688989552461234,8.585005832361157,0.2316381496950322,0.823980042583198,-1.0766737641198367,-0.1899469003558114,-0.117931321775659,3
-2.941344540368954,-1.5373851534936962,-3.943005000528129,-3.547703448073797,8.348875907754852,-0.1956154811721148,0.3533079622163326,-0.6635087988366912,-0.2600059937996141,-0.5355518634795741,3
-7.615863338484772,7.23574972586206,-2.4351356670836557,-1.0178916217056388,0.7398191619452664,-1.5605241983170524,-0.996618827117006,7.989078310144702,-3.489368950611439,-5.13168308323475,2
7.261880008025166,3.3089062888591165,-5.003882814419117,-4.943626732339756,10.077359399902576,-1.228896162032148,4.432447503329892,-0.0138258957176333,3.244451102862974,0.3118349819564444,5
-10.962258670813316,11.498043836441427,-2.4930556909526698,0.6030977090773036,-2.3680087557934963,-1.8932339354204928,1.057781101698748,-7.473743149465183,2.874599951217325,-0.5893115587373375,1
9.015642941880497,1.7035935712001025,5.815853274168008,11.588252528081162,1.980919563878882,-1.2843811480350524,-1.5077789724829995,-1.467492182598319,-0.0445265679350151,-1.3044724891502988,5
13.206031224682492,-0.7971245648643515,-8.836429188670522,-1.967183586800241,-6.012493451194418,1.7297948957920324,-0.7287530350487819,-0.0129248994494878,-1.6812602769390084,0.2943798157036288,1
7.163532545731378,3.376170429165358,-3.617627113031927,-5.210094010182531,10.281502941127126,-1.1490550048851684,5.688670990630839,0.8849797413775395,3.492876222493633,1.6615064338666343,5
7.536475572361135,4.259529880471811,-0.6474394203012812,-7.101702367547398,8.486046305686614,-1.4665118449776982,4.138490299694163,-1.6711599245937632,0.931456902530763,2.7649153101021997,4
-3.541971135828055,-8.045075497334054,-1.335984272460203,-1.95505248635636,1.9992040218376224,0.5419377167551332,-5.918768056420601,-1.0381873851088943,-1.967374114400543,4.125751950930724,4
3.587328517455856,2.5575813744780045,18.837606329966142,-15.003880746234747,-6.677817954163605,2.223234412268224,3.397049470360596,-0.5288662116768653,-0.653379182283966,0.9380865915152968,0
-7.407377324324834,6.654781822223722,-2.1116958607041583,-1.0903117230694968,1.4154623102091135,-1.6406030040672517,-0.6968421750237656,8.164264614087275,-4.092852377817162,-4.34080712424158,2
-11.356577535320076,8.24516573503689,-3.710254185645546,-0.0543727993992498,-3.143038042407595,-4.754720696108215,-1.911746681792414,1.762031157791376,0.5929592607046313,1.0421475777118847,1
8.497374598825925,1.4101551481286263,5.639269714421611,11.597626306961354,2.0133526999521307,-1.1283430462181858,-1.4873100732216993,-1.5992529340500712,-0.5495936940446055,-1.4720815559464484,5
-8.126363515065574,7.364702632348256,-2.518239375212921,-0.2873562321054974,0.422320607821684,-1.185523994926549,-0.936616661236348,7.638867013735732,-2.903754780463612,-4.767978128998904,2
-9.84286315728192,13.06032002491775,-0.2308113323333257,4.559943554980942,1.9812313687595275,23.740462230519377,-0.5342874682978384,1.70626899269302,0.8112665361166236,-0.0962151087089434,5
-10.767407495399548,8.590727924357907,-3.873927950547182,-0.4063701296530496,-2.993303473253248,-4.164722424037183,-0.8149464437391752,0.4909543557894343,-1.0270040059115957,-0.3033637569027744,1
-6.230015095001897,-11.9586849053924,-0.8801823918713144,1.4029854123048526,-0.093338057888818,0.8965522637956961,1.4020843290962852,-1.6189251594433742,-2.323579605599781,1.2977758116525056,1
-8.740581814628813,11.100537000431917,0.1791396685809038,1.722350542564803,1.480681159636032,11.99046601173635,1.8813485303773856,0.5987961477983023,0.8568587834665132,3.897034258629808,5
-7.399763747333617,-15.62133986338392,-0.2231831242557561,2.8846050167455446,-2.0938341031768237,1.479763575418482,9.674681431802693,-2.713265081125144,-2.9444876468114445,-4.152686313288054,1
-3.276778424222232,-2.599072061414487,-2.4253397704350856,-2.06896444211244,5.977672999175009,-0.7495366278665778,-0.7196186121850483,0.0030495902423241,-2.189027588502112,-1.5972049180440122,3
-7.463978477525574,7.142050771994271,-2.319804895165632,-1.1351299389967016,1.0558550286263857,-1.419719447826156,-0.8026537357666089,8.14857909953827,-3.8813480705886776,-4.853524580742601,2
7.166808232427106,3.3300714505496773,-4.084085698614902,-5.523615935148374,10.402878039757573,-0.9902641226622791,5.57548407854291,0.7085830900306186,3.3615790728684933,1.440208753502343,5
7.817097734119059,-1.8070428305690671,0.0676340485860013,-0.113401112593064,0.7266359170238657,1.5418610704433393,-0.0560917449208961,-1.9907789016532047,-2.1189942139514306,-1.582058083327016,1
-11.090492106576532,10.939983797348958,-2.161761868267454,1.0970013719222311,-3.6076031054004143,-2.863982136196848,-0.1199813867403888,-6.532648682065271,1.5673221345960138,-0.8048752549689729,1
-11.8479619347694,4.1401185167085135,-3.289561913324583,0.5078161876613992,-0.7794758015066139,-4.976427200319871,0.927602887485686,6.721750290758534,-2.679268559592749,2.606836609334623,1
7.737340273994793,2.4891193879081097,7.340901004293436,4.843384261255246,2.2006825339633798,-2.893092745929729,0.6283739368015203,1.4074133773660429,-0.3743155903943268,3.954810456316311,1
-11.72975619542619,5.781156984863115,-3.5542885367692194,-0.1249730908464879,-1.804739024724037,-4.954320038508865,1.1378214836762963,5.348091791899731,-1.3503319325762135,2.271718465544927,1
7.197950206441522,2.953122329265409,-4.673011741393011,-5.392105771148431,10.421993297117552,-1.1912784768396985,4.517965437113428,0.3690637438771479,3.399219900836121,0.7097562682767207,5
3.441403886432689,3.109046899823895,19.46184623461445,-15.59263575041172,-6.627528463316515,2.281836725990374,3.751912859457168,-0.3467765903369838,-0.334325892573436,1.6137275076698752,0
-10.968514166952716,11.786481116276118,-2.3373139344301794,0.4150880694271781,-1.568594869477178,-2.102721353135732,1.5789525314367692,-7.679882045181846,3.050190169409985,-0.3517002116781091,1
3.33973880096468,-1.5891437927064642,-0.1855390468908297,-5.144480693280155,5.168659936637379,1.095263886660686,-3.854687612320962,-2.616168745008432,-2.3204401813678643,-2.326417337571893,5
14.920219444924165,-0.2503194581556901,-9.377430509646306,-2.3251844064856027,-6.9974831680850205,1.0887587902872666,0.4115896654313504,-0.6270147191303991,0.1753356733588953,0.262376876076112,1
7.773909860662957,2.535925220060071,6.985580190696059,6.905751084654146,3.3410288755529,-2.0943086086870304,0.7616305716220273,2.7337533372091616,-0.1185622079397309,4.795709807418793,1
-11.758266615470824,9.566776942163129,-2.787363294225604,1.2894248983736842,-3.78205524947908,-3.690439207684118,-0.9408420909907697,-4.840373257972194,0.8099461110806518,-0.8160462059820288,1
-3.2816838051156982,-9.4328075520004,-1.3426994435817292,-3.1497381017454407,0.8440467009650127,1.2113147988781343,-6.208932740728208,-2.3766936779919896,-1.6171740945845248,4.673135917496626,4
-11.774156745991956,8.962383372489576,-2.9581462414686617,1.862841630510261,-3.5033250588873948,-3.750211360271356,-1.0912675257233926,-4.070797014198189,0.6706858799237211,-0.5736186626109351,1
8.234586310317086,-1.419097668067372,-1.3551581385240965,-1.5317512307237011,-0.1961929408387304,1.9499417762685392,0.1915493279915161,-1.1478628343569306,-1.8513798648079056,-1.9850338036541904,1
7.068565212214288,2.4966240791051137,-4.674073362398273,-4.699339150845069,9.7756226478358,-1.7701561827569323,2.957508931602687,-0.555758833639382,2.8892580129957954,-0.7900624858983201,5
7.776063313798055,2.5324904079399264,7.318928816356694,4.76276981431393,1.8149056923117304,-1.7538859245060472,0.5777261107746622,1.9658151251683256,-1.2312256952377905,4.625720083860546,1
-11.630106691764851,9.302428221085682,-3.010009860672841,1.5120076274564331,-3.30786606832502,-3.979027104020389,-1.1607662623730453,-4.712695224189991,0.8263728466347222,-0.4243063423391437,1
12.608892792273242,-0.7476714563622232,-8.545857890082974,-2.2531109027026446,-6.016220007089837,1.967094365105374,-0.7602446793103469,0.2396904324660634,-1.7122448095372955,0.1892350381319166,1
-11.000272590710097,11.964264672293554,-2.490872150579757,0.3975057891156034,-1.5278018760105334,-1.9140369281611391,1.7127246025517633,-7.886616790609921,3.3500640659265186,-0.161969787238579,1
-11.808570918152428,9.282518913929652,-2.9146589241166265,1.7190410773616038,-3.469901066296591,-3.8295008201129614,-1.1675991055894948,-4.0390706431366885,1.017565819936884,-0.1781312832895103,1
14.281179913081589,-0.8015441566481826,-7.865116406072799,-2.494293396481186,-6.257364591830664,1.4077844658930496,0.3546885754936727,-1.0061520206120187,-1.620430817700072,0.8106569348293882,1
-2.157079546078105,-6.342385080381441,0.9635876038969392,-3.926096798153981,1.4462980320200207,1.3257409791286707,-6.737709827594933,-1.115897550466257,-0.8687673069143892,-6.298889654140208,5
-11.461228998406368,9.887420997689294,-2.5982493041896144,1.2627384349777158,-4.052188813485836,-3.610792769493561,-0.7777014230462256,-5.579484148885186,0.8985038529196329,-0.4603630519435955,1
