0.0007266680168239,0.000586568626617,-0.0022181694054594,-0.1185582394945781,0.0110373984993605,5.685995763226578e-12,1
0.0007212413245885,0.0005830746221134,-0.0019058942703251,-0.116228144040261,0.0115568476472107,-4.2595432377956025e-12,1
0.0007569910006989,-0.0019542570343979,-0.0627014454390759,0.116586600196975,-0.0307236384365827,-1.0851763168613564e-11,4
0.00073673140703,0.0006001485204021,-0.0020192026846279,-0.1186612072202875,0.0115661307994905,-2.065446750348969e-12,1
0.0006782284255931,0.0005760378349531,-0.0023204102510332,-0.120899780653537,0.0118774808403445,-1.3039795365390704e-11,1
0.0007283652587877,0.0005979945149729,-0.0022528925403495,-0.1173432218827263,0.0124926430410345,3.316313204303313e-11,1
0.0007983042526236,0.0121987961614956,0.0187024508163275,0.1825758795715018,-0.0355464283572422,9.993250494574684e-12,3
0.0006843263492081,0.0006051599259103,-0.00177742293778,-0.1191231599094115,0.0116146046495786,-5.109031308035816e-12,1
0.0007365411821693,-0.002495502087516,0.0202687591306789,0.2328471407647558,0.018588873920458,-2.6947762679289025e-12,5
0.0007649894155772,0.0005829602230541,-0.0020545134750089,-0.1192187504818722,0.0114086355889426,-4.326990735603195e-12,1
-0.0051287038891381,-1.283136717356026e-05,0.000315197704511,-0.0003302240716656,0.0003297320131716,2.49672860500553e-11,0
0.0006655973491926,-0.0019412968917397,-0.0628135775553828,0.1204071274879825,-0.029626191193933,1.3291090361195196e-11,4
0.0007713093886793,-0.0019256068534774,-0.0638983724117756,0.1200998095369771,-0.0296667724984729,1.6300857217295497e-12,4
0.0006798014809043,-0.0055544117691443,0.0522142300085399,-0.1483864483810717,-0.0777418665358462,2.591021422285864e-12,2
0.0006512529727094,-0.0024230585133906,0.0198217862770726,0.2353570568835645,0.0181700213439768,-1.8837401978688308e-11,5
0.0007386410524356,-0.0019831622541066,-0.0628370257515023,0.1195053905948069,-0.0296356833664903,8.918490220480959e-12,4
0.0008005452301,0.0005132401974966,-0.0016683955383385,-0.1174050308780989,0.0109450867111711,-1.047063251197586e-11,1
0.0006583157398129,0.0005709344436212,-0.0015231381013824,-0.1185211132665466,0.010903607507922,-1.0601783019935514e-11,1
-0.005172717709961,-4.41844121177315e-05,0.0006893737254687,0.0005219665265614,-0.0004751535383222,2.625074763694953e-11,0
0.0007087423148436,-0.0056625376352902,0.0524684945607329,-0.1464907579728094,-0.0792075212797049,1.73201971264198e-11,2
0.0007145416453749,0.0006281356680687,-0.0014099237330107,-0.1206509043795907,0.0118212189826936,-7.70917816460475e-12,1
0.0007870874707122,0.0005591466215502,-0.0003289041343617,-0.122519704304624,0.0119298626963502,1.9448400366671667e-11,1
0.0007681566247897,-0.002470344800215,0.0204487257591075,0.234046554594915,0.0198347721706118,-8.537625543845984e-11,5
0.0006760190375165,0.0006421676161135,-0.0021972508225407,-0.1202499551869196,0.0123045444574438,-1.4442726603157345e-11,1
0.0007956799159437,0.0006399006186159,-0.0023826861653892,-0.1210808130867739,0.0118186002699669,4.352491538206474e-12,1
0.0007566181763884,-0.00249197179459,0.0216845508081355,0.2305739786385046,0.0181363962785008,-2.5390318985818905e-11,5
0.0007350654272205,-0.0019296918951425,-0.0630908989275247,0.1205270733209742,-0.0289252367890666,4.5651616869958815e-11,4
0.0007015045816388,0.0005945997317261,-0.0031502084368968,-0.1176986427539081,0.0115044860250765,1.4081754611745076e-11,1
0.0006912135562281,0.0005099842098259,-0.0014937045689951,-0.1183875332502562,0.0118797060363302,-1.844565371577589e-11,1
0.0008053651203915,0.000546597249927,-0.0024100549009267,-0.1184889227119265,0.0110029267605931,-9.4398854016749e-12,1
0.0007842896658776,-0.0024781253603274,0.0200573015487037,0.2330903852465389,0.0179213798110575,-1.229854392340756e-11,5
0.0007172822325425,-0.0056759189874865,0.0525588980892792,-0.1453322707484567,-0.0783065488023764,-7.495387440364624e-12,2
0.0006994819878009,0.0005833899148475,-0.0020429170136258,-0.1175668605958,0.0114929859761536,1.0918142675506371e-11,1
0.0007815549987861,0.0006092364257673,-0.0019423392366206,-0.1200326874750725,0.0122183097248864,-1.3804599945700463e-11,1
0.0006863759926908,0.0006829743811685,-0.0028019976190289,-0.119129369373014,0.0121735223092063,-2.006055615360317e-11,1
-0.005177727409829,-4.6243590198780105e-05,-0.0005444633212947,-1.6280222447040416e-05,-3.3735544932689265e-05,-9.633901015525191e-12,0
0.000710386658832,0.0122078469610408,0.0194603815136913,0.1837394586469685,-0.0361746471810962,2.927325884457746e-11,3
0.0007365411821688,-0.0024955020875148,0.0202687591306545,0.2328471407647554,0.01858887392045,1.196780054280257e-11,5
0.0007451096027798,0.000614879621333,-0.0019067281342821,-0.1181905659311852,0.011604691607534,-9.544950721954424e-12,1
0.0006777594387526,0.0005943269173149,-0.0020020497499038,-0.1200336298760627,0.0111624310188904,3.357806064082576e-12,1
0.0007436676537321,0.0005526366880212,-0.0015234826123462,-0.1190940882438704,0.0112010530615584,-2.0572889425655734e-11,1
0.000729278107946,-0.0019290873304911,-0.0636066958343826,0.120811690974131,-0.0297160212836518,3.982758780206083e-12,4
0.0007065330764871,-0.0025292479958696,0.0213963206840128,0.2320046139734968,0.0186908818879354,-1.9296017377208568e-12,5
-0.0051978456008957,6.794670435256167e-05,0.0004886590591923,-0.0032450112494428,0.0002271162451785,8.896227043558675e-12,0
0.0007350115767595,-0.0024740955764241,0.0198625297358931,0.2331885402979625,0.0183224506595749,6.009644764642335e-12,5
0.0008015601785175,-0.0025529840140182,0.0211273789418475,0.2313923495982206,0.0185847484375019,-1.369060761252329e-11,5
0.0007242946708048,0.0005275529965892,-0.0012573648062117,-0.1176666755664888,0.0110492720173396,1.1244483647260752e-11,1
0.0007411038871998,-0.0023810707153475,0.0198753359638019,0.2308701087115188,0.0186202817574629,6.363484749120754e-12,5
0.0007460128052364,0.0006260126575929,-0.0021333210348037,-0.1161503287231875,0.0114886752445628,6.273323606705295e-12,1
-0.0052130063113933,7.188233604504823e-05,0.0009480664777221,-0.0031224598911618,0.000204181261548,-1.2830739219159528e-11,0
0.0007322873520652,0.000551459953503,-0.0019363145832267,-0.118861359889796,0.0122134434536267,-1.059600502068472e-11,1
0.0006781109508305,-0.0025027686402487,0.0204920927727854,0.2325517165753194,0.0186452970017718,3.811425776947019e-12,5
-0.0052165325264177,-4.242116877228863e-05,4.1581640633392425e-05,0.002377320956429,-0.0012287578013658,1.3901963667611476e-11,0
0.0007350540104463,-0.0024982976933224,0.0202538190118666,0.2323704633788588,0.0183409793749387,-1.1278348295754279e-11,5
0.0007585927260299,0.0006526684712123,-0.00247948080177,-0.1186717545217632,0.0122644104312135,-6.030135096417941e-12,1
0.0006859879236637,0.0122442002023895,0.01829167209572,0.1899174059423689,-0.0358194303570238,-3.4369310667386465e-12,3
0.0007524931912605,0.000621225358894,-0.002455709253907,-0.1181002588899273,0.0115071124256687,-1.2566553735985871e-11,1
0.0007165412516663,-0.00247183163433,0.0206382071461206,0.2329291967600957,0.0186792537824933,8.31678295415433e-12,5
0.000777477467577,0.0005912116596376,-0.0014005011683959,-0.1200764118046948,0.0116734620629523,-1.4141042329781279e-11,1
0.0007760694995658,0.0004745328589457,-0.0012175662168187,-0.1201912368899149,0.0118117289204588,8.560089921575839e-12,1
0.000791128869868,0.0005047637387551,-0.0006559353362045,-0.1201981648847851,0.0118334825493282,2.2045375099040936e-12,1
0.0006962841017106,0.0006051475574612,-0.0020422425323891,-0.117353988049738,0.0113471196750412,-3.8695129269691646e-11,1
-0.0051783028910811,-1.7293231627413252e-05,-0.0005922329664711,0.0020346519702885,0.000298904828254,1.285724099034861e-12,0
0.0007216974886502,-0.002472508027205,0.01981110755532,0.2337713659210103,0.0187534408445673,2.6567677873183657e-11,5
0.0006858848202036,0.000550947727762,-0.0006302840550964,-0.1217221793906522,0.0120404605926331,-1.063004272425624e-11,1
0.0006646892547543,0.0006410339031175,-0.0016574577140349,-0.122131796717618,0.01279375013792,1.0172439807299476e-11,1
-0.005159541774224,-2.61504125418921e-05,0.0004131947270957,-0.0009733019484547,0.0001623847681275,1.3810394794871799e-11,0
0.0007155587505862,0.0006815149337106,-0.002317311244091,-0.1186458629405291,0.0110466569838534,4.594556244142927e-12,1
0.0008022169781473,0.0006820760382364,-0.0025769534201041,-0.1185641883708861,0.010978648738849,1.5318201563221793e-12,1
0.0007106117118366,0.0005900194800826,-0.0026565881145383,-0.1171059886696923,0.0118189260321903,4.675185520244476e-12,1
0.0007243831783174,0.0122478550940048,0.0184386022223765,0.1872122702952579,-0.0361779765073482,-2.8702373812617437e-11,3
0.0007580812075287,0.0006332798425728,-0.0028189444726267,-0.1151146235873747,0.0113248747359113,2.1857040896109796e-11,1
0.000784656471328,0.0005212212384199,-0.0020948979941883,-0.1173902144810457,0.011896817256102,2.3379556524255388e-11,1
0.0007401938744108,0.0006112210463295,-0.0019250275704023,-0.1173681605140144,0.0116879300633687,-1.5662889944757753e-13,1
0.0007816946625932,0.0006240710385677,-0.0023645732037778,-0.1173273350929502,0.011182439202777,2.1297513472288515e-12,1
0.0007582692704504,0.000575394893788,-0.002202444598697,-0.1163376687182071,0.0114153260840201,9.04589917766007e-12,1
0.000799216666026,0.0005364482749665,-0.0010022179635047,-0.1193833167988751,0.0118561379221215,-7.311426510891802e-12,1
-0.00518621969394,6.223860954923666e-05,-8.080814223276889e-05,0.0002487990558526,0.0005158137166816,-1.3632211547647693e-12,0
0.0008042333934771,0.0007002364651097,-0.0026583275851077,-0.1197897736531929,0.0119283450336347,-9.713044027054633e-13,1
0.0007420532048978,-0.0020090918316562,-0.0629219461686689,0.1193866210625822,-0.029284507683517,2.866774389177304e-11,4
0.0006764103334994,-0.0019537385407956,-0.0622594311089921,0.1187877347433148,-0.0292461298843695,1.5126225541498655e-11,4
0.0007320954760976,0.0005941080260218,-0.0030257096733787,-0.1174867991667838,0.0113793631764309,-1.0306899033685936e-11,1
0.0007892869985218,0.0005563337274535,-0.0023545787669547,-0.1214506744172698,0.0126929355631952,-5.190212664648156e-12,1
0.0008457374191017,0.0122106281022617,0.0184212456330463,0.1903212081541472,-0.0354019221687149,4.2158034263156425e-11,3
0.0007666212100473,0.0122674182918003,0.0186563584637808,0.1857450717664877,-0.0360661508651229,-7.663962069184251e-12,3
0.0006990366311007,-0.002042391145451,-0.0620094134059332,0.1168352675530011,-0.0293921397871761,-4.682225471785848e-11,4
0.0007289774950775,0.0006225599773233,-0.0026614490936349,-0.1184717651713764,0.011530332413451,-2.4154479519701574e-12,1
0.0007561091691271,0.0005807774270808,-0.0020661141228615,-0.1192209543089095,0.0108500695915316,-1.2296618418995104e-11,1
0.0007527876962129,0.0005663978707071,-0.0025616845129352,-0.1176921454058712,0.0112882189689713,-2.29153124266292e-11,1
0.0008383379427543,0.0121503896883684,0.018773891092676,0.1882908758866794,-0.0354027083320573,2.3988449874110927e-11,3
0.0007406688420705,-0.0025337951266856,0.0204551566531141,0.2322089696648204,0.017999199897654,6.179673809383496e-12,5
0.00073312999261,0.0005958441645008,-0.0022674913122493,-0.1198343438450022,0.0120613165617999,1.2889177088181568e-11,1
-0.0050602219892849,-4.632498507323168e-05,-8.42678838464117e-05,-0.0030324517280133,0.0002331056095252,8.512646369320266e-12,0
0.0007745253222513,0.000579654291148,-0.0022421165768973,-0.119236041757432,0.0112627857908531,3.229565129331575e-12,1
0.0007592357450623,0.0005784336047291,-0.0009947447512974,-0.1225218188762959,0.0119639051911901,-3.3138732382943645e-11,1
0.0006846060210488,0.0007188755470425,-0.0024916065640616,-0.1170924324974258,0.0116933878488243,3.2373688261610516e-11,1
0.0008330472983859,0.0006410356904684,-0.0033407834797678,-0.1159023284578464,0.011562241482069,-2.2165625601000056e-12,1
0.0007423930111277,0.0005646538886929,-0.0022929139206016,-0.1207922271006141,0.0114560044177709,7.989407980164478e-12,1
0.0006870958053465,-0.0025601333641816,0.0195737558543838,0.2354916662233241,0.0174080494514434,1.0288857219203926e-11,5
-0.0052433154746364,-5.010710117420159e-05,0.0006431464944691,0.0024178536093493,-0.0009750544525086,4.787906673596499e-12,0
0.0007114843731588,0.0006202234375093,-0.0014288418213084,-0.1223238196142686,0.0117170021076189,-1.019542070657819e-11,1
0.0007412701237684,0.0006521481659033,-0.0030261001221729,-0.1160331540742749,0.0105451988792051,1.5441655110530077e-11,1
0.0006867313789789,-0.0025164709983519,0.0207615375939727,0.2311106847429846,0.0190308660626765,1.2002540565965769e-11,5
0.0007502739816891,0.0006407867725793,-0.0020238488061856,-0.1216593935778198,0.0114681184669356,3.279339747397042e-11,1
0.0007367314070311,0.0006001485204016,-0.0020192026846306,-0.1186612072203203,0.0115661307994834,-4.557900099045352e-13,1
-0.0051723992339978,3.561580711708423e-05,0.0009244739743801,-0.0015928025352947,0.0001361318586781,-3.856509742745164e-11,0
0.0007171080949781,0.0005506565009766,-0.0027029062155525,-0.1155018218934693,0.011752727526098,-3.34237379548073e-13,1
0.0007546651351125,0.0006008883728014,-0.0021164290875166,-0.1166166397705903,0.0116722731504737,3.5418317893947526e-11,1
0.0007313232979523,0.012257868814559,0.0186356904787015,0.1846296379753331,-0.0361981445267263,-1.6648787243577904e-11,3
0.000770497560959,0.0006530997346133,-0.0028889082135949,-0.1157802131176182,0.0110544604126117,-7.767483499546202e-12,1
0.0007389822626659,-0.0056337896982018,0.0527568738504382,-0.1472004843631009,-0.0785324884163709,1.4122013880628515e-11,2
-0.0052387793193255,1.2231782320182294e-05,-8.693751911081904e-05,3.5472559007043714e-05,0.0007311255876811,-1.0064185371868758e-11,0
0.0007209530803772,-0.0024241745167676,0.0195634090207299,0.2321101342371019,0.0192727475279839,-2.973218001701537e-12,5
-0.0051314004498698,3.409670497239725e-05,-2.625190531135857e-05,-0.0023588489384747,-0.0003394752371219,-1.4656071786479027e-11,0
0.0006781188416541,0.0122679140156923,0.0193865991995885,0.1894188677688464,-0.0359003656412841,-1.5353189482858982e-11,3
0.0006408458640882,0.0006710711485755,-0.0018906054666572,-0.1207020050662133,0.0115291769979437,-6.421919748395167e-12,1
0.0007387664003154,0.0006537056121606,-0.0018797806098209,-0.1194950251781623,0.0119317351711121,-7.222943943091158e-12,1
0.0007683743834964,-0.0024355118932085,0.0202371864324688,0.2308466010686993,0.0184158601927308,8.00245909049731e-12,5
0.0008462559763629,0.000608370135908,-0.0032818278978705,-0.1153787613101346,0.0122706706907464,1.315063695390332e-11,1
0.0007358422168042,-0.0019694863520307,-0.0629142450472706,0.1193691916096666,-0.0297507542856552,-7.074293596798376e-12,4
0.0007002345607126,0.0004682867744806,-0.0013390187578901,-0.1189975327420018,0.0118413630889699,3.439850753150113e-11,1
0.0007724854744106,-0.0018882858052632,-0.0628911985948672,0.1203715283511033,-0.0293693260921017,6.506016758430413e-12,4
0.0007955916712512,-0.0025347348688424,0.0197376796560431,0.2327267932492898,0.0186544577726115,1.1652356156306165e-11,5
0.0007620036674048,0.0005362973628471,-0.0013045911202937,-0.1191840458512238,0.0109432310620363,2.5322487585362804e-11,1
0.0007289133985324,-0.0019573977477151,-0.0627600850147751,0.1194574484507593,-0.0295292126814521,5.897570067894448e-12,4
0.0007517066190634,-0.0024751278898106,0.019665101765486,0.2346719779065114,0.018432664234163,4.005065682874931e-12,5
0.000757436777754,0.0005814754292418,-0.002026949093167,-0.1186579661940423,0.0117420621251556,5.5329437048736655e-12,1
0.0006704402163109,0.0006304923344362,-0.0019345672821389,-0.1146695764440499,0.0111501756243104,2.487718411736044e-11,1
-0.0051777127614925,-6.977785820316829e-06,-0.0001589300362927,0.0011665999338448,-1.0106612425619945e-05,-3.1367099280060016e-12,0
0.0007333387207682,0.0005931373165261,-0.0023128601949977,-0.1176154955097992,0.0114446628870199,2.8961768531969166e-14,1
0.0007365915378235,-0.0019681382896375,-0.0629071483168846,0.1196063339223933,-0.0296278723250771,3.4304574504678863e-13,4
0.0006968169599523,-0.0024204204024457,0.0202787193642981,0.2333136429995153,0.017569482835253,-1.7368350920672085e-11,5
0.0006963296635344,0.0006445562370669,-0.0021091856282628,-0.1186870216685722,0.0115602242947709,-3.931831347663013e-12,1
0.0007694943481952,0.000564799051042,-0.0014062254082616,-0.117786521136237,0.0119513727168527,-1.372914072281028e-11,1
0.0007470713644994,0.0005904486419109,-0.0025440799600846,-0.117037622137381,0.0115490031551752,-1.7393587432902197e-12,1
0.0007582296896407,-0.0019490027446107,-0.0626032246974359,0.1188045648252589,-0.0291973775118004,-6.19736442897074e-12,4
-0.0052141933921223,3.04953635685834e-05,0.0004160479966861,-0.0026198548713636,-8.408172905483013e-06,5.012791514777791e-13,0
-0.0051414335706534,3.839599343991029e-05,-1.1522450633627557e-06,0.0009160639275331,-9.5694866856455e-05,8.05778078406931e-12,0
0.0007045840864393,-0.0025314430823545,0.0202953203049429,0.2356086452114416,0.0182669992707391,-4.0196501474860185e-11,5
0.0007443828178921,-0.0019461016438637,-0.0633955936088868,0.1199041691753755,-0.029656541377967,-1.4746916587503302e-11,4
-0.0051476319008237,-2.8979184877597763e-05,-0.0003316428201918,-0.0008231829050129,-0.0001606149922883,1.3049143571562364e-11,0
0.0007469688745491,-0.005629813456545,0.0528144351524826,-0.1472985993160684,-0.0783534975413102,-8.073282128208005e-12,2
0.0007343629128988,-0.0024882036274537,0.0202334235975896,0.2345227176017319,0.0182097414832278,-5.1481427535197685e-11,5
0.000780629072882,0.0006579343056937,-0.0028392148131453,-0.1189370080026197,0.0118017794369693,7.855686898098804e-12,1
0.0007076106356789,-0.0019591462766382,-0.0629759272780541,0.1200726997640697,-0.0296564335969602,-1.2434298640947063e-11,4
0.0007884072335649,0.0004894789274704,-0.0029829179472029,-0.1165897729927083,0.0119288912430075,1.34603079995125e-11,1
0.0007348852939455,-0.0024986148489159,0.0202521240868485,0.2323163853331431,0.0183128562607377,-1.107096922774834e-11,5
-0.0050893047531735,6.028379693323593e-06,0.0008767679490424,-0.0034205148831727,0.0002254702308892,-4.987077713246189e-12,0
-0.0051405036442945,1.0965472659441032e-05,0.0004035373798263,-0.0009626187562332,-0.0004602624869951,3.876926038663691e-11,0
0.0007356035248592,0.0006040956572681,-0.0020537436853667,-0.1187011713642736,0.0117949145284703,4.762909169182511e-12,1
0.0007650320556997,0.0123091237095535,0.0179241236550513,0.1881859891520192,-0.0352155593116885,-4.1481717930320856e-11,3
0.0007339879343297,-0.002498295843103,0.0205242984003097,0.2321370185347553,0.018431861770368,5.513432630111843e-12,5
-0.0051926832673577,0.0001171574949025,-0.0005491046909833,0.0006602972326383,-0.0003410221631172,-1.8467839529155695e-11,0
0.0007299654524311,0.0005039062894592,-0.0014088607743247,-0.120031020087659,0.0123224100493137,4.331757271318213e-12,1
0.0007545240474486,-0.0056138584134649,0.0517542224409273,-0.1424758602427935,-0.0789267023014455,-7.107241260022822e-12,2
0.0007367314070308,0.0006001485204009,-0.0020192026846297,-0.1186612072203212,0.0115661307994798,-9.475099419393182e-13,1
0.0007294458382203,0.0006100325961335,-0.0019677033377898,-0.1201662619927743,0.0112840344735305,-3.99343940689674e-12,1
0.0007943139922638,-0.0025931392843558,0.0202803940995788,0.2324292363252844,0.0194581595006639,3.295518976228001e-12,5
0.0007349283093374,-0.0019125175153112,-0.0629055688747159,0.1207263907693403,-0.0299297801888283,-1.1917177069091412e-11,4
-0.0052370043387668,-2.7615014250970127e-05,0.0013398389436791,-0.0037150232177758,-0.0003480818048258,-1.8939914606574364e-11,0
0.0008825159910068,0.0004592734695932,-0.0014372530481003,-0.1169167387724372,0.0107745879176919,-2.2774402490813365e-12,1
0.0006924259171232,-0.0020609179660153,-0.0627942915518682,0.1203907910642678,-0.0294402963079694,-2.0029798804501418e-11,4
0.0007362395154393,0.0122472808130216,0.0190407330486124,0.1864627230917075,-0.0360314553543945,3.235077472262694e-11,3
0.0007372427118746,-0.0019668742694418,-0.0629003665302874,0.1198200828057318,-0.0295166065703291,4.5733800315675665e-12,4
0.0006810143480574,0.0006240286513821,-0.001922716665816,-0.1174341175417685,0.01161701938355,1.0520976921047544e-11,1
-0.0051890673858389,-3.0681799023879464e-05,-0.0002568810188421,0.0026503534264383,-0.0001337877392932,1.9204503402474156e-11,0
0.0007324052161502,0.0006421329197787,-0.0010342351913541,-0.1201293043405442,0.0115142973163031,4.481757251957063e-12,1
0.0007229948800019,-0.0024339208359031,0.0202916165547022,0.23215372212585,0.01838149060156,-1.4888563840724006e-11,5
0.0007783059821236,0.0005970425074407,-0.0019233786673265,-0.1170004599619565,0.0116365526034627,-7.780705014167417e-12,1
0.0007257023708565,0.0006190573677941,-0.0015322445317633,-0.1213282715673402,0.0117469905794234,1.4033644240319191e-11,1
0.000716987571636,0.0006132600473853,-0.0013725692929771,-0.1208102985098884,0.0122014583957446,1.3870165274783492e-11,1
0.0007013768051913,-0.0024752814489748,0.0195130586478264,0.2341631373935389,0.0189307846727704,4.1836956747783534e-11,5
0.0007320679646653,0.0005470710413775,-0.0027379686571777,-0.1165639948199279,0.0119644094624229,6.941569285634977e-12,1
0.0007423036591028,0.0005799222697747,-0.0018712589891349,-0.1184886361978447,0.0114281201118293,-9.872007481547862e-12,1
0.0006256323661957,0.0006448675526147,-0.0024740355236319,-0.1204119015611118,0.0115353022661244,-3.0835389392949734e-11,1
0.0008853422530352,0.0005662870511769,-0.0023351938801021,-0.116961592454523,0.0119871998853549,-2.7800778475630216e-11,1
0.0007769984905943,-0.0056184486802767,0.0522200101202217,-0.1451470316402927,-0.0784380327233726,-5.293302205584032e-11,2
0.0007949670675544,-0.0024773747391282,0.0215943470305481,0.2289452874565949,0.0194253531913455,-1.2444424727131494e-11,5
0.0007752956411552,0.000662744349515,-0.0020065864990859,-0.1176093647621265,0.010858079946149,1.3247091190280842e-11,1
-0.0051778610599963,1.6592384867342158e-05,-0.0004065564307436,0.0016536168157479,-0.0002014411739708,-4.1202503672430657e-11,0
0.000731785073834,0.0006361983459813,-0.002526695229891,-0.118735268167105,0.0113418829210472,7.72506597345486e-12,1
0.0007001401438505,0.0006866442049896,-0.0036367001627484,-0.1147775621182747,0.0116517979725543,-2.2874400728077035e-11,1
-0.0051849513960604,-1.7567462734513484e-06,-1.8000363174230927e-05,0.0003019077413308,-0.0001916875796439,1.607988739024262e-12,0
0.0006977818043833,0.000637867365317,-0.002407307859654,-0.1184976502173409,0.0118958645299773,1.2065948597952738e-11,1
0.0007286239321802,0.0005922677748954,-0.0017950145900917,-0.1197548755717212,0.0118942578043177,4.3890143654003495e-12,1
0.0008016765369581,0.000584433914659,-0.0016576653603008,-0.1214795454349717,0.0130529275988298,-2.4295939424057425e-11,1
0.0007571359787422,-0.0025654253571585,0.0193879996450787,0.2369240930026985,0.0190130722341694,-1.0525809313044817e-12,5
0.0008283152784617,0.0005521502309379,-0.002277401869331,-0.1208008702686829,0.0120437110784781,8.355982485082626e-12,1
0.0006930844357937,-0.0024593428573336,0.0195889862160369,0.2326478541264824,0.0187116384469763,3.58331339650013e-11,5
0.0007253591938364,0.0006085200907888,-0.0032990564048533,-0.1147557780260895,0.011375859729422,1.4165668774048548e-11,1
0.0007372405163953,0.0006361374557488,-0.0021180551079154,-0.1180916037957064,0.0116898680270236,-1.2186186715654897e-12,1
0.0007488338587264,0.0005353266348838,-0.0014380296615987,-0.121153105599272,0.0111643504608611,8.249588260953142e-12,1
0.0007128282380223,0.0006213703441824,-0.0024606892435876,-0.1189932271628362,0.0114908502105635,-1.3456121072349664e-11,1
0.0007156785754337,0.0122832417642488,0.0198998907177556,0.1829374428721029,-0.0353689522436884,2.2804433676663605e-11,3
0.000762813654697,0.0007199991574205,-0.0023742083217075,-0.1204862748315296,0.0116480181254781,1.3735865637239348e-11,1
0.0007351882721847,0.0005627371009048,-0.0017760668351609,-0.1174136809734132,0.0115288048442794,-6.331650568409593e-12,1
-0.0051453457921341,-4.907157948197405e-05,0.0001934825693687,0.0002785301438761,0.0001394166176797,8.657758593347314e-12,0
0.0007278413394793,-0.0019547337254664,-0.0629571834091549,0.1197522627708935,-0.0299451234386252,-2.5680533055813568e-12,4
0.0007828453206968,0.0005433330949964,-0.0016168428088563,-0.1189913999031144,0.0105600166811323,7.154607783208053e-12,1
0.0007837004122189,-0.0025541968225057,0.0194893856100764,0.2378998733383186,0.018426184476608,-3.425308776579869e-13,5
0.0007494333472875,-0.0025069311229287,0.0202076613186874,0.2327939541500883,0.0187184408515292,-7.429378046423945e-13,5
0.0006507049763408,0.0005872455758497,-0.0013023151903945,-0.118630994837249,0.0121095133905857,-1.3764808839444389e-11,1
0.0007804836151345,-0.0019948337167606,-0.0628283870494024,0.1192483178171879,-0.0296194230118085,-1.7337412646073958e-11,4
0.0007308878361592,-0.0025102536889667,0.0199760351157971,0.2334943754404608,0.0185700235498806,-2.585851991082556e-11,5
0.0007188057841339,0.0005993947684895,-0.0019218345859988,-0.1207058475016902,0.0114606486806536,-3.311107077197511e-11,1
0.0006908084636917,-0.0056244177849858,0.0536299990220898,-0.1504142045742993,-0.0782509764985128,1.1335972443623175e-11,2
0.0007618832783015,0.0007414583377187,-0.0020996371775803,-0.1203833473920799,0.0114147844394736,-9.062787893156698e-12,1
0.0007592570398285,0.0005774761589623,-0.0023773414163565,-0.1195013915257483,0.0119291214271957,-1.580551999781342e-11,1
0.000752819480959,0.0006773191100849,-0.0019496441354744,-0.1231094636321294,0.0119965614569901,-1.877205875149081e-11,1
0.0006775244888213,0.0007125874584131,-0.0020371267620555,-0.1178942318138922,0.0113448906664332,4.173462329531791e-12,1
0.0006965445542319,0.0006013176348765,-0.0019846671543786,-0.1185727834322176,0.0120283962037799,-4.614223367361107e-12,1
-0.0051770778641996,-9.896768062789274e-06,6.9313130318438e-05,0.0006250416416091,-0.0001861108812257,6.0727322740681086e-12,0
0.0007680156373869,0.0007356276771114,-0.002868637140919,-0.1172919996763792,0.0109327951041322,-2.2107595633505138e-11,1
-0.0051987129541164,1.4336011355531308e-05,-0.0005143422436071,-0.0005226754428546,3.7519967913013375e-05,-4.126860209641624e-12,0
-0.0051705722939494,-0.0001058024948795,0.0002263724290942,0.0019264932965867,0.0001980366375189,-4.0380565992015533e-13,0
-0.0051528126616939,5.300330863966529e-05,-0.000613137546332,0.0054490211927489,-0.0004187772038557,6.028086046109139e-15,0
0.0008255333096215,-0.0020611156124273,-0.0624235343082029,0.1193470374565213,-0.029460706686561,-2.0830225628576087e-11,4
0.0007365411821697,-0.0024955020875145,0.0202687591306953,0.2328471407647439,0.0185888739204758,6.992407708567818e-12,5
0.0006865632697104,-0.0024988850771018,0.0200722816900111,0.2338901487528848,0.01851141651853,3.320064941142093e-12,5
0.0007556741985811,-0.0056362021367581,0.0528898912177036,-0.1512397915039218,-0.0784203377629868,-1.174148120812642e-11,2
0.0006832447930354,-0.0024128846679156,0.0188183939099375,0.2352177814359346,0.0186716406217857,2.265286137724625e-11,5
0.0007614386300198,0.0006115307111399,-0.0012113380333946,-0.1219752227486798,0.0110020125597016,1.0196868581923064e-11,1
0.0007544681785235,-0.0020133120809373,-0.0628240938015207,0.1224215550245904,-0.0297868913676406,-5.199698055534799e-12,4
0.0007523405563099,-0.0056320941680951,0.0528846926551809,-0.1472955293981463,-0.0782846140382487,-1.2822029866200754e-11,2
-0.0051224443447221,-5.99980628777641e-05,-9.962240466032668e-05,-0.0005654012933828,-0.0004354446073677,-2.374864883672684e-12,0
0.000801299452067,-0.0019969084449601,-0.0629667650495506,0.1211822496644114,-0.0299862472076615,2.109102501802788e-11,4
0.0007940791695521,-0.0024648354513749,0.0190777114797451,0.2339283632779456,0.0183925819673831,8.043416178898138e-12,5
-0.0051484689716099,-8.757198374786945e-07,0.0008138662710117,-0.0046028174201522,0.0012282547252082,4.163038054186247e-12,0
-0.0050831780137329,-1.0455195184777557e-05,-0.0010304009714334,0.0049303159180267,7.524583847473565e-05,1.3379181781886292e-12,0
0.000739869049692,0.0006470035280182,-0.0025419787501417,-0.1185751080311003,0.0126982086084046,4.630411316883302e-11,1
0.0007324166196011,-0.0019630209945399,-0.0629135406219516,0.1195811542291398,-0.0296104572923812,7.259510850091368e-12,4
-0.0051973285881045,-2.348559918374793e-06,0.0006009297418172,-0.0006700949146614,4.9407820216007536e-05,-1.3282349207125569e-11,0
0.000690003827494,0.000613482118433,-0.0020827192583428,-0.1201237579612857,0.0113856217036731,2.552758342100228e-11,1
0.0006270266491477,0.0007093149641015,-0.002917886204258,-0.1184035973176698,0.0115051947863595,-4.7796613276155695e-12,1
0.0008167457223619,0.0005209478050745,-0.0019190908079642,-0.1168155005117612,0.0109041424958951,2.286440798044273e-11,1
0.0007600394432204,-0.0056398595149746,0.0529024278938097,-0.147639999037306,-0.0789417871008213,-6.531776410596604e-12,2
0.0008279019437457,-0.0024785933335321,0.020208264153898,0.2326322883869784,0.0184140511100059,-1.5305122214716324e-11,5
0.0006965076097633,-0.001955219534388,-0.0628531028136727,0.1201406312620765,-0.0295270704365671,6.12365833865297e-12,4
0.0007032664210036,-0.0025125705575502,0.0201796965902292,0.2318097131620335,0.0186546487448318,-3.463500311005296e-11,5
0.0007124804925893,0.0122351107348775,0.0192423009275568,0.1835727768421491,-0.0353937909017778,6.359446597365871e-12,3
0.0006710498654207,0.0122216265283405,0.0190744390488775,0.1856587468653852,-0.0358354142390568,-3.5408965348743715e-11,3
0.0007196850037612,-0.0056429304581497,0.0532674687785226,-0.1487909269685725,-0.0785041081655331,2.9295653118165416e-11,2
0.0006692047109808,-0.002461692274138,0.0209564733541531,0.2292927113855754,0.0189795723155219,5.8988620108264784e-12,5
0.0007833490755236,0.0006226639228422,-0.0020682332451671,-0.1195428609058102,0.0115952687478166,-1.5217827759807882e-11,1
0.0008036837153322,-0.0025817684517583,0.0211256545510885,0.232080234326919,0.0182892793578939,4.840659720602418e-11,5
0.0007493623610766,0.0006277700815575,-0.002915980029547,-0.1166262327944647,0.0110466193045883,-6.526805883407504e-12,1
0.0006029895061012,-0.0025259922934547,0.0198293159827307,0.2345550171022092,0.0186924797311909,-1.6029580595468904e-11,5
0.0007084720149734,-0.0019578966808116,-0.0628973254575977,0.1191668478578029,-0.0292784113282866,1.1501939148948373e-12,4
0.0007367112132299,-0.00200219380881,-0.0619987438230249,0.1169992057874518,-0.0291876262806383,-6.027573614681214e-12,4
-0.0051789043398786,6.210944971829502e-06,7.583659901699846e-05,0.0001875956502921,-0.00020107639914,1.0074206538411352e-11,0
0.0007133310101866,-0.0055799937490029,0.052763108261935,-0.1495399983411531,-0.0787690847693287,3.849684154988067e-11,2
0.0007367314070305,0.0006001485204025,-0.0020192026846364,-0.118661207220283,0.0115661307994994,-5.085497370252049e-13,1
0.0007533078757176,-0.0025269105727395,0.0202191729865268,0.2344527909834068,0.0189481291511097,-3.523894356360431e-11,5
0.0006593165450949,-0.0055635350686994,0.0522395867829099,-0.1455261276735786,-0.078549390902654,3.771583902818337e-13,2
0.0007365411821686,-0.0024955020875147,0.0202687591306824,0.2328471407647514,0.0185888739204775,3.2916947721842215e-12,5
0.0007758086335628,0.0005828435264151,-0.0010616003288292,-0.1218703863101979,0.0110004526845717,-1.6520100810471866e-11,1
0.0006732853493036,0.000644652178235,-0.0017041337235723,-0.1203826236292981,0.0121236297054876,-1.2930809811671618e-11,1
0.0007371107027195,-0.0024944314949427,0.0202744805309831,0.2330296869799064,0.0186838064940788,-1.3080226467824748e-12,5
0.0007646039845489,0.0005848795239137,-0.001455858240964,-0.1204079876524621,0.0113712241528318,2.725354088715114e-12,1
0.0006939094022517,0.0123155182999046,0.0187318635467792,0.1843312119580158,-0.0361871325509186,-1.813653191279949e-11,3
0.0007184964009191,-0.0057145906965559,0.053368963453702,-0.1475480728857801,-0.0787507024485236,7.2354232692327814e-12,2
0.0008422597719649,-0.0025004214254635,0.0212109344548871,0.2289683930113213,0.0180306703867683,-4.874751862441475e-12,5
0.0007479385938039,0.0006597925076061,-0.0023343747360553,-0.1184247561087197,0.0114473669397212,-9.637382553237192e-12,1
0.0007764908295382,0.0005780153336569,-0.0026823254922963,-0.1156574849661242,0.0121826688178092,-1.6755743089832568e-11,1
0.0006225303016589,0.0006771455198721,-0.0018426783683742,-0.1189027471224486,0.011168921517223,3.239863018509894e-11,1
0.0007740643802345,0.0005470654779801,-0.0017772056348892,-0.1186078952287701,0.0110616575141633,9.96119856530383e-12,1
0.0006855448224762,0.0006075031337245,-0.0025968235756925,-0.1186822520409514,0.0116039114554,4.538119230207904e-12,1
0.0007542525578029,-0.0024610134638828,0.0194809410285645,0.2340987014637008,0.0188370535842632,-3.682256696643169e-11,5
-0.0051677373899833,1.3554150477546043e-06,0.0002041823438116,-0.0006588690050204,0.0001811659664334,1.2840478614262987e-11,0
0.0006704945680133,0.0005699210924091,-0.0013093364931284,-0.120776085449699,0.0118059991208241,-1.796797479119797e-11,1
0.0007204964978467,-0.0024620872038492,0.0204921466721343,0.2336398668116546,0.019036936628519,2.696296032124679e-13,5
0.0006772880603408,0.0006073942307812,-0.0016580442997522,-0.1205433249161291,0.0117925678568688,-7.342268300390421e-12,1
0.0006984532683657,0.0006572651174975,-0.0018872421970277,-0.1178097230808141,0.0111321697589015,-6.412171246734613e-12,1
0.000703883364074,0.0006146495969578,-0.0025469496647438,-0.1181869199784069,0.0115522551183007,-1.927458284626584e-11,1
0.0006939429125324,-0.0018447646746956,-0.0635472776355343,0.1211710671917463,-0.0294325474093373,2.3722601652979832e-11,4
0.0007704621377707,0.0005301009762506,-0.0016026563959479,-0.1207148658166872,0.0123770590281671,1.1401266167038864e-11,1
0.0007578992986003,0.0005187761744371,-0.0017208114638109,-0.1186762596347588,0.012085604377368,2.3631611259909176e-12,1
0.0007919937930782,-0.0025764986262276,0.0200114981035062,0.2330679792025969,0.0180750547533321,-2.107181001516244e-11,5
0.0007549060134804,0.0005770007282236,-0.0014644348587475,-0.1212511822397437,0.0113026043711101,-1.5153165203416358e-11,1
0.0007279507257692,0.0006551278024167,-0.0023437728620092,-0.1177706421027959,0.011234014829224,7.761483032068129e-12,1
0.0007523687172672,0.0006589670509258,-0.00222573187445,-0.1216708103012731,0.0119874361948522,-7.064144519492779e-12,1
0.0007658051695286,0.0006441912840792,-0.0022149109790241,-0.1173457333922525,0.0116508338707976,2.0436317824142064e-11,1
0.0006937080050964,0.0006388597055443,-0.0019800339799811,-0.1180083321814451,0.010987073035471,-4.6789808801058966e-11,1
0.0006671422824839,0.0006776494611421,-0.0027500040278329,-0.1194323032481889,0.0110528143136949,1.1441379697233344e-14,1
0.0007055938958125,-0.0025119283234481,0.0206776549220095,0.2328689660145237,0.0185546262860398,-2.8618799228151857e-12,5
0.0007033187250899,0.0006489046201321,-0.0024614027602516,-0.1171356789572315,0.011655350558823,-3.286617807110255e-11,1
