0.0877156842435495,-0.1155997167299481,-0.1832501518106337,0.0,2
0.1382605630747517,-0.0208612201410188,-0.1634658040684583,0.0,2
0.0829049571105476,0.0954020538142361,0.1879236441538551,0.0,1
0.0711723185279293,-0.4127117164346949,0.0921521021838088,0.0,3
0.1744315750567825,0.1422337464802209,-0.0696523986811437,0.0,2
-0.0772640602182244,-0.4044916034370452,0.0991446342515035,0.0,3
-0.2332174821792942,0.1857180721842058,0.1569465347987443,0.0,0
-0.2419024928256475,0.2801005383074242,-0.0547770867994208,0.0,0
0.2591486138499109,0.0440881855884982,0.0346345177422053,0.0,2
0.1910965766127093,-0.0105683446737023,0.0283954153877997,0.0,1
-0.0678284647277716,-0.2095953413809137,-0.2071545867452056,0.0,3
-0.0386900077011339,0.2497296443917467,-0.2733968584638658,0.0,2
-0.0677525568853876,-0.4361025513675748,-0.055806044762962,0.0,3
0.1927282623480423,0.0490695971998677,0.0636289262101106,0.0,1
-0.2341145260875949,0.0266999707345782,0.0964370767653027,0.0,0
-0.0201008506964226,0.073712785392487,-0.0537279344875521,0.0,2
0.0923817368196453,0.1111078286531196,0.0487700367784626,0.0,2
-0.0695323873222002,0.0980580760998476,0.0463204311971809,0.0,0
0.1743667290884201,0.0797380673066771,-0.0985331001465432,0.0,2
0.205652018403739,0.0009069986051098,0.1148998186813976,0.0,1
-0.0216535833049999,-0.3356792072999414,-0.0543415689329951,0.0,3
-0.0065578244922571,0.1799415945290517,0.0027624286211869,0.0,2
-0.0781789565575159,0.1610396723607299,-0.0740173687283253,0.0,0
0.2067450313738482,-0.0294077194584832,-0.3737472884848234,0.0,2
0.2672567591625403,0.0167750344789424,-0.1873715900924566,0.0,2
-0.280108818083411,0.2888426798301053,-0.1183434944301316,0.0,0
0.000650726664478,-0.5476878707518611,-0.0073366055361807,0.0,3
-0.1479726260180102,0.0572286596407095,0.1018863366477509,0.0,0
0.106082208077311,-0.0211108787500357,0.0392427014934912,0.0,2
-0.1580229445871295,0.1076392572047489,-0.1187920934763189,0.0,0
0.1018645187853193,-0.1863236288498607,0.1055403919736539,0.0,3
0.2193405375450753,-0.0433605142455839,-0.0139924688011238,0.0,2
-0.0043316784386011,-0.3919017385419734,-0.2028422906969353,0.0,3
0.2077402560879544,0.0723364647598802,0.0860582487289757,0.0,2
0.1270624911056189,0.2230321365289218,-0.1295139323611506,0.0,1
0.1876377226791855,0.0254944342212896,-0.3229645725749356,0.0,2
0.4237445545356784,0.0257621286065554,0.1411136504414923,0.0,2
0.1889365512554284,0.0566063871365803,0.0090972341243644,0.0,1
-0.1084440326274558,-0.0385861457707965,0.0890099302126148,0.0,0
-0.0374908571165094,-0.0930250056560852,-0.0525711042689884,0.0,2
-0.1181145745562799,-0.0171379067095858,0.0498385813587227,0.0,0
-0.0895083198338615,-0.1239710993950233,-0.0078315098371211,0.0,3
0.1338631838130826,0.1908741400928856,0.1417456915583692,0.0,1
-0.1695921861241159,0.1568079386348838,0.0646342862040629,0.0,0
0.1739718684123122,0.4637658000313249,0.0903511558762293,0.0,1
0.1477774499841794,0.2109558536936468,0.1664612771471849,0.0,0
0.4218138711965875,0.0125001352637238,-0.2504147794136548,0.0,2
0.1047969973485061,0.03116105896301,-0.1691380766308789,0.0,2
0.1897126989630163,0.1420863139370294,0.0932687743224538,0.0,1
0.1411731339420443,0.0237094506260203,0.0962935629278616,0.0,1
-0.3682997394427484,0.1195726492723217,-0.0526797347639672,0.0,0
0.1103475293743208,-0.1806874170506908,-0.0633928600127452,0.0,2
0.0516687621301751,0.1433886188743058,0.1549235527732751,0.0,1
0.0158903075612542,-0.3929284331622023,-0.0519722623948131,0.0,3
0.1438955799306299,0.245920241154341,0.1224274538620171,0.0,1
-0.3612718561345227,-0.1379905006071307,-0.009460439194205,0.0,0
0.0728897802708985,-0.5152662830228715,0.006218545051593,0.0,3
-0.023262311568824,-0.471417455302868,-0.0716982648345544,0.0,3
0.0047447623235095,-0.4647705347018152,-0.028973636506201,0.0,3
0.1787376538208425,0.2315317590518598,-0.0493710898851484,0.0,1
-0.0083844786276977,-0.381098281307337,0.0273147653559392,0.0,3
-0.1653505899724008,-0.0199417706462069,0.1181306559086837,0.0,0
0.137406835148559,0.1557392229990391,0.1815876137823627,0.0,1
0.1286804316610257,-0.039040197305149,0.092616632539655,0.0,1
0.0946420012642098,0.1238613712940027,0.2589144663446084,0.0,1
0.0397671609946663,-0.3850402898413458,-0.0533818769433332,0.0,3
0.1311620787206915,0.1921472807461138,-0.0609813807827025,0.0,1
0.2177571749462125,0.1215152202305041,0.1686715531788434,0.0,1
0.0496463620599362,0.3490757656683212,0.1773137893787978,0.0,1
0.2299173255632179,0.0319451449886216,0.0934472567460123,0.0,1
0.0291100793286647,-0.2207243104930833,0.0753079006268855,0.0,3
-0.2020861293109594,0.0051206044117207,-0.0729907753633932,0.0,0
0.020268848630171,0.0313746111453628,0.1235304146327933,0.0,1
-0.0080822445882781,-0.3895499994391243,-0.0413502021362468,0.0,3
0.1982810146330496,0.2533647902578454,0.0719047107352087,0.0,1
-0.0157320180175344,0.107102263349791,-0.1004531739121746,0.0,1
0.0423219870609718,-0.1829347310611949,0.0537217306828097,0.0,3
-0.0542257036017934,-0.03196479215522,0.0273407758069761,0.0,2
-0.1691161986076772,0.0680260245663903,0.0386931595194642,0.0,0
-0.1502620111199612,0.0400273624083611,0.0773832667741934,0.0,0
-0.089549912030263,-0.457538416618484,-0.0676760379026441,0.0,3
-0.0419964888779303,-0.3614517574091748,0.0033390835023055,0.0,3
-0.0139729068441177,-0.1397713924697211,0.0119309064743579,0.0,3
0.1521846074767773,-0.0409589049681422,0.0234833550737894,0.0,2
-0.1470448041939276,-0.3210482639097921,0.1335817976552109,0.0,3
-0.0135934289236825,-0.3114053425765792,-0.052514488785564,0.0,3
0.0774673530946601,0.0698728629210823,-0.1530896630519182,0.0,2
0.0656104618757138,0.200324982604519,-0.1414991303978918,0.0,2
0.1008321668487301,0.3009039643412392,0.0001711967894147,0.0,1
0.1481400964135942,0.0061709465751836,-0.0197128080897441,0.0,1
-0.1526244573560635,0.2726147522048145,0.0319327411501048,0.0,0
-0.1838315397054244,0.1342547023074334,0.0207307303899303,0.0,0
0.0631872146623402,-0.2387805860552274,-0.1249890523861727,0.0,2
-0.0474381960179333,-0.2942411920053039,0.0946002198903668,0.0,3
-0.3001545137325571,0.2685728585241784,-0.0117757311686924,0.0,0
0.1473033007605581,0.1103989216627189,0.0707628371124556,0.0,2
0.0220170826809488,-0.3281402249555183,0.0196608847518797,0.0,3
-0.1913702903598267,-0.0678195344161555,-0.0815293363013,0.0,0
-0.1902230620443268,-0.4603931336931526,-0.0499812902259792,0.0,3
-0.0355175619612204,-0.4371263148960721,0.0405750258078688,0.0,3
-0.2209529851523808,0.2052629967218383,-0.0014366300223776,0.0,0
-0.0570482039086012,-0.4616301259428042,0.1013286943363104,0.0,3
0.0968383282873425,-0.0733349347445775,0.2205348232551117,0.0,1
-0.3386856103430203,0.2702711666784074,0.0419856045338403,0.0,0
-0.1369146361576652,-0.2682637374596383,-0.2062897824118151,0.0,3
-0.0098633752229848,0.0420573174883784,0.145217622455416,0.0,1
0.1744360124536205,0.1989250571225733,-0.1475274002909632,0.0,2
-0.0893869993054014,-0.3771693571684738,-0.151834223007597,0.0,3
-0.1407092796087395,0.0468853470312395,0.0497722781022781,0.0,0
-0.0562613988152808,-0.1183474749672114,-0.0090985849273803,0.0,1
0.0313346596678546,-0.0020500060129125,0.0348648415319047,0.0,2
0.0817437987652708,0.2348169824259739,0.1481997850036786,0.0,1
0.159788323133345,0.0797966995159831,-0.2839982500279701,0.0,2
0.0259393897806985,0.1189275899733237,0.0932029161543743,0.0,2
-0.28540069437897,0.1504815465902852,-0.0862866192711311,0.0,0
0.1532923159255909,0.0237139026175679,0.0301824544636411,0.0,1
-0.0777346593269204,-0.1796502496566909,-0.0226515104583829,0.0,3
-0.1238999912299957,0.180689516596482,0.0254260107895325,0.0,0
-0.2169108865324865,0.1887495568257812,0.0414530081735782,0.0,0
0.1415365098341002,-0.0573906313939188,-0.1079538676441224,0.0,1
0.2043965368792443,0.0287888889409107,0.1056831490582103,0.0,2
0.0748888828302603,0.1849160232481486,0.1610218586593388,0.0,1
-0.0402690824831406,-0.4596701121464455,-0.0322554693561147,0.0,3
-0.2608270380697072,-0.0403103043485229,-0.1987033157383284,0.0,0
-0.2202288352000377,0.0923149170949676,-0.2328276458495574,0.0,0
-0.1173561927467543,0.0932334470942119,-0.033588890186114,0.0,0
-0.0515833364482436,0.143582748282119,0.0831067680744745,0.0,0
0.0058878958770164,0.1816450986897362,-0.0032286671146455,0.0,2
-0.0579234806530548,0.2923647387696316,-0.0695834141384321,0.0,1
-0.3126379998787661,0.1237568558311616,-0.0152267363573771,0.0,0
0.2137587816982064,0.1047334394469014,0.1045807357516168,0.0,1
-0.1195925437883029,-0.1337278158727407,0.0785732240416961,0.0,0
-0.0062092272633513,-0.3654555386217992,0.02103597539083,0.0,3
-0.3507706279329819,0.4175735146586591,-0.0840611474320515,0.0,0
0.1629615225306586,0.2647995341615088,-0.0610762923653222,0.0,1
-0.0266240635848377,-0.3533184374984703,-0.080422122784588,0.0,3
-0.0677445115072684,-0.447422918132082,-0.0271246740031634,0.0,3
-0.0743082755252959,-0.353516940523878,0.1631165314359257,0.0,3
-0.1612636752839594,0.0923086769602593,-0.0801291009447182,0.0,0
-0.1399932623199267,0.0707771068429268,0.0923994042214392,0.0,0
0.2273665656040985,-0.0057128489590888,0.2644180401705717,0.0,1
0.0709639084499776,-0.4342682695451108,0.0311609744795586,0.0,3
-0.0113290166724019,-0.4136933191764812,0.0248366674873933,0.0,3
-0.2594980928514639,0.1562957069293871,-0.0851372503838095,0.0,0
-0.2513904541435705,0.1570993762901622,-0.1200510868698018,0.0,0
-0.0499856632777493,-0.0244396692170743,-0.1080766939987789,0.0,0
-0.2076603609415032,0.068799501646547,-0.0127144898007795,0.0,0
-0.0617355642632453,0.1228407457539926,-0.1717844156378953,0.0,0
-0.1497439572040087,0.172458436698802,0.0318278207871612,0.0,0
-0.1091067543510417,0.3165583356297957,-0.0276532298979509,0.0,0
-0.1566131166941169,0.0459723634317863,-0.0644022400035631,0.0,0
0.0288213164606238,-0.0807689363748271,-0.0590692711984312,0.0,2
0.0648006836295667,-0.4377124203252603,-0.0375103465166427,0.0,3
0.0547413866696855,0.3181688991083246,-0.0538595104410606,0.0,2
-0.0992952037729246,-0.3018092790005987,0.0949804978715879,0.0,3
-0.008491642323277,0.0966761137490802,0.0209822500708493,0.0,1
0.1154923704138718,-0.3196722414854353,0.0782576249285345,0.0,3
-0.1012228458748586,-0.2722278081683635,-0.0084501493965006,0.0,3
-0.2662193695739828,0.3561845712237085,-0.0182715095153894,0.0,0
-0.0138985189347089,-0.1944181979011132,0.0150384864520782,0.0,3
-0.2434818251887018,0.158662431392217,0.1094221084012275,0.0,0
0.0231830872515737,-0.2801037721997667,-0.0017605708470731,0.0,3
-0.0654332854102392,-0.2590578068904252,0.0481000943283095,0.0,3
-0.0119345728738568,-0.2976153581999747,-0.2546779764335529,0.0,3
-0.1180371245990722,-0.0235589993024095,-0.0090609525513023,0.0,0
0.0341466323014909,-0.0816180077373187,-0.0600737201311058,0.0,2
-0.1974844078918392,-0.5275965550076888,-0.1505707446519654,0.0,3
-0.3006879383426989,0.0506872963032666,-0.0820147454890233,0.0,0
-0.0760403113479513,-0.4688513250748872,0.1270177004152223,0.0,3
0.1235878693870688,0.0854508549451741,0.1574395661298216,0.0,1
0.2746349085743829,-0.0470642205093775,0.070069946914856,0.0,2
0.1178403701293807,-0.1176597167167985,-0.1889353429513587,0.0,2
0.1403532510702561,0.0300339608087704,-0.0444890919240557,0.0,1
-0.1418368432748308,0.1508355538898676,0.1127551913907124,0.0,0
-0.1566127125293337,-0.2319114465060743,0.1384975579099902,0.0,3
-0.2292376263131006,0.3041964356890559,0.216458974810563,0.0,0
-0.3628629151978247,0.1596780318198037,-0.0262551349189894,0.0,0
0.1686491562197145,-0.1034502858461824,-0.0930787216915574,0.0,2
0.1793504124814826,0.1429907444349035,-0.2175737298945454,0.0,2
0.1840040167286112,0.1336405184196194,-0.1847291540072072,0.0,2
0.1000543835779663,0.2035910281279946,0.1803494144131959,0.0,2
0.3552390015424754,0.0737896644691734,-0.1520162158270552,0.0,2
-0.2606367757655584,0.1563603616428179,-0.1306783111343993,0.0,0
-0.1335113103991148,-0.1944875027139201,-0.1046430346298652,0.0,3
0.1537233305804517,0.1295277487472401,0.3865335360246997,0.0,1
-0.093067792223242,-0.1963139562854293,-0.085919155555387,0.0,3
0.0571472290394289,0.0635438811612898,0.0862023147671949,0.0,1
-0.2186325894913173,0.1087884800310635,0.187897474112614,0.0,0
0.2058517477533378,-0.1454992289617195,0.0774754451804816,0.0,2
-0.1577927562390492,-0.0141371643062236,0.1506410406465008,0.0,3
0.1398088474179214,0.1290388861995367,-0.0949251708277346,0.0,2
-0.066813561429847,-0.3490665227073576,0.0703097567549452,0.0,3
-0.0974131299116282,0.2004275213899723,0.1523186180192631,0.0,0
0.2108162567064127,-0.0324873912660333,-0.2097541444504636,0.0,2
-0.2224728044393051,0.1784987069284686,-0.2677261152581097,0.0,0
0.0661600046540456,0.1095755310245147,-0.0522795827083627,0.0,2
0.1900969572017552,0.0464796270215872,-0.0947004600061615,0.0,2
0.266984031489563,0.0379131179544593,-0.0077822364379055,0.0,2
0.2224266817677384,-0.2058875005653783,-0.1784871322530661,0.0,1
-0.2596968279284686,0.2739229314442278,-0.0055379002880164,0.0,0
-0.2069295567916732,0.2434932782038249,-0.1181167602515488,0.0,0
0.2004998255722567,0.0551777871559412,-0.0614168684189703,0.0,2
-0.0247322050259414,-0.3403716958531904,0.0236843789599423,0.0,3
0.0135394916998901,0.1997387667146623,0.0614049402953768,0.0,1
-0.0753321176893483,0.1829375365748751,-0.0519326172148733,0.0,0
0.1759686250781202,0.0986009661695522,0.1350958707754631,0.0,1
-0.0882069376218745,-0.3931436146191389,-0.0613789196032552,0.0,3
0.1833220492707519,-0.1892386413997123,-0.0614723395217794,0.0,2
0.3027223751169868,-0.0121062038896255,0.0794978994891549,0.0,1
-0.3238621984836013,0.2966325414331572,0.071718132569515,0.0,0
0.0131165156457578,0.0811755729606703,0.1915666560346354,0.0,1
-0.2480969652831749,0.2532194977165428,-0.0445189305449373,0.0,0
-0.0098115495150762,-0.4039426356553183,0.0389485778485708,0.0,3
0.2918108884268034,0.0409777281269228,-0.3152256697942943,0.0,2
0.2834268976653202,0.0742024394606331,0.1593256108947213,0.0,1
0.2492813400346628,0.1657361148126449,0.1897148487683916,0.0,2
-0.090551326557149,-0.5012901136836785,0.0192663811554378,0.0,3
-0.1582830473216289,-0.1933745832179282,0.0345651757076961,0.0,3
0.1811111693563613,-0.0411863590218374,0.1845504451033815,0.0,1
0.1590223154402964,0.2582636375385811,-0.0073140894846009,0.0,1
-0.0410797412212578,0.1349321649190524,0.3172123609060649,0.0,1
-0.1129246179008205,0.0028899591656489,0.183504215980263,0.0,1
-0.2226963021720959,0.2845605500913395,-0.0058182906893936,0.0,0
0.1336547148999232,-0.0612786946576693,0.0404712953093748,0.0,1
0.2775855701776859,0.0797549750240343,-0.0961023837604269,0.0,1
0.039176113766166,0.1751758551948046,0.0163372034666323,0.0,1
-0.0680677732157332,-0.4443756457824667,0.0360817142752253,0.0,3
-0.1370343646010474,0.1639450933221898,-0.0557982517877185,0.0,0
0.3314152303164289,0.1481307874930212,-0.0619912183151889,0.0,2
0.241021498126329,0.2466391663408342,-0.1360243700994828,0.0,1
-0.134007002747017,0.4668213982903944,-0.1996014037098337,0.0,0
0.1111470152933892,0.0967148632298964,-0.0451742577156976,0.0,2
-0.0874806208718925,-0.5699986312088313,0.0052567741296696,0.0,3
-0.0159237981952405,0.0685300163222851,0.0790049190764218,0.0,1
-0.2906315935853432,0.3384875196330542,0.1007887934808283,0.0,0
0.2385695017307182,0.2307858330536384,0.0468356954957585,0.0,2
-0.1436392889273049,0.1474254946380568,-0.0618795793030034,0.0,2
0.1213864118971431,0.0611793984640912,0.0023500095387167,0.0,1
-0.3270404393414556,0.4408714284092488,0.0527065508136753,0.0,0
0.2942537968773745,0.1833062772961682,-0.2436188306381343,0.0,2
0.3847113951542144,0.0435750932842324,-0.1346794013261412,0.0,2
-0.0011547527768793,0.2014565296491915,0.0452233984831591,0.0,2
0.1319147778972712,0.0294214774448733,0.2552654673153068,0.0,1
-0.0249495983578528,0.0903631512397217,0.1161324273812544,0.0,2
0.261729164105729,0.1576927277211568,0.0361280690595011,0.0,1
-0.1432759777825671,-0.6841730555029846,0.2255321414430085,0.0,3
0.1691699069268893,0.2823185177534603,0.036886114785005,0.0,2
0.0039218729122692,-0.0360504839930138,0.0255506486789891,0.0,3
0.331282003643106,0.1735387926052693,0.102000982964782,0.0,2
-0.2021939088353314,0.2093325691046513,0.1035935230053129,0.0,0
0.1061750112292033,0.2369229435813004,-0.118383396779735,0.0,1
0.138753180641711,0.0981508414616047,0.3399411009221118,0.0,1
0.2316630916697057,0.2472499455950393,0.0824667035431254,0.0,1
0.1818870557060235,0.3655111178540681,0.1242020011073187,0.0,1
-0.0919543111041587,-0.1887901401800315,0.0620554172249926,0.0,3
0.0478855757130804,0.1797561853490424,-0.0627068880779988,0.0,1
0.3456160287788084,-0.0094658944824483,0.1076819308693632,0.0,2
-0.2661333775218742,0.278943479048801,-0.0853203014820619,0.0,0
0.0346708783979032,0.1576815306771952,0.0209070210666953,0.0,1
0.0068947579877883,-0.3242214122901368,0.1305026591891771,0.0,3
0.0897617140752747,0.182111264169635,0.0141918771979309,0.0,1
0.0910565239795509,0.3427819162773799,0.0472216223645034,0.0,1
0.0161228234860913,0.0747725642316959,0.2827034816462548,0.0,1
-0.1610521542114527,0.2860964958197258,-0.0443797648641933,0.0,0
-0.1905418214731244,0.3198864027150754,0.1013583262951769,0.0,0
0.1238079497128163,0.2021885519168333,0.0303196878358627,0.0,2
-0.0562184915258191,0.1101415545887772,-0.0397364804794914,0.0,3
0.1146301894465514,0.1285147913004894,-0.1259564704554238,0.0,1
-0.0222488093755528,-0.320323080441101,0.0017456470524485,0.0,3
0.1872222659461085,-0.0405473591862828,0.3606937855751811,0.0,1
-0.0668277630506649,0.0150086688911082,0.0268873048202936,0.0,1
-0.2821844786638262,0.1562133929340644,0.069640193030148,0.0,0
0.1831307016297279,0.2103908679819754,0.0233313535475438,0.0,2
-0.004145002215478,-0.4548166601027658,-0.08481732271882,0.0,3
-0.2211672517596389,-0.0821134592409075,0.0458739345113152,0.0,0
-0.2975070828253529,0.3771390438502807,-0.0908579557508018,0.0,0
-0.0933305696307592,-0.5829030705451235,-0.074451871803897,0.0,3
-0.0351151386095546,-0.0416309505000993,-0.011253715274131,0.0,2
0.162834382412761,0.0132045503597,0.0365588699478212,0.0,1
0.3718525072326628,0.0431039807185192,0.0338597374698998,0.0,2
0.0002363884326415,0.135670161143094,-0.0661756812667129,0.0,2
-0.0105171383960283,-0.3442229843899678,0.0766043381784557,0.0,3
0.058981845065625,0.2022499337487999,0.0956688999932915,0.0,1
0.0643306937025144,0.0651831792986459,0.0172580449807613,0.0,1
0.2051732867971429,0.2696345065825309,-0.0952072290101588,0.0,1
-0.0356594920454134,-0.6132358136321368,-0.0583587480567994,0.0,3
0.1365626443873437,0.2110868916906735,0.0358241864123607,0.0,1
-0.1926289601835073,0.1211782508806884,-0.0331173833506141,0.0,0
-0.0289249863164801,-0.0311975445468328,-0.0289654106350405,0.0,1
0.1482872482098478,0.1882218968123678,0.1978543597071649,0.0,1
-0.2083261864641659,0.2172746912000772,-0.2352758637375449,0.0,0
-0.1054876271567475,-0.1686607629169622,-0.0225038449437272,0.0,0
-0.0792250942399565,-0.253746874734826,0.0666333986979745,0.0,3
0.0298064352372653,-0.4295566805825702,-0.194854563722278,0.0,3
-0.2969620270113017,0.3619897340567071,0.0595876757886277,0.0,0
-0.1880473291684592,0.0362147064706489,0.1547159925146164,0.0,0
-0.0008273888389714,-0.122192032274391,0.0842543440912545,0.0,3
-0.1485181047624627,0.2183263508088808,-0.0005249044141062,0.0,0
0.1816511097070909,0.2749297798904394,-0.0842295237726666,0.0,1
-0.1522949700837814,0.0656522114913105,0.0988521755837569,0.0,0
0.0227074980303323,0.0405900433532312,-0.136556129064408,0.0,2
0.1167086282681668,0.1267906295699249,0.0043414174108768,0.0,2
-0.0202048505528632,-0.2181880376907243,0.0174323844776024,0.0,3
0.0936210285853956,0.2172991523327714,-0.2143492437513967,0.0,2
-0.3213861119230439,0.4807136817168778,0.0122816061049864,0.0,0
0.0413460332507198,0.0117751934209557,-0.1279879776308096,0.0,2
0.2080262661443755,0.0494996515425721,0.1903972681316207,0.0,1
0.0728312307421359,-0.4071225388965913,0.1034009063262987,0.0,3
-0.1946293593883525,-0.0869320643428993,-0.1807091193297789,0.0,0
0.1523974021834814,0.0425829124514359,0.409602842665821,0.0,1
-0.0389468928902828,-0.5093775866219059,-0.0335626453561492,0.0,3
-0.1967373646785954,0.1091290804082444,-0.3235827284965016,0.0,0
-0.048837524116523,0.180349990647994,-0.0180597930999855,0.0,0
0.1589523136445109,0.0635306862403188,0.0915485344694297,0.0,2
-0.0109575984458641,-0.4680691006167347,0.0795836263655867,0.0,3
0.1815085231261645,-0.3756995247945725,0.1457922963991303,0.0,3
0.0032645684039838,-0.1610088797915765,-0.1178196943696204,0.0,3
-0.1081958831446799,0.2156630378815548,-0.0209505737670356,0.0,0
0.2163750298578572,0.0085869753834248,-0.0474684033417948,0.0,1
0.0070400551348943,-0.3554506921404939,-0.1868664415677531,0.0,3
-0.3337581610543949,0.2949962358427325,0.0065823929788146,0.0,0
0.2484003125062618,-0.0218973112122436,-0.1549694734390962,0.0,2
0.0808512483721557,0.2552687637735861,-0.0223487856684333,0.0,1
0.0969576285372294,-0.0976651748297912,0.1891049885529424,0.0,1
0.1989488422071278,-0.0271653409657309,0.2580061161979208,0.0,1
-0.2455392056312131,0.4034981674185413,-0.0993841793560272,0.0,0
-0.1150221546387257,0.5072374089063549,0.0342063861927191,0.0,0
0.1426034962772974,0.3230924877653312,0.0939865862552454,0.0,1
0.1389467701958934,0.0011337277741065,0.1962597589866835,0.0,1
-0.0903240466901141,0.2104794776839047,-0.1062388567987546,0.0,2
0.1175891145210199,0.2181068950843668,-0.1053669184727372,0.0,1
0.2205152219710894,0.0976939904961524,-0.0116461732180516,0.0,1
0.0550923665390937,0.0872913509565316,0.0430667574210301,0.0,2
0.2080266021621064,0.0807535695850443,-0.0076246206418886,0.0,2
0.0285220609567351,0.2618885020975088,-0.0940065705198734,0.0,2
-0.2878582503461876,0.1297984768493414,0.0835500075704257,0.0,0
0.0670330746205581,0.0607123627846656,0.2733489830526407,0.0,1
-0.0997665731510793,-0.2220594224209227,0.0028476423086877,0.0,3
0.1007091087422181,0.0947914319894719,0.0257095412834632,0.0,2
0.1748093157351716,0.0888215122302969,0.4580762602253087,0.0,1
0.1859170156887773,0.2471473979814676,-0.0004780359802671,0.0,1
-0.1172329978191733,-0.5146340588281132,-0.0431144738725607,0.0,3
-0.3696939328243068,0.3519446945845356,0.0882132714499784,0.0,0
-0.0393619498351359,0.2100877190513406,-0.1819167045716748,0.0,2
-0.2700026905797151,0.1457285645305754,-0.1074866591399991,0.0,0
-0.1154049074671006,-0.5968145474230201,0.0792449782807443,0.0,3
0.1395257578924382,0.2291408971250429,-0.0002187754630263,0.0,2
-0.1627146054101465,0.3654290929021732,0.0348637306095994,0.0,0
0.2080410228085627,0.0486974129955039,0.075563929516763,0.0,2
0.2721766987546213,0.0643512897898311,-0.2804446101864267,0.0,2
-0.085445429670954,-0.271519693574382,0.001963352933089,0.0,3
-0.252066252673256,0.1622704482695716,0.0765119425273891,0.0,0
-0.2089433378254076,0.078216574975905,-0.0041912153962692,0.0,0
-0.0359379221549078,-0.3112539828462606,0.0332179904209135,0.0,3
-0.1800882664643865,0.3469485375601943,0.0795181107937494,0.0,0
-0.050966578968929,0.0183413855128508,-0.0547159376504276,0.0,0
-0.1110593259944484,-0.5726200286213773,0.2647539246818185,0.0,3
0.0230092563291158,-0.2275456859091027,-0.0357289113591021,0.0,1
-0.2673485345627801,0.0508840368249079,-0.0179144083660427,0.0,0
-0.0199330654014454,-0.3823029639564434,-0.1667781091294342,0.0,3
0.062423607776815,-0.0402104928390595,-0.2320419846940294,0.0,2
0.232303236818528,0.1850413626381729,0.0708518370288522,0.0,1
0.1344379053127174,0.0900335249379994,-0.0082241599514343,0.0,1
-0.2414611158530671,0.2489272694362482,0.0770714582644196,0.0,0
