-6.100554919939274,-1.714859359956096,-0.4596970713474506,0.2408590690264603,2.1222738065521867,-1.163037948332204,-0.3086578330162753,1.1138739135354507,-0.2809742283450398,-0.268669896797819,2
-1.2925385906241875,1.1618707969665756,-0.2703804412142742,0.7627475986978227,1.0531037184749312,-0.7159968478319029,0.0834138058307105,-0.6341809297814966,-0.4167142624101044,0.2519737072688983,2
-4.165160625232123,-1.0581730434078849,-0.3026367212664476,0.1189932881030876,1.8960652101775584,-0.3001685252862361,-1.006984587703165,-0.4416518478360247,-0.0052642006416397,-0.4457966059174569,1
-4.41999943951838,2.030132085387826,-0.5833546482388532,-2.2898394998483296,0.9682953065484008,0.3007630676618907,-0.2998158820340551,0.2206865099241175,0.52120831372721,-0.1796243701305648,3
4.42494440453847,0.5617610239462605,0.01006935263578,-0.4999860805586312,1.4451926885638953,0.1917911906779521,-0.7140564119975698,0.1671146295223209,-0.5862955578205248,0.0542527072442538,2
-1.712345221008182,2.790843151529882,0.3800105380184392,-0.3564050205418486,-0.4662871851183272,0.4000953439721417,0.5487860719494647,-0.0307249247695408,0.002221358701268,-0.372413766101172,3
-1.388185685396477,-1.793957910463524,-0.2338098107452179,-0.2710517574634031,-0.2089828080314872,0.7529765951961823,-1.1825189898125692,-0.4546630070585418,0.5384738249899458,0.1203335250443997,0
1.2343438284505488,0.7810998982322179,0.5281329214920999,-1.1146874361949586,-1.4886234418972246,-0.630041767113334,-1.1936344055191053,0.4507827212338547,0.4032122634432113,-0.0529435270189462,0
-4.090061459740201,-0.7535509580601346,-0.8458965340467014,-1.429751964786594,1.5809384251692606,-0.5096040549382538,-0.0077234020699227,-1.05895481808825,-0.3645365295034827,-0.0050114418741667,2
3.035556411712822,1.624945893834874,-0.5681771404518482,-2.0758029903000783,0.0447863480389896,-0.1918731004697052,0.7554034603971346,0.0659439182008975,-0.2268327757270112,0.2395549282133692,1
-0.103543930724141,1.0184180683201218,0.2465812315962734,0.2689243838791865,-0.9043205306300388,0.9464884752616064,0.0525480716664087,0.6219608802724816,-0.1924203871613128,0.5386143213404126,3
-3.0724399363560124,-2.4424539387322697,-0.3143911380036865,-1.1441945748050657,0.4687567494083244,-1.617749358431609,0.0868360635352173,-0.1474169707120262,-0.2351808650285641,-0.2035190604209133,2
-0.9993396952707536,2.328811145177631,0.2351064181244677,-1.523253714243435,-0.2120959458453112,0.6442199610593569,0.3023405320996248,0.1662589975842854,0.2815412045776375,0.2241934440597963,3
3.6930820416168646,1.3212697595782803,-0.4338408013866605,-0.2187281157102258,0.2490407889992476,-0.038696873061494,-0.0533567579460146,0.2297188367803809,-0.2813240162393619,0.2499472351560381,1
-2.1625957937652296,-2.3631802265345305,-0.262728925058698,0.3890878921178269,0.4571010020127267,0.3717538032822969,-0.7620910477084175,-0.3147634239618765,0.1804601853314464,-0.1766021375517128,0
-4.591832672217123,-1.9299365687194516,-0.7400174670820744,0.7475338335675343,0.2444840499490339,-0.4513602343884644,-0.0422318581133615,0.2309767931977747,-0.2159240563809,-0.1221342060538013,2
0.3486072883547156,0.4904450310601734,-0.4215142160810398,-0.5278132737279185,-1.2282302259135571,0.1705082851089083,0.0268156199997062,0.0204374577462876,0.0442006187974677,0.2043281536361028,2
-2.660844769959608,-3.058433299464886,-0.4326340908880351,-0.2568292853562229,0.2757179913853073,0.0440474210427264,-0.0386755840612362,-0.260541292996661,0.4605626714071593,-0.2933958906806469,0
2.8158000496755347,-0.1849956952370058,-0.0039617591342871,-0.5798376443012531,-0.4151272452403596,-0.5897467769681184,0.392318050798289,-0.8684944616031717,-0.1869531524698907,0.4179487932375963,2
2.304529638499924,3.2376579372473,-0.1826008861778021,-1.9880692073216797,1.4021903891312355,-0.0460953041961958,0.1581474110446493,0.2616116369512372,0.2524737283529729,-0.0537768353793688,1
-0.3838737194400377,2.4031622157784,0.0686590777296836,-1.5083161186080285,1.958665095931944,0.6037433554134184,-0.2512973832876676,0.2061225785192577,0.064636071816413,0.2939159828996413,3
-1.774454224451315,0.8913769168236751,0.4926412913567286,1.5282317474080973,0.4995791611935241,-0.6743047429002196,-0.1598616707983958,0.1525031025137873,-0.5768798088322046,-0.2999888049290256,2
-2.568560987183295,-2.7927530817575503,-0.3997390895949468,-0.6695219437519174,0.0999564282724076,-0.3035449409840521,-0.1062680532542862,-0.0101107709026985,-0.0150315943485961,-0.3090463245042562,0
4.031874773401099,1.1512243809279996,-0.7198156247973979,0.4603973333861392,2.09792972500283,-0.0213644789294467,0.1877602558632459,0.3129136337613211,-0.0225110281232336,0.7244968843114681,2
4.069127498679454,0.3188329599795613,-0.3266915421634971,-1.892480720471258,-0.154228165848444,0.186911376527135,0.251771571472098,0.0241293589292925,-0.3590888933000927,0.8263250573802027,2
3.714234739533029,-2.1645875023690904,-1.7055857585189165,0.8140482510098377,-0.3308475092070824,-1.5470476927368302,0.6327836429577223,0.4515850007315357,0.4833185939663038,-0.1387507359706409,0
-3.1705202986039027,-0.9560470011321432,-1.1208006391059195,-0.4959591507339801,-0.5796396731899116,-0.1905934861422429,1.7596498315061186,0.6830432378713325,-0.4912034259936318,0.0629728463340873,3
-2.3738632790630696,-3.1475298147878186,-0.855233492938784,-0.0520643436788567,-0.3859412577084071,0.2492474064132823,-0.087710406244778,-0.2179144576443244,0.575172124326779,-0.1258192574135408,0
-2.271997001293487,-0.2397582304783785,-0.6668568178297397,1.7523650642250794,1.4507137144201012,0.1321146390280977,-0.1673676254248692,-0.6002852205943621,0.1255818415199807,0.3531784156986791,2
-2.4961855700339663,-2.9244060851385485,-0.9370682446562504,-0.1483362119203964,-0.2310145551379595,-0.2792371233346474,0.357332386254561,-0.0459841645080246,0.3416937433265858,0.0533656071691598,0
-0.7446063311829485,-0.4309291338620932,-0.2274085910003626,-1.5480618009649822,0.6917859064428711,0.7948873528769046,-0.0761533229197978,-0.4504705404082004,0.227453007205374,0.3145852051054317,3
0.6483214190509746,2.433359820581629,-0.0449924673555693,-1.5885556695704453,0.2353525830111905,0.1067028444319668,0.1182761275674197,0.2794228015628337,0.2146189399671132,-0.0723567030783309,2
-1.6760077449391402,1.3173950920017945,0.7891612484496702,-1.167517593836351,0.7229028438948591,-0.1773055557730156,-0.117109358989913,-0.5296250484220257,-0.4507343231323341,0.2805311521491793,3
-1.6025134165079538,3.527221881962827,0.0948915329420029,1.1190200956274277,-0.3727085137525743,-0.0993493763094063,0.7161445940174405,-0.6410804920417463,0.431404507096887,-0.3808805792587498,2
-0.796118735928968,0.7300721971689215,-0.5672845905231271,0.3778373989513603,0.742893191163764,-0.8814037583256809,0.7653743734968087,-0.8273326101933586,0.0867589519058002,0.5049583488337585,1
3.1375732195485324,0.6748458446651994,0.2112616025165373,-0.3731392793006928,0.0236648008895716,-0.7760050468022502,0.1223947328766192,-0.5154054131988249,-0.3789781600745776,0.8110403136069094,2
2.6946050520353464,2.5186022276563675,-0.1757582736376444,2.3184035085356838,0.3451546088406014,1.0445478074009815,0.283291873299065,-0.4596138576648519,-0.1305476229458113,0.0170775812836991,2
-5.216016477479682,-2.6241933777742426,-0.4936641375633424,1.297118599897069,0.085375063983852,0.479890785963711,-0.3903764062515164,-0.3490557840306816,0.0142121348258633,-0.1310439686854472,1
-2.3205478812742317,0.111503201487093,0.3735965722891051,0.3642839058091167,-0.4032113632439257,0.1571647597794322,-0.5280456461167173,-0.3193072814722914,-0.0893011836223107,-0.4317478532480025,0
-1.804939942969841,-0.5446999659549012,-0.4002038316883006,-1.2809377932417725,1.70632604242443,-0.4526298463831105,-0.7192519490047335,-0.3684906455266331,-0.5021242189051818,0.1958739598311068,2
-1.8623437543240933,1.1371195545584285,-0.0048676197676998,-0.8786774799177444,-0.061189902677093,0.3179867740790755,-0.8537379113705883,0.3222518454597192,0.060247817583075,0.1234492044918476,0
-1.7469975793000747,-0.4825349335761393,0.2608613493083986,-0.3968672844183179,-1.3340686318672574,0.7211182788078428,-0.3691067393953283,-0.0634615551863126,0.1511065000542715,0.126804061265245,3
4.606833166644113,-0.1947031395956982,0.0077618456263376,0.7251377971491467,-0.4792201808584135,0.7772538733419848,0.0232942999770174,0.6646604252535809,-0.1372306213760395,-0.2084548617843324,1
-1.8105098736820928,-0.578000231389261,0.1067550218246316,0.0890854122430471,-0.5579172057242979,-0.1033986687425777,-0.3112815521301367,0.0058978603809025,0.3001705115760241,-0.1617654962306006,0
-0.2367905834329018,1.0985044422679495,-0.0643812399843471,2.9893873806051587,1.4070538135026416,-0.4562864412276218,-0.6483971337392302,-0.9974037270131944,0.4780233629753112,-0.0229588494698964,1
-1.8791415862657184,-0.931137437769359,2.0705001261924205,0.345324138557425,0.9069665456939128,0.9127143418115066,0.9608163126902916,-0.7073584563141936,0.1421233762572132,-0.058251421404202,0
5.482035921623296,1.7727274427282715,0.1721054334586783,-0.4857604127971237,2.092097965978481,-0.0234347924066294,-0.0337105135101013,0.7223067744091866,-0.6686447199657171,0.5382042551029048,2
4.680391718718203,-0.1095184243117548,-0.355604252795444,-0.859706540203922,0.2701255015978619,-0.2581954546883139,0.3489972187409279,0.0678247015463215,-0.3417873651582031,-0.1606354222876032,2
2.097873090735888,1.438334440144281,0.2294098856867783,2.3194032174490955,0.2768632872895541,0.2331325428650348,-0.5133417016331862,-0.0369549327228939,-0.5612528736785002,-0.0086740927823623,1
-2.366730772718333,-0.3360302519500271,0.0459146981508667,1.5707791358934988,-0.3465840743084487,0.0890727259544203,0.3120496539765023,-0.6125392044439317,-0.3339207007202714,-0.0657649209386078,1
-1.3815656181822509,-2.1949652002422253,0.5382033952771021,0.2119236264895238,-0.5400973499790097,0.2271054037916368,-1.4778862707627929,0.1944573862294969,-0.1997420642075844,0.1487729629824601,0
-5.305887276759131,-0.04978612214276,-0.2296460095012761,1.1691452983274442,0.4530436615978795,-0.0354062773453181,-0.0084325360304711,0.4723095191123944,-0.6659953063546569,0.1730986520844368,2
5.189287945766325,-0.6273847882085343,0.515519053502598,-0.9053087888451696,0.2989915471621558,0.2330778882597513,-0.4478089548332152,-0.0128448796420296,-0.7710382243314746,-0.6537578175250467,1
-1.5550636780570142,0.538512634324089,-0.295849719980049,-0.2460511462488079,0.6699446455040134,0.4465525868352625,0.4167462986596583,-0.2527295174791694,0.1304083675379861,0.2511510544540041,3
1.2984366847121165,0.4669966824132009,-0.0021522499076033,-0.8631107241426479,-0.8898390336707437,0.1611257594048178,-0.6708957055677475,-0.4387531990132776,0.2463665546054081,0.0742247989297938,1
0.4289027732314107,-5.663848002864979,10.42707786457292,-0.4683987838827168,2.6809909639048795,0.0357994289816105,2.5034571129767005,-0.1869874369911408,1.9914338629884003,0.4410267767218263,0
-1.0624670995871368,-0.4679859223440263,-0.6443585556616771,-0.775732009454969,1.2123154145720618,0.7920123911001622,0.6726198770728585,-0.2161327991985438,-0.0288760516996981,0.0706970129994515,3
-1.5252934851457796,0.4333732620716736,-0.1279671442223079,0.670571029090098,0.2106581108902154,0.8935446689579081,0.2345717697031168,-0.1184170094980285,0.193232882698679,0.3143601342718486,3
-3.299347405591628,-1.619615742372467,-1.1598118926375225,-0.7904098733380064,0.3308092025326805,0.0873172502246132,0.9591186553997552,0.73453125621661,-0.0804112214267567,0.0533106792777804,3
-1.077370227352748,2.892385800088036,0.3082773982067708,1.3312619660436291,0.9937534555697896,-0.1900000687106023,-0.0047614924069035,-0.0988453796465924,0.2483347403425802,-0.3878775866144273,1
-1.1414894514780285,0.4841546440696119,0.1814544492873436,0.1223218800131004,1.6149132002397415,0.8642252405183977,-0.0711805267142812,-0.4267281206039064,-0.0288956346101532,0.2497835050614654,3
-2.1754791486618354,-2.7362536613250725,-0.9066120159541974,-0.0307961822174932,-0.9162841443421962,0.4741068809581021,0.2633354959279244,-0.4564420884499717,0.5215751586959849,0.0537978185198301,0
4.3462894028626335,-0.1713292628719279,-0.9474543991741442,-1.335409565967456,0.2369992889435397,-0.0426946312886362,0.4808017533526198,-0.584879021091896,0.1519001528690827,-0.680931965298919,1
4.531860835613036,0.1125284616113592,-1.7853706810296786,-1.7083634397710408,0.6900451195266437,0.0614772650494774,1.561607411356844,-0.1505382675190078,0.1376685224359743,-0.3670965729672219,1
4.944102049036859,-0.5123554968047949,0.1013993563922509,-0.1438856683522013,0.8075318704666082,0.2285525248838157,-0.7846257715338036,-0.1046653950043021,-0.1496355939718743,-0.9369568720069282,1
-0.2214056439292307,-0.6648656991918624,0.5442189489090598,-0.2290148927146463,0.4333909049743344,1.1216582221958664,-0.1863616239311844,0.2224080696220892,-0.6866727161207032,-0.0647183327541883,3
4.558138603271691,-0.6714720612216211,0.5207953972023993,-0.0311436836739781,-1.7347208893265975,0.1780109832022944,-0.9031231827697744,-0.064931761937878,-0.0836429101875047,0.440843196357895,1
5.446182157573224,0.0328448136617837,-0.023424291615389,0.149633414605212,0.9199755687969168,0.9004014282008461,-1.013575874460705,-0.1648555943319863,0.0675444947701116,-0.1264097832616894,1
4.119707501908688,-0.4135081924111102,0.2886309606533796,0.8323560471239273,0.0349519463370015,0.2265553617809124,-0.0037758784937539,0.6200686200008336,-0.3174868844508725,-0.763951740663998,1
-2.6037874909959067,-0.6770690243585944,-0.5870981631724139,1.5463620209950562,1.8526611520008844,0.6043997710634342,-0.52254499145925,-0.8300897879626299,0.1364667336023249,-0.0507244856866989,1
-3.6570572437313937,2.0698435883119584,0.0257702385050525,0.5995347389984216,-0.4846533466486626,0.1709945432425742,0.0537611740972685,-0.0923971105160496,0.1033087640682814,-0.2212653574766699,3
-1.6332287616456005,2.257203242039786,0.6694864907360967,-0.9538651954773498,-1.7004507144504688,-0.3114056451168067,-0.0689770987009461,0.3511489551236882,0.7495388163331684,-0.1442972838943491,0
3.973031907768533,-0.7588976811056797,-0.626788045532568,1.553093299508624,0.0069089482684958,1.206507142036233,-0.2002977598618704,0.1864654004754063,0.1979605725579325,-0.0596766447662022,1
-3.251331032006825,1.842256988375077,-0.1186930719041225,1.4587299927853077,0.6494249442853335,0.4441292322610034,0.5906062760648284,0.8687896713195074,0.0112890894788417,-0.2386154498849697,3
2.29349230871781,1.2268541384238052,0.1283241543249111,-1.1323041619487144,0.2533237622441175,-0.0263538842576967,-0.2604517425768495,-0.0677018579172908,0.0693260804645884,-0.1947696819865697,1
-4.4087687485070655,-2.9986689230542494,-0.0429257950637206,0.3908218905379425,-1.112231643929244,-0.7166072562268064,0.2125016427767978,0.0536903137917197,-0.2620530343045392,-0.0775327371345012,1
-2.8773123433720107,-1.2274447327354574,-1.1173085974327184,-1.4027825811801111,1.8031595386660493,-0.1666582401227537,0.4485615183338942,0.6040131019616053,0.0008662083350667,-0.1399978387581523,3
4.280523395802204,-1.2800223169770937,0.0034505989603049,-0.3486817301305184,-1.774814814550841,0.2879485150748326,0.2993200501728822,0.1673672876969921,-0.5157455426767793,-0.0729930319284139,2
-1.8924482554032027,0.064985054151718,0.3284642775463672,0.2612223909856491,-0.794931707462499,-0.3423197941609726,-0.1263425610550737,-0.1925275382307435,0.0561748643398831,-0.1259328685133948,0
-2.353453724261018,-2.5596243568640427,-0.3794540713344558,0.6060261013742086,0.8152049095842087,0.548962857103171,-0.4295272680193877,-0.1015777896394404,0.3274278370384769,-0.2155664896964155,0
-2.5567183066097776,0.8171830370693013,0.0956761811001229,-2.0041555897549124,0.5214547091658839,-0.0847298406125983,-0.1686611179907823,0.6155860065510975,-0.4214778743817488,0.0079081223766891,3
-3.0652822154954147,3.2660580643063657,0.0517113942287553,-2.3831789111451824,-0.2602666482471704,0.1775159110288018,0.3036988826786719,0.4921062436009634,0.9042354048802131,0.0011662616236194,3
-0.2794458072667179,-0.5059045766129365,0.3877166407704652,0.0223133723510546,-0.1552639581139099,1.0244686982622355,-0.1878734892408231,0.4844007574467891,-0.3291189776217094,0.3930310778912932,3
-4.978511695884034,-1.8866269037947696,-0.4910549161858604,0.5967226309629,-0.6002966910404215,-0.209520511768818,0.7389613179968786,-0.2110125311874741,-0.3447230087747281,-0.1163661628256271,2
-1.5704679008651197,0.602746983380798,0.958801188917248,0.2323192577441785,-1.0225156701815925,0.981416370709382,-0.6024887727379901,0.0893599526826431,0.0022125011149385,0.2205061601980908,3
-1.9770722645896888,0.3769192271325359,0.4112585716353406,-0.5267725644297458,-0.0033084482025561,-0.039786421844,0.1821121768262674,-0.4937727464440156,-0.3779818746180384,0.0363471035340088,3
1.1119092186597952,1.0990871945834575,0.3512720925011873,-0.1579980588921828,-2.129751785074844,0.1260910511966457,-0.590208176554713,-0.0713259497971765,0.1841524343164433,0.5537715780027511,2
-0.5913975781117973,0.0365398253696536,-0.0230249821903304,1.274364714713487,-0.946585350821924,-0.8054471536675779,0.5982287006533822,-0.7732337258256246,-0.119713517371063,0.1575304508745623,2
-1.897962763543739,2.903857616622976,0.3252261449710475,1.2533742364244815,0.2548504944640404,-0.5769344641326347,0.0952875082212571,-0.564698066039964,0.2560462795581016,-0.0278698284412928,1
-1.0975716720154405,3.766099624414295,-0.0375306700745249,-2.6669018985981645,1.462981785751041,-0.4033718562136508,-0.3551431238295342,-0.1758581529651505,1.179681431423516,-0.1928293339398165,1
0.070580369940794,1.6644125440027142,1.242750559936949,0.5782706453018014,-1.0062772099633654,-1.0262279926779072,-0.9564437119678816,-0.213577193301852,-0.2191880442789866,-0.1008736889152543,0
-2.315603949122544,-2.77199728501082,-0.4558324933025249,0.2984811393641525,-0.1085802258342172,-0.2061647802902058,-0.0651992851693448,0.1623380407307899,0.2556521322021045,-0.1706870932630511,0
-4.0138925998750326,-0.4234062379849246,-0.6656359839962284,-0.3370241066396862,1.984955706661904,-0.3286486609634597,-0.4114259374558936,0.3148778214006243,-0.6361955272737211,0.0371286280195113,2
-2.705401349186972,-1.2420000886614777,-1.0216362819184444,0.4335784895570886,0.508603715526832,0.2325252742410806,0.7858428593889994,0.4962230475278483,-0.2949489681500421,0.2545477161730735,3
2.0209454334128387,0.4989354592990347,0.1716545377032858,-1.077773447147396,-1.4029732331766989,-0.8577101064750745,-0.307733788665274,0.6604288876099859,0.5196621340623943,-0.3153250273310642,0
3.518564739807952,-0.035966473308982,-0.554466128292438,1.4398564133651393,-0.2498567006622781,0.776257556118861,0.2619741203528019,-0.0983930117107816,-0.1261284044262424,-0.0023112209056032,2
-1.138620809212599,-1.025757347287969,-0.126859124932014,0.3700219533336302,0.3690337282185554,1.499715533683534,-0.1159909610091648,-0.3758806515151973,0.125730133077348,-0.2461335636794872,3
-1.521395228967742,2.0331411418397454,0.3402887783710358,-1.365522200684063,-0.2926220249144564,-0.144949016397904,-0.7472572872087669,0.7256940336181674,0.165406970135815,0.2293025939353797,0
-0.455411485125821,-1.1601146957346165,0.340807073562845,-0.340007203769175,0.1381903050919413,1.3934200106227963,-0.2709253333954499,0.2336356425513771,-0.0673534794541542,-0.21860387939249,3
-3.583632609616006,2.339155768983705,-0.1167736218280047,-1.327017571356268,-0.7953768048435271,0.623418708763106,0.1476684635638059,0.6590655222211986,0.6194338261426741,-0.0163694390154225,3
-1.5551891447583033,-1.4824186381314357,0.8068639317195546,-1.05739309564864,-0.9228851109713913,-0.2293457798569937,-1.5207387979237348,-0.4795874387850438,-0.4151540459999887,-0.2463799681181764,0
-4.810863361135386,-0.3944767507920436,-0.7344944867792096,0.2830083742510199,-0.5725125556045059,0.2422534733431,0.4981426981134551,0.3693099958203145,-0.3469716759051696,-0.0064193257670793,3
-5.254955490405956,-1.7002175087019074,-0.363025786980683,1.21010919457137,0.4379476954063253,0.09085249915872,0.0020292060100864,-0.4060325850550455,-0.5464864069816645,-0.1391430340469966,1
1.870407236575661,0.9754865040140062,0.5855634278026324,0.1167404987862684,-1.0590836284057856,-0.6029951744810687,-0.7662657846181046,1.1476302928421158,0.4636529412407819,-0.1194302974936525,0
-2.106042433320796,0.966521055636398,0.9087248834832944,-0.541206556061804,0.0397135449528093,0.3241742875140698,-0.361352529364076,0.9583350416831742,0.0080027989511859,0.2246511911327676,3
4.247701921381811,-0.7373915484002631,-0.4230810104441597,-0.6540448930699709,0.4221550289146724,0.53652629527568,-0.0135868259743673,0.154673698119357,-0.1297386725601333,-0.3331134051278472,1
1.2952795623338658,1.0356695546955252,-0.0257407958775723,0.4291963361977527,-0.188623983479248,-0.8487923523526697,0.3159852105578422,-0.3793382317959104,-0.3435682917498982,0.0139993156230292,2
-2.697243376737348,2.189532030634977,1.0339186584491442,1.694479718496527,0.4551605729293688,0.2030628006196692,-0.2023504237150223,0.995050596111175,-0.425405711661646,-0.2694704061626693,3
-2.148053141403345,-1.675851006832209,0.5522515792687249,-0.2597895966094343,-0.8958849092243404,-0.3025544446497528,-0.4696262715949132,-0.3791797276388648,-0.346081811054878,-0.4788029643444734,0
-2.676342719847489,-0.5574925168374055,-0.1426147235195826,1.1587913359551163,0.311772448795254,0.3852431271061298,-0.6641925915057367,0.0458550665720704,-0.6492001694006119,0.4321441544531431,1
-3.119268192071033,-0.984054063105213,-0.6407873935780983,0.3160398195264808,0.1853145182619436,0.3251664572599004,-0.232253160260413,0.1378246620608207,-0.2345171303351897,0.2556190363997697,2
2.945184855440293,-0.0908444139860709,-0.0883287378007707,0.1136116013686394,-0.6567194141653845,-0.4783107368327854,0.5880832777972297,-0.9401365524530688,0.0438004723817069,0.223225424132706,1
2.492136623579224,0.1891875053516525,-0.4894293230774252,-0.5044531329053057,0.9790095736386248,-0.8100021030185669,0.2746445517191503,-0.743174795880778,0.0326775166245334,0.5996645944765895,2
4.314783405228866,-0.6398755522763785,0.5113438784433245,1.3473819226482302,-0.3529365889392301,0.7516925673713876,-1.1765117368643287,0.2838685141343776,-0.3376838100591229,-0.1213312799588474,2
-0.1740749720869519,1.8175658838514648,-0.1014857843827239,0.9351967649497388,-0.2521581761697991,-1.181329946004957,0.5442093880791972,0.4328747633065143,0.6645381204190173,-0.4204163177719825,0
-2.194273617714769,-0.9369051291552944,-0.7166089802516965,-1.796642855863819,1.489887000616015,-0.7803409413518171,0.1204287394774777,-0.7135010464424117,-0.2766867603786541,-0.0233903590599497,1
-0.5440158471108325,-1.3684052964661628,0.0330192083943398,-0.5490043521193467,-1.1794269395152517,1.2221742108100062,0.3762940455180149,0.0359438814843506,0.0137869031566282,-0.0858994969250465,3
-2.386325264902577,-2.9777406187958704,-0.8079601493681031,-0.1248089224839193,-0.6786478512026072,0.4279672440174377,-0.1340992885494581,-0.1512435783934961,0.3071346580705447,-0.0473796987918448,0
-0.9635723759263054,-0.5621266330837402,0.3639823263221165,-1.0100571120230943,-0.7989859387495053,-0.0133297342985198,-1.1025295677212366,-0.1051120242866344,0.0681796623601534,0.1028152672188764,0
-3.3204852972182444,2.223511657658179,-0.2154907037723374,2.254359693153756,1.2162093792858315,0.5104604880558665,-0.0505657867314148,0.5255420191167935,0.1355509957125165,0.2210537156317996,1
0.5121006447795046,2.9220249478561184,0.1111535972859658,0.2502481911733837,-1.1744597278165727,-0.2846196833439384,0.8953186429021337,-0.5031760677976611,-0.0782033315373834,-0.3020309206895347,2
-1.2603171451168027,-0.9458494702158547,-0.4925547746976094,-0.9575217123083526,1.4705034216352266,-0.0933899716156196,-0.645457742429783,-0.4165852199189638,-0.0673769577851488,-0.0864230819454007,1
0.0971408369814999,-0.7672414467122226,0.3148464658179064,0.0936622902246849,-0.0510150536286452,1.2458177033367284,-0.1464461632219851,0.4854217221116634,-0.4336685729478404,0.1013173165557694,3
-1.7431083437394004,2.8156814154690664,1.1004051342212602,1.3617987317707425,-0.8806080398032908,-1.216860066524246,0.1486056808584175,0.6331760365658003,0.092498054451432,0.0248847017112781,0
-1.135019008027247,1.9594649509073807,0.7259828602826017,-1.6551763899347771,-0.9380258938849162,-0.5022378745550675,-0.4539374283756057,0.5768108793461636,0.5247424364408735,-0.0248755748131255,0
-2.3889938767855905,-2.871054084881956,-0.403070284607369,-0.4899816588372633,-0.1422726480744197,-0.2066087696347429,0.3660549624638131,0.0717511630060135,0.1422313585797496,-0.0516992211159461,0
-2.19589066233833,0.0143580707067371,0.2756924670053694,0.6894881667262486,0.1169653104433519,0.1092084982357445,-0.7196527986172548,-0.4034303262293769,0.0744389915602253,-0.2952453002594976,0
-2.266283999579657,-1.2725829856734228,-0.6358478077128801,0.5895519714760864,0.7135203374590426,-0.1804041336744214,-0.0923386141583544,-0.5971420283295408,-0.0963564247492336,0.220539987069206,2
-2.7951322474195344,-2.6467564598551943,-1.2189053417143572,-0.9958568364341928,0.8357054034256026,-1.2307201591266317,0.1231928607282211,-0.5228025178656699,0.3941106487077923,-0.0530138840800536,1
-2.2086373385596283,-2.533336862253725,0.0710049012594823,0.0032572768355329,-1.5072352716997015,0.1298478607843993,-0.6406053010987361,-0.0735625132145337,-0.0791544595196655,0.1094773045185354,0
2.127859068069365,2.0267470636092098,0.0788176409994958,-0.320523093870515,-1.5405822405113645,0.1581442426030521,0.3315511859556407,-0.2097882217819371,-0.1602268639727711,-0.0585322213139832,1
-2.714955449423356,0.8281170244491871,0.160117863084307,-0.0021305664530145,-1.535318721497355,-0.06746461394239,0.3665299503757575,-0.2707522137737444,0.1094081988676518,-0.050815184893784,0
-3.175350685236101,3.383427195591923,0.2380162901268787,0.3065479704878823,0.0933539670109222,0.2775278091720934,0.3384869528862063,0.1966698629914385,0.5106456314080705,-0.3358495439013723,3
2.956029090088038,-0.877293717050026,-1.6217817228103624,1.835609377916137,-0.1527185261609248,-0.9872425790343964,0.3556910856503254,0.8464964848016839,0.6733815369036416,0.0081466166064826,0
0.3072854058808458,0.8077406004130702,-0.1711718289638035,-0.79284779090913,0.6856472921517501,0.0196935259790104,-0.6731670081396389,0.0187944996035908,0.0483512711409059,0.2569358274399398,1
0.1459311712070502,0.3026163124300527,0.2627055044380828,-1.13963300741571,0.8330019224914966,0.8349661578369554,-0.1154188022103241,0.1276145791800821,-0.191221759341275,0.1016805937460075,3
0.1166395792279521,0.6748571243583622,0.2353938550801206,0.1984456151614499,0.7065607246686779,1.2342152327465896,0.0689784569193228,0.2183348800264305,-0.2395098800983633,0.0354825585128656,3
-2.668704134957465,3.00878086414283,0.4666816641546233,-0.2138811452780029,-1.2381368855319488,0.3129199718351107,0.4498493231692952,-0.1876617221495534,0.446295075494437,-0.2515387785218349,3
-2.5154918337527503,-2.8965464284403213,-0.720551408735389,0.4114596919204072,0.6278307438772233,-0.2007255688638267,-0.0764729203038892,0.2941578916049611,0.5189039094220873,0.0555170788846084,0
-1.845663058260914,-1.2642423717748832,-0.5298842340346245,-1.2558342253793442,-0.6182830190161328,0.3184535332309991,-0.5477784856276982,-0.4668556046496591,0.2702561694949731,0.0246982971709676,0
4.81696928503078,0.3923815694374769,0.0538571486956019,1.1231147120729923,-0.8594340260017275,0.9089380417149748,0.3045619768817639,-0.0670686019249169,-0.4958296813450745,-0.4935318773951119,1
-3.897686501756718,1.303601110532127,-0.5789147482704605,-1.2837017367439656,0.1436048105792608,0.5129272518055858,-0.0474132016409159,0.582273166474915,0.0569154761956065,0.1931251945647112,3
-1.2003627195661468,-0.3891898643589593,-0.4012693703571339,0.1678993192320449,-0.899939450496872,0.8050220100222949,1.203382839084186,0.0116276764558452,0.04914714837957,0.2784908000338346,3
-1.116819012340857,0.8005925060487847,1.156152747423432,0.9188365322681488,-1.0849293731830116,-1.0342787026211675,-0.617589376195639,-0.2058352286028138,-0.1431908485244304,-0.193689297630668,0
-0.5061625768923483,0.7034538821867375,0.4702119301805179,-0.7163738160629933,-1.1314636430272944,-0.3489315862217658,-0.7834893570603657,0.5136487747336228,-0.0419380562157938,0.3520661826201952,0
-2.051380662353313,1.7827860264401385,0.4306937988509505,0.1031063660418997,-1.967415389626129,-0.5117322215653258,0.4936018643222978,-0.487308414170497,-0.0292088867665251,0.0922078772668023,0
-0.7932028849698373,-0.0687481490088997,0.3650324839531658,-0.2500693080852328,-0.6031892814347464,0.2462136469028671,-1.2213095742213091,0.2886880853760657,-0.0152771345457832,0.1958329308536223,0
-1.68541161828569,2.466514975887182,1.1608514711456828,0.4717835063049609,-1.2098729545786515,-1.1178958539436696,0.1335293315549067,-0.0252815695434818,-0.2909765702108235,-0.0218992595267748,0
-2.0395945868527403,-1.338465640469118,0.1150103083217816,-0.2389599266139092,-1.3146938287685876,0.1918317873113165,-0.7888625867605743,-0.0249640012359347,-0.32682477555395,-0.06775721755669,0
1.4888564452747155,1.0195087869735748,0.5382148349823054,0.5435903140942078,-0.8218657290718278,-1.132628238842137,-0.957164236750836,-0.0997112220783922,-0.0360226064932974,-0.0967998042223298,0
-1.7776697380381474,-0.0257949725705382,0.2234898720641681,-0.1246638264940424,-1.5591700847055512,-0.6775045304056366,-0.1223872673587491,-0.3395420451274595,-0.4234478959590987,0.0383119441363365,0
-1.4004330594460617,0.1145258871922117,-0.7369341815331691,-2.046880590588289,0.2110787718153819,-0.2904595039953122,0.1375663620000579,-0.3353334969583387,-0.1264698564825494,0.2956917276491735,2
-3.3381091207870384,-1.3376815769824122,-0.7925669563278191,-0.8367902019222007,1.0090643021523145,-0.4142437581334201,1.122173927633907,0.5106393261919984,-0.5318834137079661,-0.0319096098250088,3
-3.166397435640614,-2.024414612223835,-0.4923509560697679,0.7646789769568689,1.4586774608705688,-0.4409835926827336,-0.3393978786668244,-0.5025356552467252,0.4154103402817605,-0.0365045762866591,2
-3.1008578005607257,0.2533016816915351,-0.1419591434927319,-0.2390953041342087,-0.0273284528337372,-0.4364799615873877,0.5808727660473866,-0.2882262371167966,-0.2650902570603792,-0.0495147435544862,3
-0.1860587915115143,0.6226097433159626,0.1852563641096397,0.1555768485181132,-1.0732233036582306,0.4198289173170247,-0.3207677005134038,0.1133545137262896,-0.1121169168070988,0.0722262633492651,1
-3.9727752127082616,-1.202813890754072,-1.1073871661314851,-0.3548904034535045,0.3800083422556732,0.0984201110037286,0.2608946944983736,-0.2010279228536166,-0.41760080663771,0.0187176528444786,3
-0.612910392498759,-0.7893191329712551,0.265018414179977,-0.377970836961604,-0.3338262254071969,1.1542765416883896,0.017805319348324,-0.0358656164919699,-0.1422486529280374,-0.4048263784902254,3
2.320416262971512,0.2329015825329497,0.9556584492805594,-0.2768020875371861,-1.2667025285798708,-0.9950702004528872,-0.9700948754407648,0.5398999790017398,0.0734403321081529,-0.0200135071661152,0
-2.6832364390821306,1.0122689229580704,0.654634373722622,-1.4026018097856436,-0.8809361840901317,0.45969684170812,0.0495548502778726,-0.0237645449318687,0.1920565071285193,-0.0273620924481262,3
-1.5871773980465618,-2.1346874715092223,-0.073266350259936,0.7572096044618774,-0.5054940446537756,0.7049177095157677,-0.8867283810184452,0.042427635849661,0.4351156715951272,0.0767740379167974,0
-0.918092495026023,2.110598010048356,0.5172700457834432,-1.360746486533027,-0.0920228391199789,-0.1145756695902219,0.1961383907834832,-0.2460954012862505,-0.3210850446254629,-0.0573837403058885,3
-3.024290186752623,1.5543557444994796,0.3933918934596673,-0.826723362341228,0.4024327414274361,-0.0673184310895785,0.0020497506509099,-0.6452082730650355,0.4277426615439027,-0.1524682831258463,3
0.173381242023848,1.218894991162776,0.1720172859500072,-2.242321679933254,0.9514964805133492,0.0164086809248715,-0.2141135595529592,0.1023628793406005,-0.6690373952738623,0.3322273348825187,3
-2.0750001409048213,-2.128244894456374,-0.6154232431641018,-0.1725105505309907,1.0499428150937091,-0.0324278426543999,-0.228709427972846,-0.1291292609146532,0.2909596911070384,-0.0932969716667633,0
4.087650112880636,-0.8435938949201449,-1.0543431456459489,0.3204011851878631,-1.0817609363778322,0.5202041290992802,1.0708704653216436,0.3817649075657783,0.3620197872172949,0.1634552967569485,2
3.74217339124899,-3.860371312327744,14.291264664915325,-1.0891841007115908,2.23291344251935,-2.1891484374929866,0.6053027335310293,0.7804846280134518,1.266541805793849,0.1671286047354279,3
-0.3861734983024071,0.5573287075719445,1.1556612562298003,-0.9478012724032115,-0.4843290185585372,-0.1912722682330994,-1.319049467415116,0.4096312561498086,-0.0893750973502684,0.1413091812370777,0
-2.7108989256470744,0.0741331057866355,-0.4125812341514031,-0.0171007999911617,-0.9440325300616456,0.9538020122616307,0.5658718400907349,0.6779425887501985,0.0297137559412288,0.1831940155639269,3
3.066932509616116,0.3188269421621852,-0.1577656389264451,-0.6736054904449055,-1.0929185094666711,0.3176057945646489,-0.0450418269846782,-0.1029124797457753,-0.2997672477472162,0.3969256402254067,1
4.372832021133459,0.2204309120380881,-0.2843667502997432,0.4781801133993957,-1.4198594085249807,0.6912439018880715,0.6224445464353345,-0.2521837619410879,-0.4185170720162823,0.1978784869380249,2
-2.726499970416935,-0.1787807133799961,-0.9544531189117184,0.5872853121125615,-0.8676474208229329,-0.1448953083527238,0.7736334902888262,-0.259474230792677,-0.480614437522498,0.532415627084862,2
-1.064519912365464,0.8879194302670238,-0.3793381548176568,-2.0252241705334018,0.3415969084813561,-0.5856626537313994,-0.0717083330726364,-0.3434235864814954,0.1085353703828638,0.3243289656679903,1
-1.755319948979974,-2.480325248662844,-0.6014879499777577,0.5208792058944108,-0.0968221887638328,0.872545759971362,-0.6533667884235763,-0.0687410835587937,0.4978673713238436,0.091572919123567,0
-2.4416756979778067,-1.3086514922846606,-0.4509374303284803,-1.338202489480444,0.0794564074745883,-0.0918531790767293,-0.0612268600712099,0.3025352275214327,-0.0047637524569983,-0.0119641484063531,3
5.299145327354035,-1.7525571720327882,-1.725959486464378,-0.1084972799811524,-0.1941670024405801,-0.5074725169413162,0.4003284939660179,0.316836563011343,0.2761959605938778,-0.2402144230827429,0
-1.99672501575603,-2.393796295421206,0.3310697526525856,-0.7104401410553977,-0.9824113126685796,-0.3117192326399866,-1.1545761038194169,-0.1973189179632995,-0.3367758306306359,-0.1259945334590814,0
5.008098500344956,-0.0813176696057949,-0.3082351265485312,-0.0317635477277646,-0.17420115592589,0.421905204160986,0.5236411374064394,0.3598758338191231,-0.4476289616505794,-0.2549064868613989,2
-0.4003326968852498,2.326528391252369,-0.1147667038823875,2.1519236102702006,0.306715749497336,-0.4330946331397979,0.1711003565362298,-0.2514405322330334,0.0697578474263582,0.2530615905134107,2
4.541868918600386,0.1579608779829562,0.5243285551219249,1.4987271519617322,-0.3325114282242409,0.8262874536205411,-0.7184848116313561,0.5230935483925211,-0.1084436559674403,0.7688616382853297,2
-0.9938773493390748,3.2055290875058686,-0.1378629679624618,-1.7340267476288254,0.386766958318532,-0.0598463166282425,-0.2685196388290606,-0.2934914176313581,1.0387521956393675,-0.3719884565482729,2
3.91405387434984,1.3761656918990324,-0.7475567852686774,-0.4315349543274567,1.773264586692209,-0.2292589732418435,0.8851600315670595,0.1513155033409842,-0.4607056105154108,0.0396010263291497,2
-1.485530681061631,2.5336173398322743,1.361724089960981,1.413342148655803,-0.4388135665349282,-1.5672577906459326,-0.1237431257902367,0.4343729608769937,-0.0182516189372287,-0.1923603383254361,0
0.3462696198520312,0.1257576734988567,0.8961697877972554,-0.1780957582805961,0.0307162523661735,0.904845206467048,-0.697419376781518,0.5471484737870187,-0.7510101929786267,-0.1485866665387721,3
4.928811512976864,-1.107143263301782,-0.0337747379372557,-1.004421099388314,-1.1826667179175394,0.771800164635025,0.0357459715251833,-0.6255945797808498,-0.2660177001422547,-0.8999556196575148,1
-0.5613642488719852,-0.7987348232787372,-0.080474460827176,-2.0715307558794342,1.2930127155285858,0.564498478450961,-0.1735131818887649,-0.4214879540930424,-0.0431338973782397,-0.2253730806474016,3
4.998447827109753,-0.9109769017590708,0.328519916619946,-0.6155265293954577,-1.3084131538583197,0.2810096435338073,0.0587584076457385,0.0053496849008732,-0.5880342893177787,-0.3924408310198785,1
-1.841397434135548,-1.073576386502325,0.3091460875448843,0.2453262194321587,-0.2154321927564766,-0.0472011967210579,-0.7035301056932056,-0.4389558026075637,0.0003976660618738,-0.3365687953522651,0
2.412288710335707,2.497780529409114,-0.3160669163199329,-1.520031792586242,0.1555271711150443,0.2203285629737125,0.50456489179007,-0.2807338412997324,0.0624082456942056,-0.1031504399950502,2
-1.7497583972898991,0.3671305382460532,0.7279927844318083,-1.505617038803534,-0.3832660979682152,0.27944785871373,-1.0082612055403646,-0.3791923848708364,0.3402675395808387,0.0651344218212682,3
-1.0769256406234746,1.166185922365362,0.3268357174373404,0.3809556196495801,-0.7687727826579049,-1.1205241592700792,0.5333737581562518,-0.6189697783060663,-0.3573006254357315,-0.1174689001095876,2
-0.6037228627551628,-0.8878565379195547,0.1258016844681961,-0.1544309382990067,-1.147135763194312,1.186418143042341,0.2402120803681628,-0.0109071106492277,0.0686336686360841,0.3949582284692521,3
-2.1949153528384544,-2.281153660885182,-0.2218969868974613,0.0183042806356289,0.3945344979959556,0.3839770279989379,-0.5870426891641286,-0.4438829762679229,0.2098154049668154,-0.2573774266869568,0
4.367208866423365,1.0928776318214106,-1.0111404403149729,-0.4278197868121973,2.634086532586221,-0.2637275675355363,0.7727877175475664,0.1421639161105986,0.0660199709171728,0.4138610083389314,2
-0.0691401291797125,1.4465024837557263,0.5607613528077439,-0.8343981458705144,-0.8335745508998965,-0.6794172340176412,-0.8368039982743132,0.7882420460258814,0.0620515373423247,0.0819913281498108,0
4.233758873400307,-0.2395477062600148,-0.6243738636524171,0.2230141766095785,0.6327557395423636,0.3242092807767154,0.1342416776841468,0.5301510978953772,0.0396664410027602,-0.0322622189536215,2
4.5164828285676535,0.3134523386881621,-0.3445134566174799,-0.3177485526919085,0.9085964081851514,-0.2974843046816902,0.4496819637155937,-0.4377934936314427,-0.101966375415189,-0.1069197355336498,2
5.039661523453825,1.040263177768688,0.1810391618932424,0.5446833566343514,1.6582025013968753,0.498344744768231,-0.488226788155752,0.5549272070178152,-0.7355681003656889,0.0583411445865305,2
-5.311728718360955,-0.7430800030996183,-0.6602894812068844,-2.3857939291355,2.004597049228453,-1.106233832028629,-0.06871998248803,0.0053557444902706,-0.9120898686203864,0.0108003710057993,1
3.7692158591412777,-0.4715765688749004,-0.4641281969641154,-1.2455597410343429,-0.3909373696310834,-1.4754670726386447,-0.4776031894969419,0.3506317068636204,0.1033248444347921,-0.1523558959545739,0
5.371958674782944,-3.303148820399433,-2.776087712276856,0.7919048551348632,-0.307787116241503,-1.092892275992255,0.8051807320936252,0.1101196960390601,0.7464826985224697,0.2074801081990639,0
-0.1528048943814548,2.45360724356974,-0.168113674374914,-1.7262216479813088,0.9313876622749364,0.0795766671091293,-0.0470822091540318,0.1749944954489791,0.3655623869156255,-0.1688106232122422,2
-1.6677374037321069,2.5062903577132323,0.4047267818322565,-1.3783460576703157,-0.727527120482124,-0.1782584129979554,0.6019359544865776,-0.522971885383647,0.117693964385165,-0.1560957544869228,3
-4.4018962747375685,-2.64393149838835,-0.0927073830019516,2.0013612198425537,0.3245789926238764,-0.0603739425718687,-0.6029729543048545,-0.0110587260684425,0.1202014343377115,-0.1032047297796526,1
-2.508540834922134,-2.773184422150766,-0.9730781761871375,0.812370621600472,0.5710939291249426,0.2869089488176444,0.4235083915109796,0.1986928124711525,0.5158063082169003,0.1009952784793197,0
4.426088052067725,0.2384754831903395,0.2103444440519784,0.6503962863323391,-0.004332456370012,-0.3148767799838901,-0.4016750574727336,-0.4470338519846289,-0.2109271017271394,0.0310299983587314,1
-1.168263678679372,2.775950248689052,-0.0078237114069591,-3.156664471788595,0.6308144089315313,0.0359371320650708,-0.0526525923238607,0.3915030374642197,0.2530143036363826,0.1535517515122793,3
-5.310470304618231,-0.3557917093991479,-0.5370527992546171,0.7917874444556141,1.992471832486212,-0.1633068447751229,-0.5190294032036045,0.6483245749885131,-0.4346085999441736,-0.0690054052275391,2
3.6642909651831497,2.4710543725044047,-0.138712526482071,1.1273547593428948,1.4117344913560264,-0.0215599987523337,0.4254880553750622,0.3267310474580032,-0.4114181041408796,-0.119423962912261,1
2.6734319327757348,-0.1659619999616524,0.1735879746776957,-0.4888950563839372,-1.4053515584164835,-0.5968802801787396,-1.0510990762442003,0.6950428697547152,0.3793289633004299,-0.0002186289408352,0
-0.9800956871767148,0.0482897796102137,0.012365512543464,-0.2610244489391041,-1.4633407436790205,0.3023673936488431,-0.0443553978873056,-0.5351579619198411,0.1993513198773401,0.3136590402196704,1
6.594806587765796,-3.694137826991471,-2.4527260319843407,-0.8333230838955856,-0.0103423856688014,-1.7872084780876678,0.6306111834201263,-0.1257314640020437,0.8360964288083574,0.172938211116515,0
-0.8665224259220463,-0.3350412642530174,0.5338425773631796,-0.1966588742628192,-0.283099899001034,0.8155876935044887,0.0366037345939449,-0.4337949062226593,-0.3671441752013161,0.2043136543451359,3
3.71202285094007,1.0594977743220435,-0.2583887079120296,1.4607119635465535,0.7511280405593714,0.0149985362599973,0.3313287410004862,0.1405272513414042,-0.1615145063526993,0.6165501356667293,2
2.925565350539702,1.5127265818565203,0.0927731087853854,0.5918306090257901,0.7272035444673197,0.1361511608982533,0.6358882711072263,-0.2739674932225505,-0.388222563668111,-0.3868471146225393,1
4.694817640832669,-0.0399551967324419,0.7128027433178343,0.6840364057639312,-0.697011470204657,0.5451675799947964,-0.2733162653241103,-0.1165911321986272,-0.4300068028815952,0.0465920925102088,2
-0.0743163025994288,1.2139665091860792,0.5275209563837127,-0.6033140705461848,0.0596559103037597,0.6176966511518862,0.1393882474377121,0.2402248356167865,-0.6325610507431848,-0.3444815945384982,3
-2.1605068658857083,-0.2211477799177305,0.2067173904937596,0.0766426380035226,-1.0207411462797629,0.5477768458561967,-0.1887966360375264,0.8327722196914087,-0.2081402775712221,0.1058445547939872,3
4.625304661549524,0.1209160935903109,-0.8639324670908999,1.985739906949712,0.0737454526566478,1.3790250437927192,0.5170350429196606,0.2162038219297387,0.0689372010420767,-0.3608257211431347,1
4.030201890447,0.078059520881956,0.0324845917752366,1.3356448703179462,1.0145720688760012,0.0124424541273972,-0.7467123117889968,-0.4613330707367168,0.0630262167943362,0.424544340443578,1
4.461089477694864,-1.2771624231043217,0.9359861190902456,-0.0062223581649661,-1.9381123126671824,0.4501119602566501,-0.9026191032435668,-0.2962920131988184,-0.5108993022165002,-0.3737825740587245,1
3.912019217100505,-1.6702772555413763,-1.053046428703461,-0.3664772231685195,-1.3387327756751923,0.9580562964751852,0.7911225321801639,-0.0755287288044603,0.2280179815874273,-0.0578512175754816,1
5.283930653269622,-2.4170431267230983,-1.382609700322148,0.4817621707810903,-0.0334956540206796,-0.8072581900195236,-0.1819054816207695,-0.1703698935400011,0.6576309662754938,0.4604313101407938,0
-5.606265594379911,-2.43129171172133,-0.3678662402774385,1.0900681020233176,-0.1102015524724379,-0.1592277338550896,-0.200086699785302,0.1809351832568505,-0.3186649706293759,-0.0524150437613268,1
4.201688333689087,0.5652576571991695,0.288845809146823,-0.2392876446537213,-2.0941217192534896,0.1146116323119276,0.5784540360008656,0.0344386366560761,-0.657133496982351,0.3762106320599546,1
-0.2417608567209515,-0.505917991418462,-0.6101796416434476,-0.3313214963598718,0.5080162971614138,0.5288529158891923,-0.5360099792780658,-0.1649616961707695,0.3707618963072802,0.3742216205929471,1
-4.419449646746196,3.0525958097596666,0.4386605275728711,0.584831517498154,-0.6622098990292636,0.1871744581106405,0.3549004898580913,0.2983728273008916,0.4525762328752739,-0.1897765897356242,3
-2.4887961106248366,-2.840851581679246,-0.6161344239431019,0.4966416758662201,-0.3754402654700275,-0.1295925503143209,0.30258913287779,0.1585300835554831,0.3033842763218899,0.1291084119879458,0
3.507666899594314,1.1037667074847772,0.190280284616878,-0.3039485676146701,-1.5863120580577812,0.2348915295990169,0.5859846411654905,-0.0026179001262763,-0.4884980317062613,0.4898702255367437,2
3.040298987378746,1.3304709738392375,0.489661447535291,2.2933116342257187,1.2397572468255942,0.0121607579751719,-1.1355903975711483,-0.2892691060992328,0.0031917809226139,0.5162778073629142,1
6.309787010201606,-3.247173431139005,-0.6111886040332053,0.6436108407432702,-0.4547166323574831,-2.304330480578148,-0.737650756185685,0.4098450325118712,0.0857695162082294,0.3456304863985196,0
-2.246737587957921,2.360305743729654,0.1875515806819234,2.583880693850221,0.3249976694529614,0.0564904202653695,-0.2236261225050196,-0.0971328922202881,0.4340238141632508,0.0911589543114229,2
-3.0401292192110927,0.1249907103148033,-0.1256219566877096,-0.124352983826848,-0.4297172221599153,0.7465687090193605,0.6212208052849142,0.8338406694146699,0.2233528048725397,0.1797070430520778,3
3.5037845513760617,-0.8529292566203778,-1.4069924676231722,-0.6831790271240925,0.7570205859075022,0.0795941693809589,0.7838053156987252,-0.6644506842170779,0.3169685751312701,-0.0021745785401635,1
1.5871298246860004,0.3342921988906044,-0.0582632158145053,0.0126209131948702,-0.6376001385447545,-1.821017931953539,0.4667298199552934,0.2391479830995176,0.1691698419249142,-0.3971642807060282,0
5.221620655323492,0.0508013688790173,0.3054083581319468,-1.9903265669308652,1.3091395862876292,-0.5186094730987398,-0.5119585225854447,-0.0804453227251382,-0.7648738551845541,-0.51728377830765,2
-4.257472438040561,-2.3348055213823944,-0.0636756337555546,0.4635512996552143,-0.4064102297469883,-1.042749204390568,-0.1330614269693311,0.1495455714715814,-0.2803637027578326,-0.2432277292925503,2
-2.4824232347277326,2.5033630276274312,-0.5338851127599308,0.667550068806448,1.1984932659787908,-0.1634519075154308,-0.0589423185430855,-0.7490105262690017,0.6825410739141657,0.0320737969425108,1
1.7718541651602395,0.0423138454419615,0.0531301632462851,2.294601527640936,-0.0655898982633574,-1.4508484109901336,-0.1033576475707767,1.070337737739968,0.2221772902021023,-0.2851016577531292,0
1.425579112381358,2.365178411118047,-0.247902884882825,2.3459046327109165,1.9354677258124335,0.051786561089694,-0.123648610506763,-0.2183299438717546,0.3196884090250743,0.5546257630702229,2
5.286254448040298,1.106627572778197,0.2358443373384576,-0.2658278002507057,1.3927810706169252,0.4628109163567496,-0.4929263728760423,0.1536494640195547,-0.5120389510380915,0.0348288438388537,2
-3.7964652500245366,-1.9413474906012005,-1.0032469534759938,0.5193459587022876,-0.7359876157254678,-0.1823649671134017,0.3575587484831574,-0.9771170577376008,0.2744044416177575,-0.1028806502044356,2
4.494950490644316,-0.6705245824980843,-0.6728258032907727,-0.0849831349878673,-0.470976279401451,0.9822708191302134,0.8842972340521902,-0.4199165161854853,0.1470315860376289,-0.6810503710634893,1
-1.7112777407149042,-1.6322871218045296,-0.5499295124095078,-0.8230131072213528,-0.3719605024581391,-0.2611064304874471,-0.5430043183595079,-0.623992612780983,-0.0925827067234934,0.1052665520431079,2
3.683142942540072,0.9414748778586828,0.1572721719259234,-0.4641899838166006,0.7527357877464165,0.3161149883941562,-1.312104141460262,-0.363545037619251,0.0268340667510187,0.2968414103858257,1
-0.9907400145806576,2.477663659838127,0.1753451209871794,1.2708607615059953,-0.0980454817862559,1.6698163245647422,0.0662199110777185,0.455855781106906,0.2346313016126851,-0.444931117576102,3
-1.895841331778879,2.8494908025998997,0.062201920228448,1.0357545605572709,0.3298542357832456,-0.5245367310574063,0.245340526869226,-0.5672340632943222,0.1162658515184146,-0.1934849242052612,2
-5.067176819669611,-2.183968657504617,-0.2123594442232171,-0.5626799900917734,-0.0657148732061102,-0.8363847755751842,0.2049609893110967,0.0411427758942338,-0.6545781427593206,-0.119928779665203,3
4.23904270671232,1.9434248784265156,-0.0985656806479254,-1.5297156017064062,2.3481162881562967,0.1026677427343424,-0.1659085001489524,-0.1830366308575901,-0.2482832326764273,0.0254505888128499,2
-1.329498101435147,-1.200762348227308,0.0760045172141181,0.0313879374079158,-1.6441712080500372,0.402385713319004,-0.7070602139300983,-0.1737625717026159,0.0678349353746041,0.1686325676465025,0
4.656405049260527,-0.5302149830967589,0.0292580862239746,0.1117040730303037,-0.2611898904434058,0.411843066704443,-0.4795772281004284,0.263076609298393,0.0041192504690423,0.7595854183389288,1
4.796359109562172,-0.8604074999951153,-0.1011148758924794,0.6480034646023455,-1.213776395164523,0.8051143338906277,0.5142516878985204,-0.0570580018742163,-0.0579330674513443,-0.7654416183489944,1
-0.6801036255651768,1.917102689999932,0.0348648846467623,1.9269562796202693,1.4539628279492485,-0.0843751287847623,-0.3349245866064144,-0.9655525345548764,0.4548012586569371,0.174527286954591,1
0.6462714717125791,1.77409389777433,0.3169879643156582,0.7407109889966533,1.2570206067134038,-0.7715928919442886,-0.3953904456558435,-1.0963375547578496,-0.0992916329179118,-0.1130802694833264,1
-0.7966056991968228,-1.6556180547283776,-0.296992798428048,-0.731838327057394,-1.1466203521452538,1.3847974159143783,0.1613330152255114,-0.1952455876515604,0.2025702022443337,-0.4190218580671608,3
4.336197547566304,-0.9345141516426236,-0.885952349800376,0.0784912068774834,-0.3478929102331605,0.1831928810376393,0.6306838141174758,0.2983140470806771,0.2686316297342033,-0.1942686826350236,1
1.9511320538133856,3.129405172973634,0.4407645770195493,1.4248831894549958,1.0211024962477488,0.4533493844660037,-0.2730734080981407,-0.4535387602601738,0.2331590475823338,-0.1386458793659836,2
0.3802081327907285,1.5286239593134396,0.6420544687401771,0.4129559177757745,-0.8565939489351144,-1.7099360744209062,0.1109081830924106,0.3568640580504013,0.1246585841763446,-0.3708864654099278,0
0.4748445150219545,0.5786067907316729,0.1100132477200168,-1.5855162472560629,-0.3283080887772713,-0.4418384690003641,-0.081759349056339,-0.0038096339205074,-0.0655094821147253,0.0425669353023318,1
-4.89375112231583,-1.7726987204829163,-0.5741013093020529,0.7016259055385373,-0.6385325969830254,0.1399447649251825,0.5888532707149154,0.0658754127398834,-0.307659310604555,0.2113950697942934,3
-1.3290054149608284,2.2623642260544976,-0.6825319121551408,-0.9681674230126202,1.075265807819381,0.1983528740436972,-0.3967634534045782,0.274389566051093,0.7180571453589706,-0.056415352171254,1
3.980594363708634,-0.3139958404421955,-0.8145817169556553,2.0483090637169568,0.4769758891464276,1.1203047350872577,0.3702164100236187,0.7169688903972496,0.2034219240342996,-0.6462135781891254,1
4.9379120054039705,-0.8219321987943922,0.3803359005793592,0.0743715397788029,-0.2974753013056175,0.3151104717900443,-0.5231291265981785,-0.2033783028423598,-0.1186087455465274,-0.8120941213534768,1
1.1807659380612328,0.4606045267684991,0.6361229275509422,0.3986493107402438,-1.874222323503078,-0.9183506515222672,-0.3172348687979551,-0.2780351435519594,0.1425523590731363,-0.0072577153069428,0
6.540145066697873,-2.815080006329983,-0.8418743493283716,0.3211935042254115,-0.9526356041657504,-2.024786391284331,0.0921044575478405,0.4596028893381698,-0.0887600541287206,-0.1409195709932672,0
-2.1103398932910333,2.127898360128225,-0.4466319042773842,0.4601264498311443,0.3808005167780046,-0.8531283730494785,0.6387171278064845,-0.7320387300050342,0.1546190790092089,-0.0287212159115937,2
-0.7708910240715274,-1.4741970683896888,-0.2936904509253916,-1.131894057090807,0.627128056873469,0.6622651731710963,0.1695416380604851,-0.1166291978855568,0.205110517429869,-0.1705258541991193,3
-1.4285995990815283,2.501006317149012,-0.2012449594122948,-0.1245016480941059,-0.747024126383107,-0.938638371412518,0.7808552149654516,-0.4885520550927166,0.139687289182742,-0.2957540221555372,1
-3.46241843923134,1.718276533891308,0.4282803706922741,0.4607602089940487,-0.7393290335419973,0.2122401636311234,0.5191675768822676,-0.3032603524755797,0.0852565911905445,0.0164128395862498,3
4.003019359296617,0.5813876874837246,-0.8773459952613019,1.0928840352479765,0.3053004582281514,1.2659679046097398,0.7695054087773208,-0.2327447520340599,0.2547944103394278,-0.4537797863042511,1
4.118469320570593,-0.4686489523907213,-1.293579293951795,1.9280459475774248,0.2170541666996424,1.5344781753346783,0.2478490705210655,0.7370794226617137,0.6897154934618938,0.0377884744040189,1
-1.4950240926713172,-0.192880255096952,0.1391522834083199,0.2535351252260063,-0.1307441778874013,-0.6790775090290984,-0.5832280882161777,-0.1665343353788403,0.1478849400012737,-0.1254121513452848,0
-0.7496277941918196,1.2892787015973572,0.1527255543355691,2.457111614244315,0.3292185775560786,-0.1068778535059758,0.0408393216611429,-0.9064620936115038,0.1719867777838262,-0.1496266525214991,2
-3.0804727465882165,3.18939756199417,0.2483877244324,-1.2251332286784922,-0.4981320415974522,-0.341002520166911,0.8780289500190982,0.1616067396345908,0.1567028987397433,-0.3468944634540134,3
-2.0231788406856785,-0.976809430556388,0.0834060706283989,0.1985586846554871,-0.8892512365131134,-0.1890831049655229,0.1706127623774343,0.1389001954054401,-0.1923544808243247,-0.2076318194445036,0
-0.1252238607786875,0.8935816048252548,0.1319292982938547,0.6905181026934807,-1.7155197476157238,-1.7045749888127182,0.5327867641566784,0.0026600255231214,0.4312122180944586,-0.1879693692093507,0
-4.397287638541387,0.5352454215755214,-0.1524965422436983,-1.800017398008451,0.7573850782288768,-0.4632787812421163,0.0300976508141469,0.7447999365109588,-0.6030252606573181,-0.0258087610065338,3
4.206043869712013,-1.0414616969114787,-0.5827827656300265,-0.0998207886011623,-0.4326964200440685,0.4934877722439902,0.3206582935550657,0.2107018664926579,-0.1525382943056223,-0.0937225739050184,2
-4.942722098427452,-2.167442679047176,-0.5234937976704772,-0.2663573999440808,0.4129643396670155,-0.4716651130539506,0.2254078665141188,-0.5287840934622479,-0.39565999544012,-0.1928753981927325,1
4.047800643856089,1.462331775305287,-0.3986047174951095,2.561375707626678,0.4533468476471093,1.3204343048396547,0.1037687289804315,-0.0561783220308993,-0.055519891304876,0.2206140912389536,2
-3.930434813080325,-1.689118346312978,0.210057253357182,0.6560420046327015,2.043644616951144,-0.4657249444348534,-0.6971336685571041,-0.0062601579407854,-0.4044172848114636,-0.2415192774823034,2
-3.95142508331478,2.808861126371359,0.0942774427023748,-0.9319535554682672,-0.5545689130869103,0.601637260541,-0.1310695822765195,0.3765827182492734,0.5345896587762203,-0.0196034831036189,3
4.238227137273209,-1.094413510701056,0.3443224886134012,-0.703783193522084,-0.8648192260615087,0.0069541138540792,-0.3938633407613507,-0.0236072183728378,-0.4746687820086845,-0.0690673703271979,1
-1.1926201943234451,0.9193766250918726,-0.8529411851017955,-2.357215239016732,0.3534080180794263,-0.0579229734414111,-0.3622142223518583,-0.282106431734715,0.2632623635699467,0.0932576200198878,1
2.6931537938295893,-0.3826552766928613,0.6556096324110954,-0.046116610868394,-0.6012007807516415,-0.9028272876457122,-0.1887124167617641,-1.0272700800136227,-0.5438086439578712,0.4707886053047213,1
-3.355721208934127,-0.7307428929729322,-0.7074487157498737,0.871415252602554,-0.2619351719344694,0.1990449252505577,1.5063694776403138,1.0648856317818352,-0.7620447794279315,0.2579608034366127,3
-2.191464160380574,1.1139036708181145,0.0107111476000534,1.1906016876170682,0.6513356854133796,-0.4419541723767513,0.0195081096417206,-0.8788846976289143,0.1745982360797864,0.1818149884125522,1
-2.33861506059957,-2.9836369588863203,-0.6072879733324531,0.4198280592108757,0.1639429162765577,-0.0129746266766169,-0.0202655417163928,0.5277543238255514,0.187763967186197,-0.0993222291299486,0
-2.973289561897868,2.436476041711884,-0.1649430579371502,0.397614339584653,-0.287716975262438,-0.6936983007630985,0.5655957386203596,0.1267675953743173,-0.0015437448665498,-0.1457929476844472,1
-2.9659642761138167,-1.2560020455871337,-0.3192683521918382,0.0101674196724382,2.321443059406705,-0.6870645568722389,-0.7932253834514624,-1.328842900301894,-0.0427326560979946,-0.5501893219607789,1
-0.953560725641374,1.5611994410293597,1.2243024568081644,0.4865019637089376,-1.6974097889799742,-2.110092290824906,0.0626411371542557,0.0291231055327283,-0.4260524461492843,-0.1778691309543912,0
-1.5730978201282648,0.5494447783753584,0.2529033998106321,-1.7579693082413663,-0.3590708647050129,0.0148629946849745,-0.5104151408446852,-0.0942256705914981,-0.1242667116945016,-0.2038580092989813,0
-1.410302327775224,-0.0359798958789772,0.4724184327089352,-0.1693642605012051,-1.4136215636097975,0.9696511696536548,-0.2339129441348715,-0.3273198979634169,0.0780099384992993,0.1736196672720451,3
-0.4351031846460998,-0.6398649782878865,-0.3408593003842134,1.0626630488333595,0.0702879301676391,1.469925786165351,0.2891752535065368,0.5124103995480921,0.1635025561166395,0.4617056461960061,3
3.430813225518886,-0.9748944059042816,-0.3987513299413732,0.234589446399761,-0.6686446489271219,-1.1919057891719087,-0.616108441398651,0.2908436002559588,0.3564177046022124,-0.1891729579681123,0
-2.284293709433864,-1.920678711381492,0.4261497126818919,0.7901205898170665,-0.5874922845167043,0.5641462975964822,-0.8509160308894373,-0.4569149011430219,-0.1256790550640727,-0.2762284897125063,0
-2.8432929944783623,0.4626541870372453,0.023596553823672,0.2682781179824733,-0.160409535956204,-0.1289861037019077,0.3542190434845979,-0.5946186664093333,-0.0101883545861742,0.1835936661306977,3
-2.065930655409096,-2.1430911113635225,-0.6045183682272759,0.3335294193758097,0.4411136340107596,0.0134894198072971,-0.1439710548656121,0.0832855090069067,0.2816677895423438,-0.0057900583148403,0
2.2257749180864645,0.1552782622771175,0.6208384304147927,1.1960165837522312,-0.958727462462592,-0.3760237784735232,-0.0609296749031475,-0.3800939988594921,-0.3383696632386498,0.521081937736787,1
-2.4508965858741645,-3.0287613021639666,-0.5476351614627006,0.2045080006213833,-0.1078891989953729,0.3680104332717183,-0.01560432062243,-0.3816783085021298,0.5936558627099496,-0.0709091570967797,0
-2.500134113532657,-0.7680827948944186,-0.6811606944818961,0.4060016494653615,1.2160567055342324,-0.436305608760804,0.3783392315585623,0.0057698700760299,-0.153859598693304,0.206780181791026,2
4.729705342567347,-0.2770104955991874,0.4139380306925127,0.8529135522036777,-1.1767014567688925,0.0837329152856915,0.1364071545257384,0.3195816812328838,-0.5505852093409976,-0.4581662223341828,2
-2.6588034666822145,1.0218599896944824,0.6506249113459149,-1.3442907816548593,-0.8154933906358589,0.5159601321194144,0.0209262482242051,0.018517195769689,0.1975606593071849,-0.0607300144308038,3
4.638073025215006,-0.0826383216236414,-0.0168805760264166,1.6619667972642065,0.0996422433034051,0.6361640503999059,0.0307805590135972,0.8724053096606694,-0.2461613801939446,0.0104855584431957,2
2.9647960772140687,-0.6096869145946198,-0.7794440893150485,0.7491575210775172,0.8155262284803338,-0.6034521070108521,-1.0183584786404158,0.7840725258541512,0.6095413584533683,-0.0250588420589468,0
-4.78650722687515,-2.253521176318256,-0.3274802112395732,-0.1937924162243976,-0.027303213628315,-0.7473709651817784,0.3353565972244731,-0.1708680995762843,-0.4167258255143564,-0.0699527656318077,2
-2.319304985665357,-0.465923159834265,-0.8947185008088526,0.3938175692729821,1.3930257011213207,-0.0625560430886086,-0.0591225960732541,-1.4355304265821085,-0.3136238539127488,-0.0227494457168937,1
-1.3811590047765463,-0.5933433497405434,-0.2779370381164664,-0.7368883532072495,-0.4666137159612933,0.8617276082424509,0.8524676889823287,-0.774460813004093,0.1104383682644326,0.1297325387990423,3
-1.441537026996552,1.3139467922717554,-0.0221737121153415,-1.183135262555665,-0.6608409156054841,-0.2775863947713473,-0.1749440515925024,0.4892718310082053,0.0169617380200719,0.2174025038710304,0
5.141002458357475,-0.490336605793326,-0.271452547335501,0.4353929284900628,0.113374305891307,0.8851998802575327,-0.088993116121537,-0.2169631984438501,-0.1186721973451745,-0.8286491505292141,1
0.2582414795199104,0.1836010630645013,0.1220366318054012,-2.827276133015771,0.8285082389625897,0.1215001576439184,0.5335785971505359,-0.0161889172339679,-0.6056486746397616,-0.4810457571367991,3
-1.078252776992754,3.0041420737668885,0.4416624318053468,-0.7100712188844237,-0.5912848629467677,-0.5462399422660805,-0.1594775962091113,1.3707319802526017,0.387288249542456,0.0447616216642471,0
-2.309138207762403,-2.360931390428498,-0.5258271460426523,-0.1254008908636256,0.951457480380363,0.1528448051864636,-0.1857782694986006,0.0580513229644554,0.2178778893875217,-0.1695793311952166,0
-0.1980122827070098,1.0593105625025194,0.5163392759190688,-0.6725782580682216,-1.4457690846482,0.1973580822797519,-0.2157524775989819,-0.3635145282957921,0.2567601234663177,-0.1603565459517388,2
-3.9441763775495287,3.037935809081057,0.039794719326229,0.7280515815851445,0.0546713694513505,0.2752225921762867,0.5199644694498033,0.3026173007216741,0.316937357613142,-0.0023044579683648,3
1.2706977734997404,-1.8868748455541915,8.343617987493422,-0.4828925440082058,1.9157069111739156,1.4068504024969124,0.9770475755218244,-0.5548640287876695,-0.5440888336591951,-0.2576788079314961,3
-1.3438088911088406,-0.9881747366784748,-0.7519321854642933,-0.885874353333989,1.1027059802555506,0.7864399154374944,0.3179570921919331,-0.2302504103281772,0.302367506604267,-0.1282147235850436,3
-2.065641029406531,-2.71070777023812,-0.4835339957742011,0.5127045435020336,-0.5227178421581095,0.6059444091972206,-0.1007397282518842,0.2116288794502195,0.1850866547360934,0.1946227330305293,0
-1.9851222883634188,0.3702663620890506,-0.5373920487441519,0.0107816104645768,0.4741234837583295,1.0049276491488468,-0.3494565089632351,0.2149665249091211,0.0909833084721699,0.2557608194563788,1
-3.629270645480261,-2.50130407264358,-0.8976059358094113,-0.7697511257220396,-0.1524038815768662,-0.6494266850750477,1.3173311409478394,1.0367104299719825,-0.3267358654355901,0.0837341410048285,3
5.4909217457456965,-2.823094327490097,-2.2360225706131334,-0.2215496687070619,0.492105557289774,-1.315043401701169,0.6441401110696251,0.3096933161958497,0.7249552141003532,0.3501568916555213,0
5.20574624360803,0.5512793018688115,0.3320129567752344,0.1363074019362882,1.8146528905095665,0.1331562289991461,-0.2107470689626838,0.3492495775800748,-0.6497600572876079,-0.1298749803949937,2
0.1985709631784526,2.304478225157223,-0.0712411237777098,-0.4920275079475338,0.5260671591199917,-0.1741735976450572,-0.6021808257220991,0.2866758728203682,0.548479582911385,0.1098390898477984,1
5.100903584384882,-0.4458412207860601,-0.6079161825658004,-2.1661031472024987,0.1775035931988488,-0.1303750883619676,0.6085590242735764,-0.2754721975073619,-0.1668067430375606,-0.6173368803254942,1
4.637333108391348,-0.9621452114958224,-0.028219377079685,-0.2704653684120992,-1.4980318415693852,0.8625644813034422,0.5156739970016795,-0.5135152997310104,-0.1385635635669632,-0.6444428822210526,1
0.4705196055549357,1.563624581496969,0.6445052966832537,0.7008522010105938,0.1638708524454889,-1.9107379284937231,-0.4166994417373745,0.6321606602435571,-0.1204109870107159,-0.4497371758991676,0
3.153580482635076,-0.8497977508415527,-1.0045660378304215,1.3395877601985935,1.1659471371771122,-0.7480612200917567,-0.6940455360380076,-0.1606613407330581,0.4752378793933001,0.0806745067661624,0
-2.4329007940646967,-1.3539619719776934,-0.454541023792725,-0.3417529036971543,0.8070595945432847,-0.421033627147385,-0.0815510613752581,-1.2453316307070044,-0.1822700043778487,-0.0656194404920545,1
2.851848753466641,1.881344152104094,0.0504402073903206,-0.6397624420714566,-1.277828607218677,-0.0642484719543085,0.359009732387172,0.0343686065911978,-0.0023848243156453,-0.055792993073923,1
-2.360092731139994,-1.89394514349208,-0.2642896282384933,0.0639096885536215,-0.2642751029853684,-0.5537349440939476,-0.5124736031523981,0.0834692383470077,-0.1892668570755876,0.0096329063101244,2
-1.6896677390818964,1.524207926860048,0.50792812253515,1.698889447852609,-0.2762284505995055,-0.6492005155311086,0.0095153658379858,-0.4433700697669157,-0.3098215758199005,0.3857892270467613,1
3.747668245935709,0.5943029045141712,-0.4588474450679262,-0.7164852288804403,-0.7348731099090186,-0.2658583692209034,1.214209735460891,-0.376258192698344,-0.5341869811374992,-0.0353544562866589,1
-2.0851516122021945,0.6227137171952087,-0.3786151286795717,2.50502777743835,0.7412703307341812,0.401779999488383,-0.3586848824419409,0.1281022884547881,-0.0784968655999242,-0.0923826052813912,2
-0.4237239413468536,2.888829923135615,0.3997300596686042,0.4401102796843215,0.4306144082255868,-0.5862300681003321,0.4133653753360733,-0.134737834666889,-0.3724634285533342,-0.3088168802088701,2
1.14903327254366,-0.5219598139925488,-0.0689039638512645,-0.3118155604980145,-1.889656625433725,0.239112662616608,-0.7810876097929326,-0.2012972328414489,0.3232879735444084,0.5782259257841585,2
0.9791098137522476,1.0698406045756912,0.1247023048419381,-0.4537349531430048,-0.9442068415172958,0.279312863876014,-0.683998292252148,0.4808684444855029,0.8023503669915397,-0.3117079495126258,0
4.526745525634278,-0.4051481093373115,-0.9953448695429892,0.1272517438185494,0.1165032871648845,0.7822691625313979,0.1385418314441526,-0.1395041866086414,0.3059714834794347,-0.6691986131384104,1
-2.520200328408049,-1.6871305191575925,-1.0343154665409724,0.429566405654435,0.3336108389209309,0.4714091322029265,0.2379977037150109,0.9058765534815116,-0.0461593135060044,0.4315693674825291,3
-0.0901142161958219,2.29517273257166,0.0465342662359278,0.2716418207628924,-1.6017976398259246,0.8039034440033934,0.0190946090809031,0.0089527346102408,0.8515671263987129,0.2282306321113386,2
5.512575920820983,-0.2667215496205407,0.2705611209675632,0.1041358246539146,0.8705700975403524,1.2205239974107611,-1.2654532986523328,-0.1846430421219588,-0.4152190213364171,-1.031985086163416,1
0.6557695269478053,0.4119745813237699,0.2868909807369637,0.8284871039716485,-0.5179846278769418,-0.5153715573117587,0.3624660528490456,-0.7989682866923368,-0.0687018622456314,0.2229999595654946,1
-3.2176981075993485,0.7864979153660241,-0.5604116219050869,0.3294392741161389,-0.2487129846842057,0.014505354501331,1.2471740670692455,0.9641336642420946,-0.4574190550688713,-0.0797162201810993,3
3.334444582559696,-0.6704773043204593,-0.2682746278203188,0.1990047393074062,-0.4623494753715479,-0.6965041180941454,-0.518311656017169,0.7399522593208685,0.5342058889236766,-0.0795638514124388,0
-3.843233069866109,-1.6770412685965514,-0.1026808773315388,-0.5845557574801409,2.2172938212762183,-1.2464889703786826,-0.3242984370856442,0.152934581064266,-0.5447161854020944,-0.1369133796839652,2
-0.803542252547618,2.338575607004926,0.7499265261937647,1.011243175430701,-0.4812702709762243,-1.413122839115838,0.2438156792362018,0.7096680909474673,0.2790366314186169,-0.5866593568227617,0
-1.634281825406099,1.7434185738295742,0.3118780366861478,-0.1667466686317638,-0.729654669377241,0.4532613778208195,0.4600104112008806,0.2496097871516136,-0.1499908855191883,-0.4969864626994327,3
-1.4128202293531713,1.1716774772333909,-0.1685374207149384,0.8851767325323766,-0.0366069333971322,-0.7697016313036976,0.2499310248411108,-0.7635919477441111,0.0153015362141085,-0.0557087566500473,2
-0.2193384473105288,2.259522321299817,0.5624795765602553,1.3286071395464578,-0.2784463227746638,-0.6052149872999362,-0.9466372774354918,0.1540046073398452,0.2948790837124501,-0.1671341648172727,0
3.8934683536308,0.3315031511691331,0.4591701403743725,0.0697846949011515,-1.7974897056549175,0.6058248163082454,-0.1554727266794098,-0.2663681681412206,-0.089952169215698,0.5084213123177781,2
2.845840645544794,1.8641521678820483,-0.2641195132484709,1.848858217875517,1.6361471588679866,0.4821357564003306,-0.2467570159187126,0.0265367989308941,0.0244227895771635,0.599480475395082,2
-2.11234312145605,1.0778561017957726,0.6546078909471723,-0.7534619531073687,-1.3402516807976537,0.6631391960652219,-0.02623037992915,0.4306372486789401,0.0740161221947846,0.0178443842344963,3
-1.656466641685488,-1.8163336584681964,0.2999151789720651,1.199602741450063,-0.4917802475335043,0.2881403432936261,-0.816636059765306,0.037418799859126,0.2285619733819032,0.0091212209277839,0
-2.03062120330661,-2.158848822737853,-0.1452401143977034,0.4400882531209802,0.5707412449606653,0.3414112643621361,-0.859840283206822,-0.0340851582974311,0.1969557509128834,0.1514168072331616,0
-1.0151623248620194,-1.4762552451243642,-0.8291557812278314,0.0213550943386487,0.7647840520771388,1.3810230920415587,0.358443659678055,0.2286220368554342,0.4324958409784973,-0.2813750577058223,3
6.8452643765161865,-3.2739079112140863,-2.5037746548182214,0.151194962911397,0.4486653492375468,-1.2010075207352298,0.5457601488077374,0.1803275261800953,0.4740176261217936,0.0925640876090633,0
-1.6948200584635966,1.417407034750594,0.5596762649808448,0.7180401779397925,-0.1619091860607008,-0.2253387878604086,-0.3059187142472467,0.0677141621494966,-0.3728292195117313,-0.0265849814244498,0
-0.604925174720086,1.8175690581952104,0.4659277323725655,-0.3311146284001543,0.5252544322858865,0.910663322193019,0.0558615138188644,-0.0140866040872991,-0.2699042004038586,-0.4954548372443353,3
-2.700261164025884,3.297045762526468,-0.4106740709038207,-2.177667128945908,0.4422014127520225,-0.0377962592050536,-0.2033056599768931,-0.0451200501964063,0.8770635908662971,-0.0395860579468076,1
-1.3206539037309846,2.4566776560148558,1.2993612416439446,1.1829444477110145,-1.1650800891495532,-1.2956448162218763,-0.0529752505784221,0.4445183664911393,0.1068731658044577,-0.4050180190423998,0
0.0922310040001473,-1.293543896152013,0.2612881747562076,-1.0472496555667243,-1.092658962598756,0.9734128408952128,0.044456010807058,0.1307009039785444,-0.4747664994564208,0.5349370544570226,3
3.625757740399016,-0.2962379083502641,-1.2839214349671069,0.148570217699883,0.882279347285978,0.5046659346834996,0.4976271231439384,-0.018848015590511,0.2311121771788462,0.5516553088404833,2
-0.1015598271828892,3.487134127289992,0.4398805243494499,1.464004821520889,0.0697934708794848,-0.5190692844840845,0.5061267314843054,-0.5256091389854818,0.2940168783944784,-0.3911411904193412,1
2.644432190816058,0.8625248791328826,-0.6290344627212344,-1.3426545176349525,-0.0056822481617781,0.223606939889505,0.2056537880655779,0.2092192332008455,-0.0122125935473033,0.2809254602850486,1
-1.6375410788003535,-1.8177899367834849,-0.1049377931556607,-0.8965508904353079,-1.125775987748977,0.331027276299375,-1.074443241384854,-0.3932512687272023,0.0872052792080169,0.0323083189171211,0
