3,3,2,3,0,0,0,3,3,2,3,2,0,3,0,1,3,0,2,1,0,3,0,0,2,3,2,2,0,2,3,2,1,1,1,3,0,3,2,0,1,3,3,2,2,3,3,0,3,2,2,2,1,0,0,3,2,3,1,3,1,1,3,0,0,1,0,1,3,0,1,1,1,1,3,1,2,2,0,0,0,0,3,1,0,0,3,3,0,1,2,1,2,3,0,1,2,0,1,0,0,3,3,3,0,2,1,1,0,0,3,3,1,1,3,3,1,2,0,0,2,3,3,2,3,3,0,0,3,0,2,2,2,3,1,3,3,3,2,3,2,0,1,0,1,1,3,0,2,3,2,0,1,2,3,0,1,3,2,1,1,1,2,2,1,1,2,2,0,3,1,0,3,0,3,0,1,0,0,3,2,1,0,2,2,0,0,1,1,1,1,3,2,0,2,0,2,0,0,0,3,2,1,1,3,3,1,0,0,1,1,3,0,0,1,1,2,1,0,3,1,3,0,0,2,3,2,3,2,2,3,2,0,2,3,3,0,0,1,0,1,1,0,2,3,3,0,2,1,2,3,1,3,0,3,2,2,1,2,1,2,2,3,3,2,0,0,2,3,3,0,2,3,3,0,0,0,1,2,0,1,0,0,2,3,2,0,3,1,2,3,3,0,3,0,0,0,2,2,0,2,1,0,3,0,0,2,1,1,1,2,3,0,1,0,3,3,2,3,0,2,0,0,2,2,0,1,1,3,2,3,1,1,0,0,2,3,0,3,0,0,1,2,1,1,0,2,1,3,1,1,2,3,0,2,1,0,2,1,1,2,2,2,3,1,2,3,2,0,1,0,0,3,0,3,0,2,2,2,1,1,0,0,1,1,3,2,3,3,1,0,3,3,0,2,1,0,0,0,3,2,1,1,3,1,0,1,2,0,2,2,1,0,1,3,1,0,0,0,2,3,1,2,0,1,1,1,1,2,3,2,0,2,0,2,3,3,1,1,2,2,3,3,1,0,3,2,1,0,3,0,1,1,0,2,0,3,3,1,2,3,1,1,1,0,0,0,1,2,3,3,1,0,1,1,2,1,3,0,0,2,1,1,3,3,0,1,2,1,1,2,2,0,1,0,0,1,3,3,1,1,1,1,2,1,2,2,1,3,1,0,1,1,2,3,1,1,2,2,3
95,91,104,93,85,107,97,90,86,93,86,90,88,89,94,96,89,99,104,101,84,84,94,87,99,85,83,107,102,80,89,88,93,101,87,100,82,90,106,81,95,88,94,93,119,93,91,85,89,91,78,92,98,101,101,94,97,89,107,85,103,77,96,83,93,89,81,98,86,98,96,97,92,73,89,101,91,86,104,89,87,99,94,79,89,110,89,86,91,80,104,94,104,94,84,97,89,86,95,87,82,95,94,92,102,108,99,85,80,99,89,94,77,88,93,95,100,109,85,93,89,90,92,90,85,90,89,85,97,100,100,86,97,98,102,89,86,87,88,91,90,81,106,80,95,103,100,91,90,93,104,94,93,106,89,110,85,93,87,91,82,107,98,85,98,103,92,110,82,98,108,106,94,96,93,88,84,89,93,89,102,78,91,84,103,100,91,98,101,90,97,87,93,107,92,86,107,82,81,82,93,90,111,103,89,87,92,85,86,101,94,86,90,104,89,90,84,104,83,85,99,88,100,81,86,93,107,94,105,86,85,85,81,100,93,90,96,85,100,79,89,93,85,101,85,93,95,91,103,85,95,104,84,94,93,112,91,92,99,98,83,91,89,89,103,80,86,100,86,83,82,93,91,96,107,87,83,86,109,94,100,82,86,116,89,89,83,88,96,88,98,89,87,93,109,90,98,82,91,98,106,93,94,89,85,86,106,107,109,109,90,93,82,96,90,93,91,95,89,102,105,113,87,98,94,82,106,89,93,89,98,104,99,86,107,109,89,99,97,87,89,86,83,102,99,101,117,88,95,89,97,88,91,81,98,93,91,109,87,100,108,101,95,89,87,108,90,82,84,89,96,97,97,96,87,109,104,87,82,105,80,106,81,100,88,94,99,90,94,100,86,91,93,86,90,97,108,89,98,87,107,85,101,96,103,88,80,91,86,86,89,78,80,88,85,101,89,96,87,93,96,98,90,85,91,89,106,86,112,84,104,99,84,85,104,85,93,84,91,98,101,90,91,99,102,89,101,95,101,91,91,94,92,95,106,81,92,83,103,98,90,106,97,85,100,82,78,96,105,92,91,104,105,107,82,97,101,89,94,86,104,104,94,86,90,83,104,93,82,102,108,97,85,102,106,94,106,94,88,102,101,105,86,91,97,115,101,93,95,101,86,88,103,95,89,76,92,107,85,88
48,41,50,41,44,57,43,43,34,44,36,34,46,42,49,55,36,41,54,56,47,37,43,39,53,45,36,54,45,38,43,42,35,48,38,46,44,48,53,45,48,37,49,37,54,46,43,42,47,45,38,38,55,42,56,36,44,47,53,39,50,38,40,42,45,41,43,55,44,49,55,59,39,37,42,53,39,40,52,44,46,51,36,40,40,58,41,37,42,37,55,38,52,48,45,50,42,43,46,44,45,42,42,38,45,53,46,39,44,48,40,48,38,35,43,47,45,53,43,49,37,48,40,36,45,46,42,41,45,48,46,36,42,39,54,47,48,42,37,42,37,42,49,43,45,54,46,40,43,36,50,44,35,49,40,56,36,42,39,45,38,52,39,40,54,54,36,51,45,38,51,54,45,49,48,40,39,44,37,44,54,36,42,35,46,41,42,45,51,36,48,40,43,55,37,43,56,44,46,44,47,36,54,55,40,47,46,42,46,56,39,37,41,49,36,39,44,57,44,39,55,44,50,44,41,41,54,35,54,41,35,33,44,52,42,48,37,45,55,47,36,45,42,55,47,41,36,39,55,34,38,58,44,43,47,50,36,43,48,58,37,39,40,35,49,45,42,46,39,37,45,47,43,45,57,44,46,41,54,37,44,43,46,53,46,48,41,43,47,37,38,45,42,36,55,38,52,37,40,40,53,43,37,36,45,45,48,52,51,48,50,45,41,52,42,40,41,45,37,51,54,57,43,51,38,44,49,44,43,38,44,52,57,42,57,54,44,51,45,41,40,40,37,54,55,54,52,44,44,40,46,38,46,47,50,42,45,49,45,49,52,46,47,47,45,54,47,37,45,47,41,45,47,47,36,52,51,37,36,56,39,54,46,51,44,49,43,47,47,57,42,38,44,47,49,37,57,41,38,42,53,37,52,39,48,40,38,38,45,38,45,36,43,36,45,53,44,36,43,34,39,48,34,45,41,36,53,38,50,37,53,47,38,42,51,37,42,40,49,47,51,47,36,50,53,46,52,57,53,39,46,37,38,43,52,43,43,45,57,42,41,52,47,40,49,43,43,54,51,40,44,55,50,56,40,55,55,46,45,42,55,54,46,38,48,46,57,45,39,51,54,45,43,54,54,45,55,43,36,54,56,54,36,39,46,53,51,35,46,55,43,38,54,37,38,38,42,54,40,39
83,84,106,82,70,106,73,66,62,98,70,66,74,85,79,103,51,77,100,100,75,53,64,70,105,80,54,98,85,63,85,77,66,107,85,90,72,86,98,68,104,51,87,76,106,82,70,66,81,79,63,71,101,62,104,66,96,84,103,68,98,63,70,66,86,75,68,101,78,84,98,108,91,53,89,103,83,62,94,68,71,92,68,80,76,106,84,60,84,57,107,84,100,87,66,108,80,68,105,65,66,85,68,60,83,103,105,77,68,79,77,83,75,50,85,88,100,109,64,79,54,78,82,57,71,80,70,66,88,95,104,77,101,68,100,83,75,64,63,80,80,63,107,68,80,107,85,76,72,64,96,84,72,106,79,103,78,70,74,75,53,101,81,72,104,91,78,104,68,70,103,103,81,98,84,78,90,72,73,70,106,60,66,53,106,75,81,76,105,78,94,81,76,98,86,66,104,72,71,72,85,74,103,100,58,81,79,64,70,100,89,69,71,89,72,86,77,103,68,57,101,85,81,72,66,79,98,66,106,64,47,40,68,104,64,78,74,65,101,74,77,73,59,108,75,75,73,83,103,53,66,103,80,68,85,110,77,69,104,101,54,88,60,70,100,71,65,81,60,62,68,88,88,80,106,70,73,66,109,73,93,73,73,110,77,85,70,84,103,57,66,81,76,63,102,75,86,66,98,77,98,78,72,68,70,73,107,103,100,107,90,83,70,104,63,62,66,105,51,92,100,109,65,96,88,63,96,82,88,80,78,96,109,65,102,103,76,88,91,73,72,75,54,101,101,106,110,77,84,69,101,58,78,69,90,88,76,109,82,96,109,105,81,85,77,105,85,59,68,81,77,72,87,77,53,95,108,60,54,98,60,100,71,109,71,87,89,85,85,107,65,70,90,75,83,76,106,75,70,64,108,80,105,77,101,73,64,75,71,86,77,51,71,78,82,108,70,74,70,72,58,101,66,70,93,69,98,89,104,70,108,91,83,70,105,68,64,71,86,109,98,73,60,88,101,74,101,104,91,82,75,74,74,71,101,68,70,73,105,90,62,107,81,66,80,71,70,104,108,62,66,109,93,105,73,104,101,78,89,64,100,91,79,76,78,71,103,81,86,108,109,76,66,98,105,72,98,82,53,98,100,96,66,72,94,100,112,78,92,105,70,77,107,71,74,58,75,108,75,76
178,141,209,159,205,172,173,157,140,197,143,136,171,144,203,201,109,197,186,215,153,121,173,148,219,154,119,203,193,129,160,151,154,222,177,172,118,306,176,169,214,105,137,183,220,145,133,122,147,176,115,174,228,175,185,151,195,133,221,119,212,135,120,156,201,143,125,219,164,219,161,227,191,111,147,203,170,140,208,113,159,203,127,133,188,180,141,115,209,116,222,158,191,162,154,211,151,152,219,124,252,174,150,130,198,202,209,151,135,199,159,162,144,121,133,162,209,221,128,180,119,142,163,130,150,143,148,155,173,209,184,165,186,121,163,322,136,150,130,162,171,125,194,120,186,218,164,171,172,165,211,216,172,211,154,223,149,131,152,154,125,218,191,139,186,179,165,191,139,125,197,161,166,187,150,186,180,160,174,137,221,116,169,122,209,205,193,166,212,179,198,162,149,199,167,130,231,150,130,136,163,171,171,194,137,149,176,121,149,168,194,150,169,168,141,169,150,216,144,126,206,139,197,139,133,159,210,147,215,148,110,115,120,189,158,134,199,128,189,141,172,164,132,228,121,124,191,176,211,127,126,230,140,170,161,186,157,158,196,208,118,189,131,138,194,128,116,187,140,113,150,200,157,162,179,179,137,129,225,186,193,154,125,231,125,189,155,136,215,132,130,246,159,139,169,164,207,126,192,171,193,166,193,149,130,152,202,186,197,215,188,142,155,222,126,117,131,208,111,194,220,194,127,203,179,123,201,136,170,169,160,188,220,125,184,205,125,188,161,158,155,146,131,190,219,188,228,167,158,147,210,137,148,146,192,188,171,193,164,206,182,195,176,147,153,203,149,134,148,156,177,187,164,204,117,189,193,132,117,209,122,227,141,224,145,159,195,145,333,207,113,160,166,165,187,169,177,162,186,150,213,158,162,160,204,173,130,136,155,175,188,116,133,160,133,184,158,183,169,144,117,195,158,120,197,142,203,176,197,145,206,226,141,130,168,145,123,131,195,202,194,136,126,204,238,135,197,228,194,164,185,169,178,159,213,139,124,161,221,192,147,211,183,121,206,154,147,175,201,144,151,230,173,202,141,219,183,150,213,122,201,209,181,143,143,156,222,177,140,193,189,175,130,177,164,179,224,136,113,167,204,185,128,133,209,205,201,162,159,182,126,156,189,171,138,125,172,228,137,155
72,57,66,63,103,50,65,65,61,62,61,55,68,58,71,65,52,69,61,69,64,59,69,61,66,64,57,65,64,55,64,58,59,68,61,67,52,126,54,73,67,52,54,63,65,58,55,54,64,59,51,66,70,67,53,61,63,55,66,52,63,59,50,67,69,56,57,69,68,74,54,70,62,54,61,63,60,62,66,50,66,65,54,55,76,51,58,54,75,55,68,55,59,64,65,65,62,62,68,56,126,66,64,62,65,64,64,59,59,68,65,64,59,58,54,64,65,69,56,65,53,59,63,57,63,62,62,65,67,68,60,60,59,49,53,133,58,64,58,66,58,55,57,54,62,64,64,67,59,69,65,74,62,64,64,64,55,56,58,57,59,64,64,59,59,57,57,57,64,52,60,47,67,59,63,73,60,66,68,58,68,56,66,57,66,71,69,60,68,64,63,68,57,59,60,56,71,64,56,61,66,60,50,62,58,62,64,55,65,55,62,63,68,54,56,62,59,69,61,56,62,56,67,60,56,63,66,62,68,61,55,57,53,59,68,56,74,56,57,61,62,59,58,69,53,51,73,59,65,58,52,69,58,67,65,56,56,56,63,65,55,63,56,58,60,56,53,61,60,53,69,66,61,63,51,75,59,55,68,71,62,65,57,67,52,64,65,55,69,62,55,102,65,57,51,64,69,54,64,61,60,59,72,60,58,63,61,57,59,62,61,56,64,67,55,49,56,64,54,60,69,56,56,66,60,54,61,54,66,59,63,59,66,54,55,63,54,62,63,64,63,62,61,58,68,57,65,59,62,58,66,60,61,64,63,62,69,59,60,63,55,61,59,58,59,62,60,63,64,57,64,71,64,72,58,58,59,57,53,64,56,67,61,67,56,64,63,58,138,63,50,66,65,68,63,60,51,66,68,64,64,59,53,62,62,68,59,53,66,60,64,56,60,62,56,54,64,70,72,56,51,61,59,54,65,57,63,59,58,62,61,74,54,56,54,60,51,55,63,59,60,58,56,64,72,59,62,74,65,68,75,59,62,64,64,62,52,68,69,61,60,62,64,52,70,68,65,58,62,59,63,67,54,61,57,71,57,63,71,54,66,67,62,59,60,70,72,64,54,57,57,60,57,56,48,69,68,54,57,53,62,57,57,55,67,64,59,60,63,59,56,56,56,61,59,58,60,68,56,62
10,9,10,9,52,6,6,9,7,11,9,6,6,10,5,9,6,6,10,10,6,5,7,7,11,9,6,11,6,7,11,8,6,10,8,9,7,49,10,6,9,5,11,8,12,11,8,6,11,9,6,7,9,6,6,8,9,11,11,5,9,5,8,7,7,7,8,11,9,7,10,11,8,6,11,9,8,7,5,7,6,5,7,7,7,6,9,5,6,6,11,9,9,10,6,10,6,7,9,6,52,9,7,5,5,10,11,8,8,6,9,10,6,5,10,11,8,12,8,7,5,11,9,6,8,11,7,22,10,7,9,7,9,7,10,48,10,10,5,8,9,8,11,8,7,12,11,7,8,8,10,6,7,9,9,5,7,7,6,6,5,11,9,5,10,11,8,12,6,8,11,4,9,6,11,6,7,7,7,6,11,6,7,4,10,5,5,7,10,8,9,10,7,7,7,7,11,7,7,7,11,8,11,11,7,9,8,7,8,11,9,8,7,4,7,7,5,11,8,6,13,11,6,6,6,8,11,9,10,5,3,3,6,10,9,11,5,8,10,7,8,7,7,12,9,7,6,7,11,6,8,11,11,6,12,11,7,7,10,12,4,9,6,7,10,7,6,9,7,6,5,7,9,9,8,6,6,7,11,7,8,7,6,12,10,8,7,11,10,6,7,43,5,8,6,7,5,7,9,6,10,7,6,8,8,6,10,11,10,10,10,10,7,9,7,7,9,10,5,6,10,6,8,10,7,7,10,6,9,7,8,9,11,7,7,11,10,5,10,7,7,6,4,10,10,7,12,6,10,6,8,5,9,6,9,10,7,10,8,9,12,10,7,10,7,11,10,7,6,8,5,5,9,6,4,4,11,6,7,11,6,4,7,9,8,10,8,9,49,11,8,25,10,6,7,8,5,5,6,10,12,8,10,8,12,7,8,6,7,9,9,4,7,6,11,12,6,6,7,6,6,11,7,7,9,7,11,9,11,9,11,5,7,7,10,6,7,7,8,11,10,11,6,10,4,9,9,10,6,10,7,7,9,6,11,7,6,8,11,9,6,8,8,4,6,7,8,10,11,8,7,12,4,11,8,9,13,11,5,6,10,11,8,8,11,6,12,7,7,10,11,9,6,10,5,6,11,10,3,10,12,10,8,7,10,11,11,8,11,10,6,7,11,9,7,5,8,12,7,8
162,149,207,144,149,255,153,137,122,183,133,123,152,152,174,204,118,177,216,208,154,123,150,143,204,147,128,218,192,146,155,140,142,208,164,157,152,153,216,151,205,119,158,164,213,159,130,148,156,163,142,154,210,149,257,133,185,157,209,128,193,130,137,150,184,146,149,225,142,190,215,224,176,126,151,195,172,150,208,150,151,209,127,147,150,261,149,119,171,125,218,169,197,157,145,214,144,150,201,149,148,153,128,114,194,220,197,150,150,185,144,156,147,114,155,159,201,221,150,173,134,160,146,121,143,159,147,149,157,199,197,150,186,134,213,158,161,133,125,148,157,149,214,150,164,222,163,149,154,136,187,184,149,208,144,250,147,127,151,150,133,202,166,132,213,220,153,213,147,130,211,247,145,213,156,158,177,144,151,136,207,123,145,116,203,176,169,157,209,157,181,146,149,240,158,152,219,154,153,147,156,157,221,212,122,147,162,149,149,214,172,138,150,212,138,162,152,219,147,114,222,157,186,153,136,144,218,131,208,150,117,112,151,208,134,160,165,151,222,153,157,159,149,215,157,140,156,169,212,116,133,219,156,142,155,214,155,149,201,226,129,175,118,126,185,151,152,166,119,122,148,173,149,146,257,146,148,135,214,154,186,151,151,217,156,169,144,154,200,135,130,155,155,132,241,151,192,132,177,172,215,151,158,133,151,149,207,214,192,205,181,157,148,198,152,131,126,187,120,220,221,260,149,188,170,151,181,149,150,161,142,188,221,150,234,222,156,203,151,151,146,140,135,222,224,236,212,151,145,132,192,148,147,151,177,183,150,207,156,186,216,198,168,153,154,202,155,135,146,161,177,161,156,167,118,227,217,128,125,217,139,250,153,217,142,157,186,152,155,227,152,140,153,154,176,161,256,153,164,133,206,153,212,140,200,150,134,144,146,170,161,120,150,140,159,216,141,149,152,133,133,207,140,149,183,135,220,169,208,136,217,202,149,150,208,130,135,150,177,199,195,161,119,185,238,157,188,212,204,143,154,162,161,145,201,149,139,142,218,178,128,200,168,152,183,150,147,215,220,127,137,218,222,221,153,211,225,160,186,148,214,218,167,142,161,151,221,160,153,212,220,157,151,219,247,156,215,155,118,217,227,219,131,146,195,220,214,150,160,215,148,163,223,157,136,133,147,218,152,137
42,45,32,46,45,26,42,48,54,36,50,54,43,44,37,32,57,36,31,32,43,55,43,46,32,45,53,31,33,46,43,47,46,32,40,43,44,44,31,44,32,57,43,40,31,43,51,46,44,40,47,43,31,43,26,50,36,44,32,53,34,52,50,45,35,46,46,30,46,34,31,30,37,55,44,34,38,45,31,45,44,31,52,47,44,26,45,56,38,54,31,39,33,43,46,31,46,44,33,46,45,44,52,58,33,30,34,45,45,35,46,43,46,59,44,43,32,31,46,37,50,43,45,56,46,43,45,45,43,32,34,45,36,51,31,43,43,50,54,44,42,46,31,45,40,30,42,44,42,49,35,35,44,32,46,26,45,53,44,44,51,33,40,50,32,31,43,31,46,53,31,27,46,31,44,41,37,46,43,49,32,55,44,59,33,36,38,42,32,42,36,46,44,27,42,44,31,44,44,46,44,42,30,31,54,45,41,46,45,31,38,48,44,31,48,41,44,30,45,58,30,43,34,44,49,46,31,50,32,45,57,61,45,32,49,43,39,45,30,43,42,42,46,31,44,49,41,39,31,58,52,30,44,46,43,31,42,44,33,30,52,38,56,53,35,45,45,40,55,55,45,38,45,46,26,45,45,50,31,42,35,44,45,31,44,39,46,44,33,50,51,44,42,50,27,43,33,52,38,37,31,44,41,50,45,44,32,31,34,32,36,43,45,33,45,52,53,36,56,30,30,26,46,35,39,45,36,45,45,41,47,35,30,45,28,30,44,32,45,44,45,48,50,30,30,28,31,44,46,50,35,46,45,44,37,36,44,32,42,35,31,34,39,44,44,33,43,51,46,41,36,40,43,38,57,29,31,52,54,31,49,27,44,30,48,43,35,44,43,30,45,47,44,43,37,41,26,43,39,50,32,44,31,47,33,44,51,47,45,39,41,57,45,48,43,31,47,43,44,50,52,31,47,45,36,50,30,39,32,48,31,32,45,45,32,51,51,45,37,34,34,42,56,35,28,44,35,31,32,46,42,41,41,45,33,46,49,46,30,37,52,33,39,44,35,45,46,31,30,52,48,30,30,30,44,32,30,43,35,46,31,31,40,47,43,44,30,41,45,31,31,42,45,31,27,41,31,43,57,31,30,30,52,46,34,30,32,45,42,31,46,41,30,43,49,51,45,31,44,48
20,19,23,19,19,28,19,18,17,22,18,17,19,19,21,23,17,21,24,24,19,17,19,18,23,19,18,25,22,19,19,18,18,24,20,20,19,19,24,19,23,17,20,20,24,20,18,19,20,20,19,19,24,19,28,18,22,20,24,18,22,18,18,19,22,19,19,25,18,22,24,25,21,18,19,22,21,19,24,19,19,24,18,19,19,28,19,17,20,18,24,20,23,20,19,24,19,19,23,19,19,19,18,17,22,25,23,19,19,22,19,19,19,17,19,20,23,25,19,21,18,20,19,17,19,20,19,19,20,23,23,19,22,18,24,20,20,18,18,19,20,19,24,19,20,25,20,19,19,18,22,22,19,24,19,27,19,18,19,19,18,23,20,18,24,25,19,24,19,18,24,27,19,24,20,20,21,19,19,18,24,17,19,17,23,21,20,20,24,19,21,19,19,26,20,19,25,19,19,19,20,19,25,24,17,19,20,19,19,24,21,18,19,24,18,20,19,25,19,17,25,20,22,19,18,19,24,18,24,19,17,17,19,24,18,20,20,19,25,19,19,20,19,24,20,18,19,20,24,17,18,25,20,18,19,24,19,19,23,25,18,21,17,17,22,19,19,20,17,17,19,21,19,19,28,19,19,18,24,19,22,19,19,24,20,20,19,19,23,18,18,20,19,18,26,19,22,18,21,21,24,19,19,18,19,19,24,24,22,23,21,20,19,23,19,18,18,22,17,25,25,28,19,22,21,19,21,19,19,20,18,22,25,19,26,25,20,23,19,19,19,18,18,25,25,26,24,19,19,18,22,19,19,19,21,21,19,24,19,22,24,23,20,19,19,23,19,18,19,20,21,20,20,20,17,25,24,18,18,24,18,27,19,24,19,20,22,19,19,25,19,18,19,19,21,20,28,19,20,18,23,19,24,18,23,19,18,19,19,21,20,17,19,18,20,24,18,19,19,18,18,23,18,19,21,18,25,20,24,18,24,23,19,19,24,18,18,19,21,23,22,20,17,22,26,20,22,24,23,19,19,20,20,19,23,19,18,18,24,21,18,23,20,19,21,19,19,24,25,17,18,24,25,25,19,24,25,20,22,19,24,24,20,18,20,19,25,20,19,24,25,20,19,25,27,19,24,19,17,24,25,25,18,19,22,25,24,19,20,24,19,20,25,20,18,18,19,25,19,18
159,143,158,143,144,169,143,146,127,146,130,118,148,144,154,166,129,139,173,169,145,125,142,136,165,148,125,167,146,130,151,142,128,154,129,150,147,156,171,146,151,128,162,134,167,160,146,141,163,148,130,133,168,139,168,135,144,160,163,135,161,130,141,144,145,137,146,178,147,154,175,186,137,128,145,162,134,133,161,147,146,159,132,135,136,171,145,132,138,125,173,130,158,161,144,156,139,142,148,144,144,144,143,132,146,168,152,134,145,153,141,153,132,122,153,157,147,169,144,158,127,160,140,127,147,156,143,139,157,150,147,128,138,142,173,163,163,142,130,145,132,145,161,145,145,174,163,135,144,136,156,145,124,158,139,169,128,145,136,146,128,164,138,135,172,170,128,162,143,139,160,166,147,152,165,134,131,147,131,146,164,124,140,123,149,138,137,148,162,126,155,139,143,168,131,142,172,144,149,143,158,128,172,175,140,152,149,146,146,175,135,134,138,153,126,131,143,176,143,135,180,155,158,146,136,150,169,127,166,138,122,119,147,163,142,167,128,145,177,149,125,146,144,168,165,141,126,132,165,121,140,176,157,142,157,159,126,143,152,182,127,132,137,128,160,147,141,154,134,129,144,151,157,148,172,141,146,136,169,127,147,143,147,165,160,153,141,150,147,125,138,160,138,136,165,131,161,127,135,139,169,141,133,134,146,145,153,162,161,158,158,155,138,163,142,145,144,150,127,162,170,175,143,157,131,147,158,144,147,131,148,161,176,140,171,175,151,158,148,138,135,135,127,171,178,164,163,145,148,137,151,131,152,147,155,141,144,156,144,156,171,150,152,151,145,164,155,128,142,149,134,144,149,150,125,158,163,129,126,173,131,162,148,162,143,158,144,155,155,180,141,139,156,146,154,131,170,136,136,141,163,126,163,150,158,137,126,131,144,134,151,124,146,123,156,172,143,127,145,123,139,152,124,145,137,126,167,132,159,134,168,148,132,145,162,130,144,134,156,154,161,153,130,159,163,158,162,175,161,137,147,133,135,141,158,145,144,144,173,144,141,161,150,133,156,143,145,175,163,139,146,174,159,179,133,171,177,160,145,143,173,170,148,131,159,147,177,147,134,162,174,149,143,171,165,144,170,149,128,174,178,170,127,132,147,166,162,125,157,177,145,129,174,134,133,127,142,170,134,137
176,170,223,160,241,280,176,162,141,202,153,148,180,173,196,227,137,202,225,227,175,141,169,164,221,169,143,229,217,168,173,165,162,232,186,170,174,272,235,173,227,135,178,191,223,180,159,172,170,184,162,181,236,169,275,154,202,169,222,148,214,145,162,174,203,170,169,231,168,208,226,225,196,135,170,210,197,165,227,171,175,232,155,172,174,278,172,141,189,142,232,196,218,179,168,232,166,179,223,170,237,168,154,135,225,224,212,176,170,202,168,177,167,132,174,176,231,226,168,189,151,173,165,137,171,169,176,173,173,216,222,174,208,164,219,229,170,157,141,171,172,166,224,171,188,221,176,169,174,161,207,208,169,224,168,280,168,156,174,170,152,219,184,159,223,220,169,226,169,157,222,266,164,228,171,185,209,166,175,168,228,141,169,135,217,204,184,184,222,182,200,167,172,258,181,177,226,181,172,173,172,177,227,217,146,171,183,167,170,219,191,163,175,238,163,194,175,228,170,134,225,176,206,180,155,165,221,159,217,165,136,130,170,220,163,169,188,170,225,175,174,182,166,229,168,164,184,190,229,137,158,231,166,164,179,232,177,170,221,225,146,197,143,147,202,171,175,189,140,143,169,197,165,161,275,167,167,154,226,171,202,178,170,231,171,188,168,174,220,151,160,200,184,158,265,168,212,148,194,197,224,182,184,153,171,170,227,217,210,222,211,180,172,217,173,160,159,202,138,247,232,288,169,207,188,166,197,170,164,186,160,206,234,171,243,229,163,222,166,175,175,158,152,224,228,256,228,175,163,155,208,163,168,171,195,208,170,225,181,202,229,213,196,175,181,216,179,151,168,187,205,178,173,188,138,262,232,154,146,225,151,280,177,238,159,179,210,175,320,234,169,162,170,176,205,189,285,175,189,157,216,179,226,161,215,174,152,165,167,191,190,135,170,161,170,220,164,178,177,158,154,227,165,169,202,154,228,190,223,159,226,234,177,177,220,150,164,167,203,207,219,172,139,209,267,170,208,224,231,164,178,178,181,169,214,172,164,169,226,189,149,218,193,170,206,171,169,221,232,149,166,230,254,234,173,222,225,170,204,170,224,223,190,167,172,174,223,180,174,219,229,180,173,219,269,181,222,176,137,228,231,231,148,170,224,229,223,172,176,221,166,184,225,178,167,152,174,223,173,156
379,330,635,309,325,957,361,281,223,505,266,224,349,345,465,624,206,485,686,651,354,221,344,307,623,324,238,696,570,314,356,293,304,641,402,363,340,346,691,336,628,207,366,405,675,371,253,317,352,404,299,355,661,341,956,265,512,354,653,241,567,247,269,333,523,317,323,748,305,558,683,732,466,227,338,571,445,330,666,328,343,671,242,311,342,998,330,209,446,229,703,430,583,363,312,683,308,337,602,321,326,347,246,194,576,711,575,331,329,524,314,357,315,192,351,371,611,712,324,463,266,370,319,216,307,366,323,330,365,605,578,331,511,261,669,364,371,264,230,331,373,320,670,329,406,728,387,332,360,279,527,525,334,645,311,928,321,240,337,335,259,610,415,260,665,707,349,674,320,243,661,892,313,680,354,379,469,312,347,273,638,221,325,196,612,479,434,371,653,367,494,317,335,866,373,340,705,350,342,317,355,367,727,666,225,325,396,323,331,681,444,284,336,682,286,388,344,708,325,195,722,363,531,347,274,309,704,258,640,333,203,184,333,642,268,366,419,332,731,349,367,379,320,684,358,284,374,426,673,197,253,716,349,310,354,676,361,333,604,748,245,457,209,237,518,337,335,415,212,218,322,452,326,316,954,326,327,266,675,362,521,341,334,692,351,427,309,350,598,265,251,347,362,260,870,345,570,252,465,457,681,342,385,265,334,335,635,676,553,624,492,364,328,589,336,249,237,520,213,731,718,982,322,533,435,329,494,332,334,389,300,530,725,327,822,720,352,625,334,341,321,290,271,728,737,833,668,343,312,260,546,319,323,340,472,504,340,635,366,519,687,578,425,349,350,608,355,264,317,388,485,399,359,429,205,776,694,243,229,696,281,923,347,704,296,363,521,345,354,756,332,296,348,356,467,391,966,352,413,265,627,348,669,294,595,341,259,305,322,433,390,209,330,287,362,685,299,341,341,263,255,650,298,326,504,266,710,428,639,280,694,629,327,328,641,253,262,330,473,586,572,376,211,517,844,356,527,670,636,308,362,394,388,322,607,323,282,305,706,480,246,602,426,340,517,330,319,682,711,241,280,706,735,725,342,658,741,367,533,319,680,697,418,301,374,338,718,383,338,663,709,370,333,706,891,373,679,359,204,692,757,706,252,314,573,710,667,331,372,678,317,395,729,365,278,259,322,700,339,281
184,158,220,127,188,264,172,164,112,152,127,118,192,161,206,246,125,151,220,223,184,133,177,141,224,174,139,216,163,158,174,158,120,204,130,184,177,200,218,186,202,125,186,139,232,189,156,174,188,179,146,130,245,165,230,119,165,176,212,142,185,139,139,159,183,156,172,216,171,209,221,218,151,147,163,210,152,173,218,189,189,214,116,144,148,257,162,129,161,132,229,155,234,186,177,218,170,164,201,171,185,150,159,137,167,214,159,133,173,171,143,187,136,138,165,185,189,212,173,194,146,185,137,132,179,186,153,155,157,200,198,131,168,134,201,176,185,159,145,147,115,172,172,176,178,199,170,144,158,127,195,154,125,184,149,239,134,152,140,180,146,192,131,150,217,198,124,190,184,132,187,242,179,210,188,148,145,169,135,166,238,121,159,128,210,151,156,186,224,142,189,157,176,245,144,173,217,177,191,183,178,123,201,219,150,181,178,172,185,224,121,124,157,198,130,147,177,219,180,145,213,175,198,178,162,134,216,115,218,173,139,127,178,197,170,185,136,186,211,199,126,188,172,214,176,149,124,142,249,127,140,246,176,177,178,203,123,168,199,216,140,156,153,112,178,176,172,175,141,135,184,205,140,161,232,178,183,165,212,132,151,160,188,222,177,190,147,164,200,144,123,177,157,121,247,139,221,142,165,141,218,174,127,119,187,176,200,189,195,168,220,188,152,226,173,156,155,158,147,209,202,261,171,231,144,185,180,168,143,137,171,205,236,172,229,213,176,219,171,152,145,162,141,203,213,253,220,177,166,151,169,157,199,195,197,168,179,213,174,176,214,195,185,186,172,235,186,143,180,197,148,186,182,182,138,217,203,132,128,216,142,262,190,206,174,203,166,184,187,205,171,130,143,190,222,136,261,154,129,159,202,136,204,124,164,151,135,149,176,138,174,135,176,129,173,187,173,127,171,125,150,193,117,186,153,128,214,148,186,140,209,186,149,172,221,121,155,165,201,165,219,185,118,193,242,177,203,223,214,158,192,130,132,171,204,171,172,179,250,138,157,200,182,163,198,173,168,222,202,150,167,226,206,212,153,223,204,176,182,171,221,196,193,138,186,198,218,188,139,184,214,169,168,223,243,191,214,161,136,223,204,217,139,149,194,214,194,137,171,223,171,140,200,125,128,145,160,224,160,124
70,72,73,63,127,85,66,67,64,64,66,65,71,72,71,74,80,72,74,74,75,82,68,69,68,71,82,72,76,83,72,64,64,70,63,67,82,118,74,75,74,86,75,67,66,77,70,88,76,62,77,70,72,65,83,62,66,74,66,75,64,79,80,78,72,76,83,74,70,74,76,70,67,82,72,68,72,82,76,88,73,78,66,76,72,83,72,72,69,81,71,69,70,75,73,72,74,75,69,87,119,65,69,72,79,73,65,73,80,74,70,74,80,74,75,71,72,72,82,70,79,76,64,68,72,74,76,75,67,73,73,66,67,75,76,97,75,67,74,70,60,86,67,85,65,67,71,68,61,67,65,73,62,68,71,85,64,74,70,66,87,65,62,68,73,72,60,68,80,74,67,85,66,77,73,73,71,69,68,78,71,78,67,76,70,72,68,69,73,66,64,70,69,80,68,81,71,80,81,81,74,61,69,73,63,72,67,85,77,74,63,71,71,78,72,74,77,73,74,64,71,76,74,81,74,67,71,66,69,80,89,86,86,70,71,76,72,81,71,77,63,65,83,71,77,77,71,67,72,70,78,71,74,65,76,71,65,63,73,71,81,69,65,64,62,79,85,63,61,79,80,66,64,64,83,69,75,74,68,67,66,76,82,67,78,64,71,73,73,83,69,90,76,67,84,66,75,72,66,72,73,68,70,62,79,71,70,66,64,65,69,75,72,67,81,78,72,64,82,80,73,85,85,68,66,81,62,68,65,68,63,67,70,85,77,71,76,77,65,73,72,72,85,71,74,81,66,64,64,61,66,86,70,75,65,70,69,70,70,62,72,66,67,74,75,68,75,82,75,72,74,70,68,69,85,82,72,71,78,72,80,88,80,72,68,75,68,73,135,72,85,67,66,74,70,72,87,72,71,67,65,69,74,62,66,69,76,69,72,68,66,84,81,66,76,68,66,69,76,63,86,71,61,81,66,66,71,67,67,68,67,79,74,82,72,65,78,80,67,61,67,77,67,66,85,79,67,74,78,68,72,63,63,67,65,83,79,71,73,61,61,67,70,87,73,78,77,75,72,62,72,67,83,72,75,74,71,73,71,87,74,74,67,71,75,80,72,70,71,66,70,63,86,72,84,69,68,74,88,72,73,75,76,77,70,71,65,67,70,74,86,67,70,63,72,87,62,67,76,63
6,9,14,6,9,5,13,3,2,4,2,5,5,8,6,6,2,4,5,6,0,7,9,1,0,1,6,1,6,9,5,10,5,5,1,17,2,0,1,7,5,8,5,4,20,2,1,6,6,0,2,4,1,7,5,9,4,5,0,8,5,13,10,4,0,18,6,6,1,4,3,10,3,1,11,5,0,2,11,6,2,5,1,8,3,9,4,2,3,8,3,9,10,4,2,7,17,4,5,4,1,11,14,14,0,11,0,0,7,5,0,4,16,21,12,12,5,13,9,5,16,10,9,22,2,17,2,6,8,7,13,0,7,4,12,0,3,7,14,3,3,7,0,4,11,0,18,4,15,2,3,4,5,1,8,4,10,5,1,16,0,17,8,3,1,1,4,18,0,0,7,4,11,8,8,1,4,11,1,10,0,3,4,10,9,7,3,13,5,1,20,0,14,3,9,6,19,0,3,6,7,6,15,10,7,0,2,1,6,2,4,1,3,1,1,1,8,4,1,17,2,5,6,1,5,4,14,8,14,5,5,12,4,1,7,1,1,1,7,6,5,11,8,2,1,5,2,0,5,3,11,7,5,10,2,18,8,14,8,6,4,0,10,4,13,3,5,13,7,0,5,0,1,5,2,6,8,3,11,2,0,5,9,16,7,16,4,6,6,16,3,9,6,3,10,0,4,17,9,4,8,15,0,6,2,6,5,6,14,9,6,1,5,12,0,8,3,7,7,7,0,11,6,10,2,3,19,10,2,5,19,11,10,2,7,6,12,8,18,3,4,3,3,13,11,6,21,9,10,16,1,12,13,5,10,3,12,13,2,3,10,7,4,13,15,12,1,11,5,9,0,7,1,6,9,0,15,1,1,2,0,5,1,6,7,4,6,4,12,6,4,4,9,7,1,0,11,2,3,7,21,6,12,15,8,2,1,1,5,1,4,1,6,4,10,4,9,0,6,5,6,5,1,8,11,3,10,7,15,11,0,4,6,10,9,3,16,12,7,1,0,11,6,12,7,12,14,0,5,13,8,6,7,8,2,1,4,10,10,3,13,9,11,13,3,7,1,13,12,13,1,8,4,15,11,1,5,5,4,1,1,4,12,5,2,3,11,11,11,7,12,16,4,5,12,5,2,1,7,0,0,5,5,9,0,21,0,2,7,12,6,1,0,5,7,0,22,13,7,3
16,14,9,10,11,9,1,3,14,14,10,26,11,13,2,2,14,10,11,5,3,1,1,2,6,4,3,28,7,20,9,11,13,38,25,7,2,15,9,0,9,16,5,7,1,4,8,14,13,10,4,24,6,11,26,3,8,9,1,8,5,21,13,2,4,5,18,14,11,7,6,25,23,15,23,5,10,3,4,5,0,11,2,30,8,13,18,8,12,5,10,15,10,15,3,29,13,9,38,12,1,5,5,5,27,10,33,16,12,8,5,14,20,4,13,13,5,28,14,10,14,11,0,23,3,7,6,16,12,11,13,32,41,1,27,14,1,1,20,5,18,7,39,8,18,18,0,17,9,29,7,22,30,24,7,6,24,4,33,2,0,2,19,9,26,32,19,2,1,13,3,11,14,28,15,11,38,1,22,3,26,16,0,27,10,19,23,10,23,20,11,13,0,1,21,14,11,16,14,17,15,21,6,14,4,6,10,6,6,3,23,6,18,23,1,22,2,3,1,7,3,16,1,15,14,9,0,7,23,8,9,21,5,22,13,14,3,10,17,10,22,15,4,16,7,15,19,24,16,20,8,4,17,8,9,27,15,18,4,1,13,23,8,19,8,16,4,9,8,7,0,3,26,10,20,1,0,4,32,8,2,11,11,28,17,5,12,2,6,16,12,17,12,27,11,0,6,7,35,17,21,2,14,18,5,1,28,5,3,32,19,21,17,20,15,6,10,32,4,7,13,21,3,1,28,4,15,14,17,15,2,8,25,8,11,14,12,26,20,8,10,21,6,6,20,14,25,12,6,6,32,0,11,0,1,12,1,31,2,5,28,38,4,7,14,3,5,24,1,15,4,7,13,16,15,19,22,14,5,19,5,11,14,18,18,0,13,2,9,19,16,11,17,3,2,0,2,0,17,0,22,21,11,3,22,20,23,7,6,28,2,12,15,35,21,24,11,17,12,20,0,7,3,4,24,36,24,33,22,9,9,11,29,14,20,14,12,1,5,33,10,8,14,11,22,3,15,4,14,9,8,6,29,4,4,14,16,3,2,8,4,17,2,3,13,11,12,23,16,1,9,22,12,1,9,24,10,9,13,3,1,21,15,10,2,11,12,11,18,21,23,12,9,17,1,5,29,6,14,31,11,12,27,18,14,11,36,33,21,26,9,9,29,40,7,21,10,25,16,6
187,189,188,199,180,181,200,193,200,195,194,196,189,187,197,186,181,198,185,186,185,179,199,192,191,188,179,187,195,180,185,198,197,190,198,192,180,185,187,183,186,179,183,192,192,183,190,180,184,199,181,189,188,202,180,201,191,182,191,182,198,183,183,182,194,184,179,187,190,195,185,186,192,176,187,191,188,180,193,179,186,191,195,181,193,181,188,186,196,178,188,190,191,184,184,188,185,188,191,179,181,196,192,190,193,188,194,184,180,195,190,185,181,182,184,189,189,188,180,197,184,183,199,190,187,185,186,184,192,192,189,196,194,186,187,184,183,193,184,189,201,179,192,179,199,189,189,192,203,193,195,196,203,190,188,184,197,189,187,193,177,197,197,191,186,186,203,191,181,186,190,181,194,188,185,193,190,191,196,186,189,178,201,183,191,197,198,190,186,192,199,189,189,186,190,181,189,183,180,181,183,197,190,187,199,188,191,179,183,185,201,189,192,190,187,185,183,186,185,197,186,184,197,182,183,195,188,196,189,182,180,181,179,187,192,182,196,179,188,183,198,195,179,188,182,184,199,192,188,185,184,187,183,198,184,191,195,198,188,185,180,191,193,199,198,181,179,198,200,181,181,195,197,199,181,194,185,180,189,197,193,185,180,192,183,195,188,185,187,180,191,183,189,193,184,195,194,183,195,199,188,193,200,201,181,189,190,189,196,195,191,184,187,192,180,184,191,198,181,188,187,182,180,191,195,179,202,188,196,192,201,193,188,180,187,187,184,191,197,190,192,183,180,189,187,185,194,202,199,203,191,180,189,183,193,189,195,191,190,197,189,192,191,186,184,190,185,179,183,187,196,196,192,199,180,187,190,186,180,188,179,182,182,189,188,183,191,186,188,186,179,192,194,188,189,188,182,188,200,193,194,191,186,201,192,196,179,186,189,191,194,177,180,194,183,190,193,201,184,200,181,189,201,181,193,193,188,193,191,194,188,192,185,181,187,195,185,180,192,194,192,183,192,194,184,184,193,186,192,191,192,198,197,195,192,180,183,191,187,199,201,194,192,180,198,181,181,186,189,204,188,191,186,189,181,186,186,185,195,179,185,187,191,189,184,181,186,192,183,191,189,198,180,186,181,193,189,186,180,187,186,187,183,184,188,189,190,191,189,186,179,192,187,196,189,177,206,190,182,201
197,199,196,207,183,183,204,202,208,204,202,202,195,197,199,194,185,199,195,193,192,183,206,199,201,199,183,199,193,185,196,205,202,202,205,200,185,194,197,189,193,183,194,197,202,194,194,182,193,208,185,195,197,209,184,208,199,192,201,187,204,187,183,188,197,188,184,195,201,195,193,198,200,184,199,198,194,185,191,182,190,189,196,193,197,182,200,190,201,184,199,195,198,195,188,197,189,192,202,182,185,204,196,194,191,199,205,193,185,195,200,196,187,187,196,198,195,201,184,202,185,192,206,195,196,193,189,191,200,194,197,203,206,186,195,194,192,201,188,199,209,182,206,183,204,200,196,200,209,204,206,197,210,202,197,183,203,190,196,198,183,206,205,195,195,198,211,199,184,185,200,183,202,189,195,197,198,198,205,187,200,185,207,190,199,197,204,196,195,198,203,199,194,184,196,185,196,187,186,185,195,204,198,194,206,198,198,182,188,192,209,195,197,189,192,191,187,196,191,202,196,195,198,186,189,203,197,201,199,185,184,183,183,198,201,192,200,184,197,189,205,201,182,199,191,185,204,199,196,189,183,196,193,203,196,202,201,203,197,196,184,198,199,207,208,187,183,207,207,185,184,202,207,207,184,201,191,187,202,206,198,189,184,206,191,201,195,196,194,184,194,192,193,201,183,204,195,187,205,201,197,197,204,209,186,196,203,198,202,206,199,197,195,201,184,184,194,211,183,186,199,183,182,199,204,182,209,193,206,197,207,200,200,182,187,200,193,190,205,194,196,190,183,198,196,185,205,208,206,209,200,183,200,188,201,197,201,202,196,205,201,205,198,197,189,200,196,185,187,193,198,203,202,203,183,186,201,192,184,199,186,182,187,199,197,194,199,197,196,198,183,202,203,194,195,192,181,195,203,201,205,197,194,208,202,200,188,191,196,199,201,184,184,202,193,201,199,205,187,206,182,196,207,184,200,203,197,202,202,202,201,191,191,185,197,203,185,186,198,208,201,191,198,201,184,191,202,193,192,201,199,204,206,200,204,184,185,199,195,208,208,201,198,183,199,186,186,194,200,210,194,202,184,196,187,196,198,194,198,182,194,196,198,196,193,186,195,199,189,201,201,206,183,196,182,198,201,197,183,198,197,195,187,189,197,199,206,198,200,195,182,198,201,208,193,184,211,204,187,209
