0.0007086498910268135,-0.001937916305912668,-0.0630445028798774,0.11876995614349983,-0.029874207131745933,1.0834231305002317e-10,4
0.0007324166195994408,-0.0019630210027843376,-0.0629135404910004,0.11958115512735512,-0.02961045732695,2.206245510379969e-11,4
0.0007813408078798101,-0.0019636175014778323,-0.06358687114296258,0.11954966548793111,-0.030065460068155136,1.84865713825222e-12,4
0.0007422391060342981,-0.0020116826806775845,-0.06271682204842843,0.11870873135693927,-0.030348666776531807,-1.8657603062450015e-10,4
0.0006512529727084049,-0.0024230585162580143,0.019821786357818727,0.2353570564521119,0.018170021412656112,-8.618210605515901e-11,5
0.0007308878361581839,-0.002510253691667297,0.019976035195644837,0.233494375000165,0.01857002361960891,-1.1036674141039698e-10,5
0.0007141500844557724,-0.002483649415753686,0.020223485818521514,0.23255704173485148,0.018682566662535205,-3.0041123901038835e-11,5
0.0008036837153311549,-0.002581768454366362,0.021125654629257973,0.23208023386673782,0.018289279427773586,2.069307400852511e-10,5
-0.005214193392123367,3.0495363644467144e-05,0.0004160479950479079,-0.0026198548761358076,-8.408173266083452e-06,2.0293142370806825e-11,0
-0.005184951396061177,-1.7567463057033272e-06,-1.8000362972170336e-05,0.0003019077420307603,-0.00019168757989973528,1.565049728480383e-11,0
-0.005115156112854985,1.578842546151593e-05,-0.00022782417102407138,0.0002948077763482715,-4.984549020026208e-05,-5.3332866450245004e-11,0
-0.005141433570654191,3.8395993372519754e-05,-1.1522447076472986e-06,0.0009160639301279971,-9.569486717175835e-05,3.0894928492153476e-11,0
-0.005170572293950321,-0.00010580249484021254,0.00022637242984213657,0.0019264932869171858,0.0001980366387357435,7.299655668200613e-12,0
-0.005213006311394153,7.188233615285089e-05,0.0009480664751571055,-0.0031224599018813137,0.00020418126130561376,-4.715965865712915e-11,0
-0.00513140044987051,3.409670498188966e-05,-2.6251906286134385e-05,-0.00235884893565963,-0.0003394752380811994,-5.804715558065397e-11,0
-0.005222046367271416,-9.212286671395065e-05,0.0004923758268531309,-0.0029419680286912886,0.0006593448497174137,9.404611571148561e-12,0
-0.005145345792134909,-4.907157943528917e-05,0.00019348256934836883,0.00027853013779832736,0.00013941661828020813,4.361090630027769e-11,0
-0.005172717709961833,-4.4184412140768625e-05,0.0006893737251325582,0.0005219665156803721,-0.00047515353856564246,1.0875074913879279e-10,0
-0.00517354033935824,7.296964290859353e-05,-0.0005713383405834271,-0.001188075319638049,0.0004690431774712067,-1.3423111378276688e-10,0
-0.0050602219892858236,-4.632498492401771e-05,-8.426788502280402e-05,-0.0030324517309350263,0.00023310560989564522,3.632595422957462e-11,0
-0.005152812661694678,5.300330836488509e-05,-0.0006131375433042763,0.0054490212068127875,-0.0004187772044765836,1.5862474514362622e-11,0
-0.005197845600896589,6.794670445448014e-05,0.0004886590570802873,-0.003245011253946828,0.00022711624489346605,4.1801236557152015e-11,0
-0.00519122041352893,1.3483772183686682e-05,-9.618793338050935e-05,-0.00018098752952111496,-0.0001442545139909157,4.395491556044269e-11,0
-0.005189067385839852,-3.068179911208668e-05,-0.00025688101732024293,0.0026503534291553166,-0.00013378773910943664,7.557774897536514e-11,0
-0.00508317801373398,-1.0455195355474345e-05,-0.0010304009681592063,0.004930315932718976,7.524583888862679e-05,1.0767370613536429e-11,0
-0.005243315474637217,-5.010710131719831e-05,0.00064314649513042,0.0024178536007211093,-0.0009750544533160266,2.9896481213420714e-11,0
-0.005128419806493145,-2.6687861669427715e-05,-0.0004160555916703501,0.002619854889872819,8.408173259866203e-06,-1.4103596594969834e-11,0
-0.0051476319008245675,-2.8979184864053043e-05,-0.00033164282008746326,-0.0008231829017448788,-0.0001606149924837652,5.4687851968038124e-11,0
-0.005123117712488634,8.217905056007169e-06,0.00019717403324559513,-0.0002912721824976927,0.00034870908172646153,7.016324291262045e-11,0
-0.00523700433876767,-2.7615014117465808e-05,0.0013398389407393019,-0.0037150232381999437,-0.000348081805228162,-6.039417626873595e-11,0
-0.005158293643877793,5.837294061239451e-05,-0.0006210736023049002,0.0006566943744932274,0.00036033066578777806,-1.6058272364731518e-11,0
-0.005190865132259942,2.3310563198875034e-05,-0.0004665308572602278,0.0003538550228121551,0.0007528646448364817,-3.577292000711991e-11,0
-0.005238779319326703,1.2231782399230173e-05,-8.693751918054105e-05,3.547255856073406e-05,0.000731125588703474,-4.363916476104817e-11,0
-0.005128703889138914,-1.2831367104670921e-05,0.0003151977039803633,-0.0003302240781004606,0.00032973201379693506,1.0040104515943553e-10,0
-0.005198712954117307,1.4336011350257749e-05,-0.0005143422432967171,-0.0005226754350480256,3.751996772471955e-05,-1.4071952726044779e-11,0
-0.005140503644295885,1.0965472639234974e-05,0.00040353737905141074,-0.0009626187602105318,-0.0004602624877683148,1.4526299513906992e-10,0
-0.005153449247949304,9.371797691448691e-06,9.093141164884244e-05,-0.0005804435027307875,7.279245794622469e-05,-1.2829818726221132e-11,0
-0.005197328588105871,-2.348559869580491e-06,0.0006009297408673397,-0.0006700949237452569,4.9407820374103295e-05,-6.489263899056414e-11,0
-0.005148468971611364,-8.757195142927721e-07,0.0008138662678573994,-0.004602817436645257,0.0012282547268545052,1.1074955863700525e-11,0
-0.005216532526419154,-4.2421168970241396e-05,4.1581641971433214e-05,0.002377320957593465,-0.0012287578027314616,4.005570910054705e-11,0
-0.005177861059997763,1.6592384767810664e-05,-0.00040655642956899385,0.001653616823339643,-0.00020144117431497577,-1.6445997354192177e-10,0
-0.005172399233998537,3.561580719141366e-05,0.000924473972585993,-0.001592802547247807,0.00013613185870031685,-1.4807417125768682e-10,0
-0.005186219693941341,6.223860956344751e-05,-8.080814226385513e-05,0.0002487990589177258,0.0005158137170711008,-5.0078338438547644e-12,0
-0.005141192686612589,1.9674598467078752e-06,-0.0008663894862066535,0.0011446940096622171,-2.967925906283142e-05,-2.113494107288137e-12,0
-0.005089304753174345,6.0283798530291755e-06,0.0008767679465448985,-0.0034205148967960675,0.0002254702310722223,-1.9784777691634112e-11,0
-0.005122444344723559,-5.9998062879818015e-05,-9.96224045812788e-05,-0.0005654012942875042,-0.00043544460770883475,-1.6646396159882693e-11,0
-0.005106337616368556,1.8570573984244554e-05,-0.0001444078022583284,0.0010318097354637956,-0.0007527438173675627,5.1070193565207303e-11,0
-0.005221115147227978,8.045081469343351e-05,-0.0013765936403817847,0.004648066788369043,0.0004250870956505892,8.175694010418831e-11,0
-0.0051770778642010185,-9.896768096540054e-06,6.931313058089472e-05,0.0006250416406436976,-0.00018611088136610832,1.8027897229243913e-11,0
-0.005247279034243935,-6.125412253704665e-05,-0.0002693917146805447,-0.0004655869278638036,-0.0008159081065652884,-1.1469546780089475e-10,0
-0.005183952864826147,2.2748179772658084e-06,4.450154550772467e-05,-0.0005452659265623439,-0.00010768422866425098,1.906392470524509e-12,0
-0.0051677373899846335,1.355415096770951e-06,0.00020418234326280427,-0.0006588690086553051,0.00018116596668793505,4.150036756675197e-11,0
-0.005177712761493758,-6.97778585895259e-06,-0.00015893003559463992,0.0011665999358556611,-1.0106612324367603e-05,-2.5381289204637228e-11,0
-0.005178904339879942,6.210944939966101e-06,7.583659904808471e-05,0.00018759565012693713,-0.00020107639944821898,3.069314966591105e-11,0
0.0006810143480615594,0.0006240286560124098,-0.001922716718286921,-0.11743411753815458,0.011617019386301664,3.9628163994227155e-11,1
0.0007384449139156701,0.0006416904064053819,-0.00228918235207054,-0.1200464683955742,0.011607577782998035,2.7828343012493712e-11,1
0.0007412701237725083,0.000652148170302902,-0.003026100172645485,-0.11603315404970971,0.010545198880025808,5.440472010293402e-11,1
0.0007216003809209504,0.0005232601893705446,-0.0010239197691781499,-0.11918940434679204,0.012415817068331947,-6.032540110078189e-11,1
0.0007367314070351183,0.0006001485250748395,-0.0020192027374710264,-0.11866120721679341,0.011566130802176389,-1.3255602330541937e-11,1
0.0006772880603448939,0.0006073942355480089,-0.0016580443538662948,-0.12054332491840913,0.011792567859771452,-3.5942312889883615e-11,1
0.0007816946625971433,0.0006240710431262286,-0.0023645732556225596,-0.11732733508166415,0.011182439204779016,1.0695825286585292e-12,1
0.0007193529528153331,0.0005669221156083815,-0.0018900548979789988,-0.11806750236519648,0.011160293531986554,-8.069858200933692e-11,1
0.0007980751767257543,0.0005835758996004525,-0.0020227262165777304,-0.11835592324610733,0.011750296828042295,-1.0244434702958951e-10,1
0.0007320954761015352,0.0005941080306055557,-0.0030257097245574016,-0.11748679914846871,0.011379363178777524,-4.255383552991118e-11,1
0.0007488338587304244,0.0005353266396447287,-0.0014380297159446442,-0.121153105606993,0.01116435046326636,1.543862500813292e-11,1
0.0007435505067033832,0.000521046381705359,-0.0018148609938259952,-0.11574597606096315,0.011626566276245143,5.2009644598940735e-11,1
0.000761883278305564,0.0007414583423357435,-0.002099637231314233,-0.12038334737912759,0.011414784440843206,-4.308038163026572e-11,1
0.0007335324271560695,0.0005832819185911386,-0.0013441963223304043,-0.11969659519172282,0.012499534428899395,1.3089530883345947e-11,1
0.0006559120712807398,0.0006387918553784067,-0.0022814119939846833,-0.11766005575787908,0.011559188121038844,-6.571291866264205e-11,1
0.0007331299926141566,0.0005958441692668348,-0.002267491365429919,-0.11983434383996716,0.012061316565125324,4.285341081555066e-11,1
0.0008005452301041993,0.000513240202121179,-0.0016683955907224046,-0.11740503088237375,0.01094508671367933,-5.98377632615008e-11,1
0.0007745253222554149,0.0005796542958078632,-0.002242116629644464,-0.11923604175107627,0.011262785793125119,9.322286219778594e-12,1
0.0007001401438545551,0.0006866442094457526,-0.00363670021231588,-0.11477756208623724,0.011651797974829847,-1.0784125088032851e-10,1
0.0007870874707162634,0.0005591466264714962,-0.0003289041907290624,-0.1225197043294095,0.011929862699879834,6.339148439790063e-11,1
0.0006583157398170059,0.0005709344482436318,-0.0015231381545053324,-0.11852111326966597,0.010903607509915147,-4.433601239283135e-11,1
0.0008053651203955292,0.0005465972545453113,-0.002410054953036145,-0.11848892270413014,0.011002926762712306,-4.7828119130379366e-11,1
0.0007523687172712457,0.0006589670557016758,-0.0022257319285765576,-0.12167081029332483,0.011987436197500756,-2.8310912834269848e-11,1
0.0006756665422510966,0.0006474013982629145,-0.0012661621401361955,-0.12127215238370592,0.011935708943955348,6.425561451037768e-11,1
0.000749362361080641,0.0006277700860565227,-0.0029159800804618996,-0.11662623277455708,0.011046619306306127,-3.4463388072562785e-11,1
0.0007322873520691497,0.0005514599582959745,-0.001936314636296288,-0.1188613598923185,0.012213443457630646,-4.921326844306573e-11,1
0.0007324052161541972,0.0006421329244975515,-0.0010342352459735693,-0.12012930434873947,0.011514297318713673,7.701576972463011e-12,1
0.0007683508991874199,0.0005514570363768234,-0.002819179942481931,-0.11619663053825136,0.012012027694380478,-1.5721482199510472e-11,1
0.0007992166660301114,0.0005364482797718395,-0.001002218017716494,-0.11938331681453729,0.011856137925823518,-3.7641860356416306e-11,1
0.0006671422824880424,0.0006776494657022569,-0.0027500040802426184,-0.11943230322834442,0.011052814314881587,-2.1374989824733247e-12,1
0.0007367314070351738,0.0006001485250741734,-0.0020192027374728028,-0.11866120721679163,0.011566130802176389,-1.2480813697496958e-11,1
0.0007367314070353403,0.0006001485250745064,-0.0020192027374710264,-0.11866120721679252,0.011566130802179941,-1.3991695922729148e-11,1
0.0007805299227690576,0.0005081352769161773,-0.0022808696863236833,-0.11772351624886834,0.011673407155122106,-2.485116305430958e-11,1
0.0008042333934809576,0.0007002364697794583,-0.002658327638004998,-0.1197897736361524,0.011928345035995491,-5.141427310242539e-12,1
0.000592854600910131,0.000593948382269005,-0.0008388155718330736,-0.11863272061807528,0.010780450916527684,-6.863876918994035e-11,1
0.0008283152784657188,0.0005521502357582753,-0.0022774019228295472,-0.12080087026617026,0.012043711081970443,2.90149440728576e-11,1
0.0006704402163147383,0.0006304923389180983,-0.001934567333310433,-0.114669576437878,0.011150175626552183,8.713698742032994e-11,1
0.0007351882721834124,0.0005627371055670904,-0.0017760668876549701,-0.11741368097513805,0.0115288048473281,-3.5371026875173335e-11,1
0.0008022169781469191,0.0006820760427633799,-0.0025769534723201204,-0.11856418835284188,0.01097864874000365,7.035270156290638e-12,1
0.0007687772663155235,0.0006120233671165209,-0.002628024341901014,-0.11684796927420216,0.011216214189708307,3.675198569267645e-11,1
0.0006712458359152129,0.0005182210073877425,-0.0014614520026308142,-0.11875822608073072,0.012153612864354457,-2.187997901789533e-12,1
0.0006843263492067042,0.0006051599306094446,-0.0017774229911120543,-0.11912315990927924,0.011614604652328442,-2.943371542217445e-11,1
0.0007956799159478112,0.0006399006233592797,-0.0023826862190086118,-0.12108081307705465,0.011818600272494706,1.4713715185818627e-11,1
0.0006627127231325081,0.0006560710493290767,-0.0024604084432811035,-0.11651217910110212,0.01161069503177714,1.802746555753707e-11,1
0.0006625244069531355,0.0006120074328054281,-0.0015235179175157043,-0.11700630501195519,0.010754467206686158,-5.3622500559110027e-11,1
0.0007815549987902348,0.0006092364305616549,-0.0019423392903012981,-0.12003268747442686,0.012218309728410759,-6.550110841715848e-11,1
0.000788407233569044,0.000489478932162335,-0.0029829179979641296,-0.1165897729825689,0.011928891246970608,3.643078026241127e-11,1
0.0006542790989753078,0.0006828401093719183,-0.001474998209098466,-0.11912578706179122,0.0106190751811166,-6.128202289207811e-11,1
0.0008016765369622258,0.0005844339196260373,-0.0016576654150526338,-0.12147954544270245,0.013052927603714792,-1.058663326646773e-10,1
0.0007367057722531545,0.0006054159082574673,-0.0019628466211774054,-0.11707249001200459,0.01080183444604721,1.742042151451354e-10,1
0.0007783059821278027,0.0005970425120768175,-0.001923378719561164,-0.11700045995985864,0.011636552606455908,-4.891823425436944e-11,1
0.0007592570398327059,0.0005774761637085124,-0.00237734146920765,-0.11950139151973271,0.01192912143044822,-7.195501121495226e-11,1
0.0007439508706548748,0.000591188151758959,-0.0019754027795606532,-0.11788607502647253,0.011842154679353456,-1.190135331086107e-11,1
0.0007212211533226265,0.0006093066085180454,-0.0024463606356888157,-0.11752076033026482,0.011405117673668475,2.331236663044876e-11,1
0.0006777594387567532,0.0005943269219852443,-0.0020020498032575773,-0.12003362987212896,0.011162431020894203,6.761336782273061e-12,1
0.0007578992985989019,0.0005187761792367351,-0.0017208115169511373,-0.11867625964179673,0.012085604381450565,-4.761752818543524e-12,1
0.0006977818043819028,0.0006378673699896642,-0.0024073079121516017,-0.11849765020711844,0.011895864532867062,3.880136362069338e-11,1
0.0007155587505848771,0.0006815149382584651,-0.0023173112966450304,-0.11864586292644441,0.011046656985163494,9.805634112044034e-12,1
0.0007911288698664865,0.000504763743614689,-0.0006559353910922106,-0.1201981649072974,0.011833482553202934,-5.77804055805069e-12,1
0.0007266680168225292,0.000586568631224138,-0.002218169457906427,-0.1185582394873328,0.011037398501312357,3.38366489300722e-12,1
0.0007479385938025107,0.0006597925122094894,-0.00233437478854448,-0.1184247560968541,0.011447366941804482,-4.2113263823003816e-11,1
0.0007356035248578807,0.0006040956619670634,-0.0020537437382515122,-0.11870117136075553,0.011794914531478184,6.509996894463519e-12,1
0.0007284508449472149,0.0006108306241199291,-0.0020788995855278714,-0.11938237653823025,0.01185777538922661,1.8597434287360087e-11,1
0.0007649894155764003,0.0005829602277349633,-0.002054513527987467,-0.1192187504784652,0.011408635591448224,-1.6662103856917448e-11,1
0.0007240484626535315,0.0006109457920059347,-0.002080474251529907,-0.1171621043975084,0.011283738726190151,7.765321656636077e-12,1
0.0007289774950765548,0.0006225599819515981,-0.002661449145725747,-0.11847176515728108,0.011530332415822464,-5.1308253694186715e-12,1
0.0008825159910074432,0.00045927347421675924,-0.0014372531003905564,-0.11691673878252562,0.010774587920379552,5.8853392380320225e-12,1
0.0007398690496923654,0.0006470035327775236,-0.0025419788027081225,-0.11857510802100046,0.012698208612405004,1.9815404743669284e-10,1
0.0007528194809596767,0.0006773191148981561,-0.001949644190561095,-0.12310946362741859,0.01199656145944239,-9.133973348207557e-11,1
0.000625632366196005,0.0006448675572893192,-0.002474035576812028,-0.12041190154882386,0.011535302268226744,-1.1592328531421841e-10,1
0.000744913870050351,0.000575123271025102,-0.0018266959043202746,-0.11955496276244704,0.011789233202716964,7.563640991347845e-12,1
0.0006972970224745356,0.0005642582933775286,-0.0021078537602736702,-0.1156963922381613,0.010718763636297979,2.1536403788423926e-11,1
0.0007470713644997795,0.0005904486465149184,-0.002544080011626093,-0.11703762212660695,0.011549003157937499,-2.3941890746966184e-12,1
0.0007833490755241312,0.0006226639275240808,-0.0020682332983827934,-0.11954286090060018,0.011595268750303589,-4.6909304578450874e-11,1
0.0006704945680138519,0.0005699210972145985,-0.0013093365476599672,-0.12077608545922525,0.011805999124036681,-6.186700427969827e-11,1
0.0006994819878014535,0.0005833899194815917,-0.00204291706592441,-0.11756686059249333,0.011492985978933667,4.474680216635634e-11,1
0.0007658051695289825,0.0006441912886834822,-0.002214911031194422,-0.11734573338344179,0.011650833873407151,8.7389880130443e-11,1
0.0007774774675778362,0.000591211664388358,-0.0014005012225348779,-0.12007641181114304,0.011673462065858509,-4.371629632788469e-11,1
0.00088534225303602,0.000566287055855097,-0.0023351939318914106,-0.11696159244947246,0.011987199888991107,-9.770445719401745e-11,1
0.0006855448224767913,0.0006075031383743767,-0.0025968236279343415,-0.11868225202894545,0.011603911457978455,2.319777462917927e-11,1
0.000787511987734385,0.0006174223196069306,-0.0027412780130955383,-0.117466606349093,0.012029743546386307,-3.294351352279288e-11,1
0.0007079649975315905,0.0006511375950836729,-0.0018323762551881728,-0.11641265560782355,0.010930359956764946,-4.670397539031663e-13,1
0.0007299654524321741,0.0005039062943442141,-0.0014088608284166249,-0.12003102010103461,0.012322410053796418,2.298262574446531e-11,1
0.0007242657991210211,0.0007392093504590136,-0.0026632479269683706,-0.11953565781628317,0.011241467741096578,-6.182187302002727e-11,1
0.0006225303016598738,0.0006771455244561908,-0.001842678421573929,-0.11890274711584503,0.011168921518816433,1.3828191773866309e-10,1
0.0006912135562288646,0.0005099842145984135,-0.001493704622193892,-0.11838753326036944,0.011879706040220483,-6.906586460392745e-11,1
0.0007760694995666007,0.0004745328637975055,-0.0012175662710212087,-0.12019123690614864,0.011811728924381981,3.635773923621154e-11,1
0.0006748759779670321,0.0006259568750487388,-0.0023273454880641253,-0.11779459285319938,0.010610878053700645,9.655445422925393e-11,1
0.000725455234770328,0.000609435619707055,-0.0020933175809787485,-0.11929190314977056,0.011568471993260054,9.64618496748242e-12,1
0.0006775244888203857,0.0007125874629642093,-0.0020371268147076904,-0.11789423180279845,0.011344890668108398,2.229244998537864e-11,1
0.0007704975609581222,0.0006530997390718496,-0.002888908264225165,-0.11578021309650133,0.011054460414249512,-2.4553469391799565e-11,1
0.0007408194026791992,0.0004948754469274452,-0.0009944749414203535,-0.1225785547914029,0.011965943511888177,-7.413028968757045e-11,1
0.0007846564713270276,0.0005212212431424113,-0.0020948980463213474,-0.11739021448178555,0.011896817259913206,8.832796454597274e-11,1
0.0007145416453741005,0.0006281356728385923,-0.001409923787491163,-0.12065090438432158,0.011821218985537563,-2.900021142424755e-11,1
0.0008211280188633596,0.0005423181099782903,-0.0015084256971520382,-0.11756503528672635,0.011496085455105387,4.7670819517421626e-12,1
0.0007015045816378962,0.000594599736328083,-0.003150208488057693,-0.11769864273424124,0.011504486027563487,4.588959712553125e-11,1
0.0006732853493027213,0.0006446521830139051,-0.0017041337777139454,-0.12038262362978491,0.012123629708649553,-4.6369603346611864e-11,1
0.000816745722361012,0.0005209478096622755,-0.0019190908598223366,-0.11681550051179768,0.010904142498282532,8.901908836066167e-11,1
0.000640845864087275,0.0006710711532687541,-0.0018906055206504568,-0.1207020050607297,0.01152917699996081,-2.457132669158896e-11,1
0.0007580812075278498,0.0006332798470590761,-0.002818944523064637,-0.11511462356911206,0.011324874738165569,9.22811166856296e-11,1
0.0007333387207673903,0.0005931373211469082,-0.0023128602470263715,-0.11761549550191797,0.011444662889606327,-1.7240061523248645e-12,1
0.0006858848202027645,0.000550947732667173,-0.0006302841107985735,-0.12172217941182506,0.012040460596384861,-5.0338117213119695e-11,1
0.0007502739816881709,0.0006407867773086107,-0.0020238488603814275,-0.12165939357218347,0.011468118468946464,1.3612066517069255e-10,1
0.0006860637558297467,0.000546760796355461,-0.0018828096344423173,-0.11923483020429293,0.01136721065212054,-3.340693547065283e-11,1
0.0007524931912610555,0.0006212253635095588,-0.0024557093060622037,-0.11810025887871367,0.011507112428095212,-4.452821971924123e-11,1
0.0007387942170876405,0.0005946422368147686,-0.0019445729186324812,-0.11738566255974447,0.011629934186323965,3.0651528188053924e-11,1
0.0007387664003161432,0.0006537056168715583,-0.001879780663364361,-0.1194950251748752,0.01193173517397117,-1.6898218225009108e-11,1
0.0007764908295388728,0.0005780153382998199,-0.002682325543215569,-0.11565748495579964,0.012182668821727027,-6.231435247168278e-11,1
0.0007279507257696438,0.000655127806970246,-0.002343772914142672,-0.11777064209031218,0.011234014831051908,2.9051114724292556e-11,1
0.0007423036591038823,0.0005799222744374832,-0.0018712590420002506,-0.11848863619716266,0.011428120114497453,-3.189941332051383e-11,1
0.0007162766530938169,0.0006201261868115648,-0.0016200308757734483,-0.116772829572517,0.01143649489071663,-7.224511836122514e-12,1
0.000693708005096827,0.0006388597100967508,-0.00198003403253022,-0.11800833217434237,0.01098707303709201,-1.7179588820201154e-10,1
0.0007423930111287169,0.0005646538934267475,-0.0022929139739797932,-0.12079222709536053,0.011456004420284494,4.19979182664961e-11,1
0.0007257023708569232,0.000619057372570786,-0.0015322445863632517,-0.1213282715708015,0.011746990582120809,5.698405852026884e-11,1
0.0007002345607130256,0.00046828677929899865,-0.0013390188114361656,-0.11899753275672476,0.0118413630930565,1.5457564000082068e-10,1
0.0007592357450628417,0.0005784336096135712,-0.0009947448069764775,-0.1225218188906525,0.011963905194493307,-1.213769907035447e-10,1
0.000731785073835034,0.000636198350584205,-0.002526695282233149,-0.11873526815363844,0.011341882923052715,3.552904136233922e-11,1
0.0007212413245891169,0.0005830746267196929,-0.001905894322205448,-0.11622814403885329,0.011556847650240343,-5.232259522345515e-12,1
0.0007294458382209323,0.000610032600807775,-0.001967703391294595,-0.12016626198887748,0.011284034475597338,4.2622179987540794e-13,1
0.0007704621377709886,0.0005301009811402579,-0.0016026564501792073,-0.1207148658261139,0.012377059032456117,5.208496682208676e-11,1
0.0008462559763632027,0.0006083701405141806,-0.003281827948080185,-0.11537876128975677,0.012270670694487507,6.238230367647894e-11,1
0.0007038833640748976,0.0006146496015828062,-0.0025469497168346678,-0.11818691996643471,0.01155225512081337,-6.510936024286688e-11,1
0.0008214601312140912,0.0005056978546121305,-0.001183443606902479,-0.11934513129344015,0.010689216560730408,-9.27959735890105e-11,1
0.0008004133512659883,0.0006192196063896649,-0.002742281590744966,-0.11584793356708589,0.011235050935389346,-1.8545535740330956e-10,1
0.0007033187250905515,0.0006489046247175057,-0.002461402812059532,-0.11713567894462384,0.011655350561372124,-1.1423255418079986e-10,1
0.0007752956411556378,0.000662744354023026,-0.0020065865514466985,-0.11760936475279493,0.01085807994743515,6.824485673593073e-11,1
0.0007806290728828713,0.0006579343103362278,-0.0028392148653790805,-0.11893700798491658,0.01180177943946159,4.988898660292801e-11,1
0.0007367314070305109,0.0006001485250705652,-0.0020192027374759114,-0.11866120721680096,0.011566130802187047,3.213817488128851e-12,1
0.0007378705196045554,0.0006057130930640642,-0.0024044765998398887,-0.11756617178625328,0.01157961799485907,-2.543883830612815e-12,1
0.0006940086207607998,0.0006110104485123613,-0.0012341141659355515,-0.12197751459764561,0.011533305456063125,1.840199718175892e-10,1
0.0007128282380232109,0.0006213703488225919,-0.002460689296115426,-0.11899322715167271,0.011490850212877213,-5.2727325448636355e-11,1
0.0008244885150555104,0.0004970121556424623,-0.0013507574220037455,-0.11613131570799506,0.011564043569691762,1.0707914348458632e-10,1
0.0007114843731590159,0.0006202234423162145,-0.0014288418764580868,-0.12232381961922512,0.011717002110202657,-3.411110771862696e-11,1
0.000810524149066405,0.00040542416459582453,-0.0009712001156825245,-0.12117495723748295,0.011212088712966306,8.611599675611742e-12,1
0.0007414737600640875,0.0007015234347818033,-0.002422238090831197,-0.11862608898860394,0.01101391182975675,-5.730367372029093e-11,1
0.000667802314601007,0.0006211357872987211,-0.0026201115147510556,-0.1163226446001353,0.010939584457344331,8.698239948890866e-11,1
0.0007451096027805693,0.0006148796259854983,-0.0019067281870799313,-0.1181905659284812,0.011604691610248352,-2.5884315871588432e-11,1
0.0006962841017109367,0.0006051475620559299,-0.0020422425845940673,-0.11735398804469677,0.011347119677458828,-1.3704324806420668e-10,1
0.0006370725587042381,0.0007119148089864136,-0.0023383469733819773,-0.11614303684561156,0.012399764511417999,1.1366636691056173e-10,1
0.0007694943481943717,0.0005647990557793858,-0.0014062254614159997,-0.11778652114450816,0.011951372720566233,-5.538837232875137e-11,1
0.0006900038274929854,0.0006134821231196241,-0.002082719311735204,-0.12012375795582919,0.011385621705857218,9.911211820722211e-11,1
0.0007169875716351026,0.0006132600522185117,-0.0013725693476240863,-0.12081029851723102,0.012201458399257348,5.0379366683000234e-11,1
0.0007253591938354287,0.0006085200952700709,-0.003299056454575844,-0.11475577800250969,0.011375859731852067,5.803567739737518e-11,1
0.000732067964664268,0.0005470710460440675,-0.002737968708312888,-0.11656399481007229,0.011964409466107995,4.137341717351699e-11,1
0.0007646039845480013,0.0005848795286454989,-0.0014558582951087473,-0.1204079876575781,0.011371224155286797,2.4370546272822345e-11,1
0.0007371107027208668,-0.002494431497620464,0.020274480610251278,0.23302968653578704,0.018683806563896788,1.358166505387897e-11,5
0.0007391035062354334,-0.002490685398189918,0.020294500303412732,0.23366843211924593,0.019015984156732557,6.041853332412698e-11,5
0.0007406688420698859,-0.0025337951293874506,0.02045515673205145,0.2322089692178686,0.017999199966649115,2.5964542926259923e-11,5
0.0007350540104471559,-0.0024982976960210568,0.020253819090958913,0.23237046293575325,0.018340979444199768,-4.0889663883659697e-11,5
0.0007204964978461958,-0.002462087206510699,0.020492146751286633,0.2336398663653556,0.0190369366987575,-6.477807824311634e-12,5
0.0007339879343290778,-0.0024982958457688276,0.02052429847897974,0.23213701808750242,0.018431861839794728,2.373443316154713e-11,5
0.0007348852939472461,-0.0024986148516168427,0.020252124165924812,0.23231638489011885,0.018312856329934846,-4.490440577647423e-11,5
0.0007494333472874426,-0.0025069311255843663,0.020207661397944943,0.23279395370607325,0.018718440921434265,3.272820056229132e-12,5
0.0007055938958126229,-0.002511928326108026,0.02067765500083052,0.23286896556406056,0.018554626355830273,-2.7844631037635137e-12,5
0.0007350115767593979,-0.0024740955791723307,0.019862529815725782,0.2331885398620681,0.01832245072862637,3.407508744645684e-11,5
0.0007940791695522087,-0.002464835454170866,0.01907771156072391,0.23392836285367968,0.018392582036386607,3.92976524187995e-11,5
0.0007065330764872424,-0.0025292479984510563,0.021396320761674303,0.23200461351121104,0.018690881958117522,-2.4929431145814286e-12,5
0.0007229948800020758,-0.0024339208386240374,0.020291616633527187,0.2321537216857772,0.018381490670431155,-6.090306183590178e-11,5
0.0007429442370879002,-0.002481640766538784,0.019771144392989548,0.2344148977132563,0.01841511192617329,-1.524830095148456e-11,5
0.0006867313789790663,-0.0025164710008929725,0.020761537671845076,0.23111068428922588,0.01903086613308158,6.65933468723293e-11,5
0.0006865632697104218,-0.0024988850798270956,0.02007228176992193,0.23389014831212362,0.018511416588137486,2.1758329825677e-11,5
0.000827901943745657,-0.002478593336238566,0.020208264233101403,0.23263228794550983,0.018414051179243884,-6.050804820136775e-11,5
0.0007365411821673995,-0.002495502090170354,0.020268759209871146,0.23284714032090648,0.01858887399011344,-4.876912351369433e-12,5
0.0007365411821673717,-0.0024955020901716307,0.020268759209868925,0.23284714032091625,0.018588873990156074,1.2267323355809762e-11,5
0.0007365411821682044,-0.002495502090170243,0.02026875920986626,0.23284714032092513,0.018588873990131205,-3.323472435045493e-11,5
0.0007365411821676771,-0.00249550209017646,0.02026875920987914,0.23284714032087672,0.018588873990087684,-3.843556261853349e-12,5
0.0007365411821675938,-0.002495502090170798,0.020268759209873366,0.23284714032087717,0.0185888739901241,-1.079717532236421e-11,5
0.0007365411821677048,-0.0024955020901742953,0.020268759209873366,0.2328471403209038,0.018588873990101895,2.4320445049450917e-11,5
0.0007552645803384772,0.000583532123668018,-0.00200636310807889,-0.11774805396818566,0.011008381227330943,1.0281767708654195e-10,1
0.0007436676537313502,0.0005526366927096626,-0.0015234826657497536,-0.1190940882490934,0.011201053064065825,-8.182626788278991e-11,1
0.000725406274730056,0.0005649966422417996,-0.0019729647624893154,-0.11731181199623242,0.012181378154119571,4.349139445340022e-12,1
0.0006965445542310156,0.0006013176396046371,-0.001984667207326485,-0.11857278343055144,0.012028396207183434,-2.061161788757487e-11,1
0.0007620036674037267,0.0005362973675238081,-0.001304591173889591,-0.11918404585971443,0.010943231064299397,1.0916022460644539e-10,1
0.0006863759926898638,0.0006829743858535742,-0.00280199767151057,-0.11912936935557417,0.012173522312080465,-7.912114347274259e-11,1
0.0007527876962141744,0.0005663978753131516,-0.002561684564635236,-0.1176921453955515,0.01128821897142629,-8.378678016483839e-11,1
0.0007388284186317651,0.0005415522713857479,-0.0015536900339383486,-0.11814981104634681,0.011382556326939408,6.680792064623603e-11,1
0.0007388694746371938,0.0005893210213376854,-0.001850908695214315,-0.11911312036466182,0.011563371262127475,-2.075494462184152e-11,1
0.0007628136546975472,0.0007199991620684409,-0.002374208375194531,-0.1204862748167006,0.011648018127271342,6.251118335835195e-11,1
0.0007188057841332474,0.0005993947732169658,-0.0019218346398077735,-0.12070584749967761,0.011460648683025987,-1.3193863592547415e-10,1
0.0008040125184994307,0.0005539625526748138,-0.0007204033493017903,-0.12431731655209521,0.009999793425174097,3.663572715662433e-11,1
0.0007106117118355904,0.0005900194847234808,-0.0026565881660469692,-0.1171059886581709,0.011818926035342514,3.112093402854536e-11,1
0.0007680156373859326,0.0007356276815502216,-0.0028686371923560827,-0.1172919996507118,0.01093279510491385,-8.130699147870408e-11,1
0.000684606021049694,0.0007188755515868395,-0.0024916066159601513,-0.11709243248046208,0.011693387850971071,1.481201584466921e-10,1
0.0006507049763398998,0.0005872455806211763,-0.0013023152441027364,-0.11863099484637107,0.012109513394334748,-4.641003045465029e-11,1
0.00073673140703015,0.0006001485250692884,-0.0020192027374710264,-0.11866120721680451,0.011566130802176389,7.674882561841285e-12,1
0.000792465374356871,0.0006423808954313937,-0.0020774584277494235,-0.11973745678655945,0.011693296312679458,4.904145464272998e-11,1
0.0006776572800190617,0.0005105271607843131,-0.0024944789905894105,-0.11612669306893286,0.012403210943976894,-2.548109701280073e-12,1
0.0007758086335636072,0.0005828435311546754,-0.001061600383951422,-0.12187038632020464,0.011000452686416473,-6.174478244111507e-11,1
0.0007546651351116873,0.000600888377421005,-0.002116429139393361,-0.11661663976556991,0.011672273153484625,1.442113625158894e-10,1
0.000758592726028906,0.0006526684759240453,-0.0024794808543653346,-0.1186717545108551,0.012264410434527306,-1.422989725167735e-11,1
0.0007367314070309272,0.00060014852507001,-0.0020192027374754673,-0.11866120721679918,0.011566130802183494,2.4385400747216584e-12,1
0.0006963296635326133,0.0006445562417097261,-0.0021091856811086274,-0.1186870216611915,0.011560224297148203,-2.0223667141133284e-11,1
0.0006270266491457954,0.0007093149686607236,-0.0029178862562031505,-0.1184035972948223,0.011505194788083983,-3.1836041142372723e-11,1
0.0007406353930197174,0.0006039433342183154,-0.002127155853944629,-0.11813457395339011,0.011408128063373102,1.5215059801190647e-12,1
0.0008534504684182542,0.000520734274843726,-0.0009968512771298954,-0.11981385719661564,0.011669926676979525,-3.7377482646950324e-11,1
0.0007574367777523072,0.0005814754339490413,-0.0020269491460114253,-0.11865796619202973,0.011742062128242026,1.697448102487998e-11,1
0.0007372405163935392,0.0006361374603944259,-0.002118055160506227,-0.1180916037889661,0.011689868029708617,-2.8534476332746665e-12,1
0.0007194138376141745,0.0006055863338307876,-0.0026516668080214245,-0.11507296182139237,0.011712927016664487,1.1084025281365452e-11,1
0.0007740643802328362,0.0005470654826315591,-0.0017772056877705111,-0.1186078952301588,0.011061657516494794,3.4731443923499363e-11,1
0.0007242946708029829,0.0005275530012388008,-0.0012573648592137943,-0.11766667557617083,0.011049272019969969,3.788181153854299e-11,1
0.0007286239321783461,0.0005922677796562081,-0.0017950146437186731,-0.11975487557308018,0.011894257807516073,1.2105040201636962e-11,1
0.0006646892547524652,0.0006410339080378802,-0.001657457769133952,-0.12213179672140972,0.012793750141990134,4.1294463812876196e-11,1
0.0007582692704486416,0.0005753948983802104,-0.002202444650261537,-0.11633766871256146,0.011415326086823274,3.47931689372308e-11,1
0.000732215467488917,0.000675214209756192,-0.002268859571331827,-0.12238023013758026,0.012048477402431423,-3.150788321316044e-11,1
0.0007561091691252186,0.0005807774316939351,-0.0020661141757094548,-0.11922095430370128,0.010850069593208111,-6.969000249299042e-11,1
0.0007283652587858069,0.0005979945197141512,-0.0022528925925748844,-0.11734322187862967,0.012492643045232565,1.3328922662594946e-10,1
0.00075490601347869,0.0005770007329783944,-0.001464434913224899,-0.12125118224513631,0.011302604373442549,-5.3441023943284305e-11,1
0.0007828453206949471,0.0005433330996054697,-0.0016168428619622865,-0.11899139990550722,0.010560016682725326,2.0915946623435006e-11,1
0.0008330472983840154,0.0006410356949859697,-0.0033407835300525157,-0.11590232843259285,0.01156224148447027,-1.0043296703897344e-11,1
0.0006760190375147412,0.0006421676208954175,-0.002197250876126322,-0.12024995518105852,0.012304544460814082,-6.845379333150821e-11,1
0.0007065591240250635,0.0005566611154183554,-0.0013616144313925993,-0.11697215252959081,0.010773702142868213,-5.2621562608794984e-11,1
0.0007171080949762432,0.0005506565055835022,-0.002702906266231153,-0.11550182188302172,0.011752727529545925,7.159843891119138e-12,1
0.0007614386300179576,0.0006115307158662819,-0.0012113380884635205,-0.12197522275488115,0.01100201256133948,3.2042174881787304e-11,1
0.0007460128052344805,0.0006260126621583373,-0.0021333210864726837,-0.11615032871580144,0.011488675247169677,1.9265548427472895e-11,1
0.0007401938744089342,0.00061122105097422,-0.0019250276228430785,-0.11736816051130683,0.011687930066314856,-1.3050282267493632e-11,1
0.0008088292449928702,0.0006335415202540218,-0.0025141212017323333,-0.11682769351953981,0.011004927548598609,9.171505248207893e-11,1
0.0007053709704080702,0.000584484666830809,-0.0017941698511565463,-0.11863937579564254,0.011615723243720844,-2.951913751752925e-11,1
0.00069845326836393,0.0006572651220597137,-0.0018872422496678531,-0.11780972307434023,0.011132169760668997,-2.2205662302659244e-11,1
0.0006782284255912596,0.0005760378397396959,-0.0023204103045468827,-0.1208997806485339,0.011877480843414556,-5.366872673592029e-11,1
0.0007892869985200446,0.0005563337323694628,-0.0023545788208081397,-0.12145067441557567,0.012692935567579333,-2.9711478544278206e-11,1
0.0007082074185568443,0.0005877625550932408,-0.0014518459813324114,-0.11957383917598419,0.011182096156246324,2.0096398972476711e-10,1
0.0007318737734092751,-0.0056451635066459005,0.05319883744968168,-0.14798801010228013,-0.07847840055253474,-5.883025747954615e-12,2
0.0007933531534771721,-0.005725815291059921,0.05282340420541631,-0.1461793302333132,-0.07875684177952724,-1.991671815755521e-11,2
0.0007087423148438854,-0.0056625376352486545,0.052468494467922344,-0.14649075882749196,-0.07920752136551101,8.517972981875909e-11,2
0.0006593165450951288,-0.005563535068676184,0.05223958669043327,-0.14552612852115576,-0.0785493909880568,-7.61895544119996e-12,2
0.0007469688745493641,-0.005629813456381805,0.052814435058691434,-0.14729860017661078,-0.07835349762602206,-4.432378341902987e-11,2
0.000752340556309683,-0.0056320941679190994,0.05288469256130446,-0.14729553026003517,-0.07828461412283438,-4.7024471315715516e-11,2
0.0007133310101867518,-0.005579993748854761,0.05276310816722818,-0.1495399991972426,-0.07876908485521295,1.5715384528458372e-10,2
0.0007600394432207558,-0.005639859514864232,0.052902427799918605,-0.14763999989790655,-0.07894178718637601,-2.016852196954513e-11,2
0.0007172822325426931,-0.005675918987357642,0.052558897996693776,-0.14533227160777695,-0.07830654888659261,-1.9457329215619108e-11,2
0.0007769984905945659,-0.005618448680218768,0.052220010028011465,-0.14514703249103045,-0.07843803280822303,-2.0727996801747162e-10,2
0.0007556741985812465,-0.005636202136474144,0.05288989112214981,-0.15123979236648255,-0.07842033784809743,-4.099384668348785e-11,2
0.000718496400919727,-0.005714590696361543,0.053368963359436083,-0.14754807375790557,-0.0787507025331875,4.855129964429931e-11,2
0.0007545240474488291,-0.005613858413567374,0.051754222350477,-0.14247586108457755,-0.0789267023869229,-3.165152334284131e-11,2
0.0007196850037612668,-0.005642930457933959,0.05326746868364385,-0.14879092783614523,-0.0785041082504252,1.2457653153816846e-10,2
0.000679801480901937,-0.005554411768931677,0.05221422991464708,-0.14838644923080713,-0.07774186662033022,1.1665210302044365e-11,2
0.0007804768119931416,-0.005709471349748585,0.05312420226575698,-0.14598172986203029,-0.07930640047890725,-9.680050328118899e-12,2
0.0007330134890471407,-0.00564474527681047,0.052817536320461045,-0.14748558181720828,-0.07848567050540112,3.3901352239548157e-12,2
0.0006908084636898515,-0.005624417784682867,0.053629998926017386,-0.15041420544703676,-0.07825097658320379,3.1336663938474104e-11,2
0.000738982262663973,-0.00563378969805578,0.052756873756790945,-0.14720048522243045,-0.07853248850132166,4.329652218134378e-11,2
0.000763479221008917,-0.005656497650374848,0.05180727221284931,-0.14317135535349612,-0.0789887865282144,-6.499464366041503e-11,2
0.0007527595218022043,-0.0056184312081868915,0.0520144133030489,-0.14544785300294727,-0.07850871938256976,1.384302382950072e-11,2
0.0007374579597537456,0.012244079409549358,0.018841523024339057,0.18617166882684177,-0.03585473927862193,-3.3046123223619305e-12,3
0.0007103866588318297,0.012207846943822764,0.019460381556839046,0.18373945922384483,-0.03617464729601938,1.2250330840194744e-10,3
0.0006859879236641164,0.012244200184962029,0.018291672142675353,0.18991740653809552,-0.03581943047133418,7.185253004629339e-13,3
0.0007627167072535856,0.01221453144690543,0.019581706706724322,0.18213313166085277,-0.03549144047199171,2.265034099534807e-11,3
0.0007650320556998602,0.012309123692201052,0.017924123701405836,0.1881859897544853,-0.035215559425740395,-1.5543978203698053e-10,3
0.000737266493653771,0.012214635520681638,0.019142890402924717,0.18663008160612327,-0.036184933530684305,2.758213293790131e-11,3
0.0007666212100478909,0.012267418274468311,0.01865635850854286,0.18574507235829207,-0.036066150980261114,-2.8135868022521632e-11,3
0.0007413009666854542,0.012231332883001489,0.018968603941459605,0.1862419153780066,-0.03590292550497054,-1.725686537197319e-11,3
0.0007156785754325601,0.012283241747127804,0.019899890759757177,0.18293744344442775,-0.035368952357860195,9.508474442947946e-11,3
0.0007243831783163568,0.012247855076624403,0.01843860226807692,0.18721227088971082,-0.03617797662244193,-1.217939369306413e-10,3
0.0007200449961621003,0.01219061263638943,0.018629190767844417,0.189446970175982,-0.03579842710654546,1.1912673761782007e-11,3
0.0007313232979511697,0.012257868797256488,0.018635690523054027,0.18462963856710868,-0.03619814464210336,-7.56904491069476e-11,3
0.0008383379427531756,0.012150389671123307,0.018773891138487375,0.18829087646853804,-0.03540270844516158,9.513562125423915e-11,3
0.000693909402250642,0.01231551828257954,0.01873186359078227,0.18433121255165474,-0.036187132666662514,-7.182814881361743e-11,3
0.0007362395154382195,0.012247280795703364,0.01904073309329668,0.1864627236769545,-0.03603145546920139,1.2505319610076973e-10,3
0.0006710498654196595,0.012221626511088157,0.019074439093181628,0.18565874744790278,-0.035835414353459605,-1.3955881400833502e-10,3
0.0007843824126421706,0.012184802547857143,0.018942667906030497,0.18448863443422603,-0.036141864967213166,-9.432136939726269e-12,3
0.0008457374191005174,0.012210628084904807,0.0184212456800128,0.19032120874489422,-0.035401922282110476,1.6718869956874413e-10,3
0.0007124804925881245,0.012235110717742692,0.019242300970650827,0.18357277742125744,-0.03539379101574891,1.7299758170898213e-11,3
0.0006751362536382977,0.012374071067982884,0.01791449066716444,0.18713449322476317,-0.03646555768095272,-3.076313614222518e-11,3
0.0006781188416530026,0.012267913998297242,0.019386599245102776,0.18941886835055,-0.035900365755689556,-6.70851480754813e-11,3
0.0007983042526225892,0.012198796144376689,0.018702450859684916,0.18257588015647608,-0.035546428471407765,3.515992643821737e-11,3
0.00073864105243443,-0.001983162262337246,-0.0628370256206181,0.11950539149083284,-0.02963568340095657,2.9662094347849156e-11,4
0.0007443828178908263,-0.001946101652151866,-0.06339559347728274,0.11990417008162968,-0.029656541412790283,-6.919132489383701e-11,4
0.0007432312072843117,-0.0019490227253817216,-0.062310012032269047,0.11928761721598269,-0.02983677680409169,-6.232085406746349e-11,4
0.000748170908171697,-0.0019731466443014267,-0.06300714567006738,0.12032326552642347,-0.02967164568149805,6.737367034391229e-12,4
0.0007420532048963147,-0.0020090918398265045,-0.06292194603777457,0.11938662195720218,-0.029284507717302066,1.1217269527927535e-10,4
0.000729278107945236,-0.0019290873388321805,-0.06360669570216837,0.12081169188472973,-0.029716021318641594,1.4081991865991239e-11,4
0.0007076106356781187,-0.001959146284908564,-0.06297592714681066,0.12007270066363107,-0.02965643363159831,-5.0974002533941986e-11,4
0.0008012994520661954,-0.001996908453282209,-0.06296676491768993,0.12118225056291632,-0.029986247242454134,9.96167378886137e-11,4
0.0006990366310999363,-0.0020423911535037975,-0.06200941327705323,0.11683526843254288,-0.029392139820950902,-1.7619940193340739e-10,4
0.0007522802182158006,-0.0020461596887978994,-0.06259174971044734,0.12186782643985827,-0.028337194588438308,-4.03731218484643e-11,4
0.00073659153782199,-0.0019681382978830597,-0.06290714818590715,0.11960633482027339,-0.029627872359637042,2.57264167871559e-12,4
0.0007358422168027012,-0.001969486360283046,-0.06291424491636066,0.11936919250791078,-0.029750754320418515,-3.470226096268937e-11,4
0.0008034592849408273,-0.0019347215707726795,-0.0625180798502698,0.11724285047157812,-0.029801469684497484,5.792457219579812e-11,4
0.000736711213229102,-0.0020021938168677256,-0.06199874369420577,0.11699920666855146,-0.029187626314348236,-1.955843349452926e-11,4
0.0007372427118729485,-0.001966874277680719,-0.06290036639925267,0.11982008370328767,-0.02951660660470523,1.7115667947245828e-11,4
0.0007016164042469575,-0.001996787271788647,-0.06272008026810827,0.1184741333577386,-0.029645525770712666,4.961768547188545e-11,4
0.000686451866769161,-0.0018744113918227057,-0.06355988178776606,0.12120543786036331,-0.02958996464422814,-5.678547018550027e-11,4
0.0007278413394779804,-0.0019547337337654236,-0.06295718327802202,0.11975226367128577,-0.029945123473753554,-1.0862705909437992e-12,4
0.0006939429125314145,-0.0018447646830634379,-0.06354727750345557,0.12117106810555134,-0.02943254744439905,8.844923551256913e-11,4
0.0007084720149720947,-0.001957896689006311,-0.06289732532691827,0.11916684875495598,-0.02927841136242071,-3.029826144138113e-12,4
0.0007350654272187396,-0.0019296919033596205,-0.0630908987961809,0.12052707422168085,-0.028925236822761935,1.6852982844914213e-10,4
0.0007569910006980651,-0.001954257042686036,-0.06270144530941435,0.11658660109555141,-0.03072363847313575,-3.367216918018036e-11,4
0.0007804836151333594,-0.0019948337249746095,-0.06282838691861992,0.11924831871232033,-0.02961942304619436,-7.10704217958224e-11,4
0.000696507609762087,-0.0019552195426444374,-0.06285310268257183,0.12014063215972914,-0.029527070471001338,2.1268730971715327e-11,4
0.0006764103334980232,-0.0019537385489563075,-0.06225943097918929,0.11878773563145639,-0.02924612991838149,6.086398026087589e-11,4
0.0007349283093366354,-0.0019125175236632819,-0.06290556874329223,0.12072639167157462,-0.029929780224113856,-4.8637870693683767e-11,4
0.0006924259171223746,-0.0020609179741994943,-0.06279429142054038,0.12039079195476177,-0.029440296341544325,-8.113329212161785e-11,4
0.0007724854744096676,-0.0018882858135496616,-0.06289119846378144,0.12037152925270567,-0.029369326126720274,3.317389759695285e-11,4
0.0007978270937401,-0.002082666643608566,-0.06210931374283524,0.11765057435126813,-0.029674749936948963,6.686201576844365e-11,4
0.0007544681785226215,-0.0020133120892585343,-0.06282409366929498,0.12242155591974413,-0.029786891401879956,-2.652397216742179e-11,4
0.0007289133985315666,-0.0019573977559455003,-0.06276008488406415,0.11945744934682878,-0.029529212715917907,2.5511380099579097e-11,4
0.0006997266557269288,-0.0019879654824167536,-0.06286626826350483,0.11513822386493855,-0.029954523677012013,5.975089256701147e-12,4
0.0008255333096206796,-0.0020611156205683767,-0.0624235341777295,0.11934703834158977,-0.029460706720182195,-7.93398873325737e-11,4
0.0007582296896398721,-0.0019490027527797604,-0.06260322456726941,0.11880456571841158,-0.029197377545842507,-2.7335197229241235e-11,4
0.0007713093886783651,-0.0019256068618019317,-0.06389837227956896,0.12009981045163043,-0.029666772533536445,1.4550487506053377e-11,4
0.0006764778986524944,-0.0018570980095267142,-0.06362581592623773,0.1189459103174002,-0.03044367709269391,3.783254105120491e-11,4
0.0007526725325331662,-0.0020784148864845253,-0.06277194488717086,0.12233642632438313,-0.028970150119925542,-3.359045980895733e-11,4
0.0006655973491917488,-0.0019412969000227043,-0.06281357742421267,0.12040712838623291,-0.029626191228578236,5.732834074569494e-11,4
0.000794313992263207,-0.002593139286851842,0.020280394178596506,0.23242923587288544,0.019458159572249834,1.5991187562408533e-11,5
0.0006968169599518015,-0.0024204204053119294,0.020278719443787452,0.233313642563175,0.017569482902907385,-7.480781363019672e-11,5
0.0007216974886496419,-0.0024725080299215496,0.01981110763535776,0.23377136548470911,0.018753440914312414,1.1529598032534346e-10,5
0.0007293165411391411,-0.0025196899968210063,0.0208849773958506,0.23088348092560773,0.019169632979152862,1.0296935632672763e-11,5
0.0007873723549966238,-0.0025465478609457137,0.020800734014308375,0.2330879727605768,0.01782662420513592,-7.043877825294612e-11,5
0.0007767951668591899,-0.002423118260307666,0.019566062760151492,0.2316450806570476,0.01929748564925937,3.113021626959103e-11,5
0.0006781109508298133,-0.0025027686428986673,0.020492092851628563,0.2325517161276811,0.018645297071583578,2.256222787801391e-11,5
0.00071654125166562,-0.0024718316370019866,0.020638207224900285,0.2329291963121327,0.0186792538522198,3.1330560573962995e-11,5
0.0006870958053457887,-0.0025601333670711712,0.019573755935887505,0.23549166578989578,0.01740804951981678,4.126352528988566e-11,5
0.0007777185914512319,-0.002423145538701932,0.018695155599223412,0.23505568643650854,0.01942264311516073,1.8435790262321154e-11,5
0.0007566181763876689,-0.0024919717972087807,0.02168455088490706,0.230573978175725,0.018136396347530948,-1.0059306978761495e-10,5
0.0007919937930776222,-0.0025764986289343317,0.020011498183363674,0.23306797875943674,0.018075054822709102,-8.872264732139075e-11,5
0.0006853843377977176,-0.002445278594506606,0.020738137576362004,0.2317214935281351,0.019694098723920472,1.5616736422452649e-10,5
0.0007032664210028794,-0.00251257056018106,0.020179696669113234,0.23180971271810025,0.018654648814588004,-1.4047211930889677e-10,5
0.0007508524448039677,-0.0025067118235419517,0.020687572810417443,0.23402559134255707,0.018338266814994064,4.6618312787156236e-11,5
0.0006692047109800592,-0.00246169227665588,0.020956473430925104,0.22929271093200798,0.018979572385380727,2.453700402040536e-11,5
0.0007683743834956125,-0.0024355118958849786,0.020237186510779548,0.23084660062894713,0.018415860261543848,2.977201477098509e-11,5
0.0007837004122182023,-0.0025541968253500746,0.019489385692483374,0.2378998729037347,0.01842618454669065,4.318749954706336e-12,5
0.0006567587104000794,-0.0024559208056341153,0.020285422574617407,0.23175197216155308,0.018905400241644443,8.586407392371644e-11,5
0.0007631144744348062,-0.002580408472760587,0.01995058149449669,0.23514960025290277,0.017694984808233283,1.1929909660837122e-11,5
0.0007542525578023151,-0.0024610134666172567,0.01948094110906773,0.23409870103257147,0.018837053654019886,-1.4700730801692061e-10,5
0.0007209530803764519,-0.002424174519406519,0.01956340910011578,0.2321101338051612,0.01927274759800035,-7.856263853849672e-12,5
0.0007015511161520827,-0.0025288006008201136,0.021201624824869203,0.23337178100196398,0.018203422081255916,-1.1765618760329005e-11,5
0.0006029895061005486,-0.002525992296168289,0.019829316063205926,0.23455501666291179,0.018692479801270867,-7.433423620919127e-11,5
0.0008422597719642821,-0.002500421428055788,0.021210934531521897,0.22896839255480694,0.01803067045545781,-2.0160503197148415e-11,5
0.0008012078460056526,-0.002493982901228542,0.02076140944305571,0.23202958101602134,0.018664490622002372,4.6628271311588974e-11,5
0.0007293604891159267,-0.00249465841419394,0.020105183176318597,0.23264776214444582,0.01866991865517731,-6.332911569545697e-11,5
0.0006832447930347763,-0.0024128846707572316,0.018818393991598015,0.23521778101773672,0.01867164069093974,8.796228438534475e-11,5
0.0008015601785167914,-0.002552984016587323,0.021127379019600045,0.2313923491386105,0.018584748507576965,-5.4029538806347446e-11,5
0.0007842896658770138,-0.002478125363114758,0.020057301628374713,0.23309038480886857,0.017921379879555666,-5.6933751124842885e-11,5
0.0006434523470270348,-0.002498862292574122,0.02048824394875659,0.2334731926175806,0.019526192226312133,3.7309941126156246e-11,5
0.0007517066190627919,-0.0024751278925980724,0.019665101846151778,0.23467197747331436,0.018432664303484447,4.534973539153665e-12,5
0.000751936943459236,-0.002562540401722324,0.021738699882732693,0.22813405439931378,0.018298548303717688,5.61946376721574e-12,5
0.0007411038871992237,-0.002381070718046552,0.019875336042371128,0.230870108279412,0.0186202818261596,2.7141885590402636e-11,5
0.0007571359787416354,-0.0025654253598970667,0.019387999727063843,0.23692409256687252,0.019013072305110512,-6.35171514045069e-12,5
0.0007365411821684265,-0.002495502090183177,0.020268759209898235,0.2328471403209149,0.018588873990098342,-5.760431088666716e-12,5
0.0007013768051901959,-0.002475281451689626,0.019513058728322985,0.23416313696084767,0.01893078474278509,1.7488587798127425e-10,5
0.0006930844357926347,-0.002459342860036018,0.019588986295813182,0.23264785369401153,0.018711638516429208,1.5370746803981933e-10,5
0.0007681566247887128,-0.0024703448027871278,0.020448725838320136,0.23404655414635966,0.01983477224215191,-3.5423642904721514e-10,5
0.0006888208775295279,-0.0024537240560328355,0.020188506102821524,0.2317066320159369,0.017598613411770714,1.4802138854357427e-10,5
0.0007955916712501787,-0.002534734871501576,0.01973767973584506,0.23272679281055497,0.01865445784250941,4.957665250870843e-11,5
0.0007533078757165634,-0.0025269105754048837,0.020219173066471363,0.23445279053770118,0.018948129221658228,-1.4061608112390331e-10,5
0.0007045840864382813,-0.002531443085135421,0.020295320385462112,0.23560864476674714,0.018266999340394996,-1.5477609521060456e-10,5
0.0007214001751541799,-0.002489001172970018,0.02039532229878116,0.22958667335293192,0.018550769652037058,7.872744552262707e-11,5
0.0007610391405509231,-0.0024939927999469425,0.020254725348751723,0.23076545687982408,0.018567264105567638,3.720460679977467e-10,5
0.0007949670675533316,-0.002477374741549021,0.02159434710639907,0.228945286991594,0.019425353262087164,-4.1636920589974374e-11,5
0.0007343629128978846,-0.002488203630237329,0.020233423677636253,0.23452271716037743,0.01820974155240318,-2.034586723311965e-10,5
0.0007666272284162223,-0.002533037664779858,0.020826684539334117,0.2325434583040038,0.018026822191354874,-3.305257117976808e-11,5
-0.0051783028910818985,-1.729323166205221e-05,-0.0005922329649661329,0.00203465197707553,0.00029890482888372816,1.534913351323666e-11,0
-0.005177727409829802,-4.6243590192007744e-05,-0.0005444633206033167,-1.628021738087071e-05,-3.3735544792357075e-05,-3.6814195571783815e-11,0
-0.005159541774225229,-2.6150412460679284e-05,0.0004131947262360214,-0.0009733019566522394,0.00016238476855123807,5.850886773448813e-11,0
-0.005192683267358583,0.00011715749474783266,-0.0005491046902341701,0.0006602972482911973,-0.0003410221644584155,-6.100379359522744e-11,0
-0.005131190709953715,-3.472390179104501e-05,-5.839893207415514e-05,0.0002943486903368431,7.521483574812748e-05,-6.203465376621565e-11,0
