-3.826570328778647,-9.149169267536374,-1.1900675139668648,-2.448655584998224,1.6442909336722116,0.6954785036337752,-5.907816159197783,-1.7202413105623258,-2.3533517266638855,5.577807629101881,4
5.8675450246804255,3.935891810896435,10.392852710962362,2.4736080727429894,-0.9305985975767842,-0.12309499984734998,-0.8863442658057802,-0.6076069334789698,-2.1998192445643263,0.5741596038570141,4
5.794283597859656,5.288344340042101,18.52093480087591,-8.759279543457195,-5.519943032387501,0.31380817662235466,5.913456181774753,-0.597909431060251,-2.203420386899963,4.2626062617872575,4
6.132413917558276,3.6020097718768374,10.365128760885698,2.6576081488121077,-0.6757702585582007,-0.12586055810641195,-0.6778398580118047,-0.5729448482457674,-1.9041001457202673,0.3845110966074412,4
9.157488561940417,1.8066336084774097,5.848044357877222,11.535259343512365,1.9776487469045605,-1.3301917106383965,-1.5841849011943674,-1.422252071841989,0.11589421073185743,-1.1875636632477955,5
9.093470352081592,1.7585617288327757,5.8422403474216384,11.569979003106226,1.9708141671970703,-1.3121297351993384,-1.5393495895914742,-1.4332779929966084,0.04004926759778181,-1.2522010859544759,5
9.05177502886004,1.7335051488818853,5.8394008851884704,11.58389229249217,1.9748327367769516,-1.3007177002519197,-1.529328852827731,-1.4441298750492766,0.005742757830914063,-1.2724920031291422,5
9.015642941880495,1.7035935712001025,5.815853274168008,11.588252528081162,1.9809195638788821,-1.2843811480350524,-1.5077789724829997,-1.467492182598319,-0.04452656793501518,-1.3044724891502988,5
-8.205527987273904,-13.395611846506291,1.620581087504363,3.809349960780138,-0.9036529912320969,0.4379978162513887,5.18996616319989,0.750762897999676,0.7647420516648792,-1.6955303957403471,0
-6.771122907395286,-10.442835700772973,-9.498612342981348e-05,1.3479175334694684,-0.05002532139819573,0.8560300235934929,0.5268885790535099,1.7886645451994343,-0.06265382001667083,-0.2786887854815533,0
10.291174717449065,3.4321256384591723,-5.321191353729,-2.901706597525399,3.811836735607062,-1.046105945795886,3.9964010744250085,0.9110411985272977,3.379192771079106,0.5070536514834925,0
-6.624109190763721,-10.268154989210224,3.583644631839832,3.0482040592799686,-1.6572121041743253,-0.5307481834227697,-1.3231299621904866,1.4150628962976974,5.944245833695386,-0.5816906743134043,0
-6.742625122778874,-10.671024514433118,3.0829791220484535,2.776470079411212,-2.2514338561307197,-0.5361158804432542,0.6548661996747026,1.0449590556129362,4.396666952822405,-1.0727504899220572,0
-6.621144519780485,-10.998283665635137,3.860150688001699,2.1950839541824125,-2.0719526232085546,-0.5581764750938824,-1.1601235397515341,2.831082063190545,10.715258478471101,-0.20045116596245777,0
-5.219604898823794,-8.747872186287601,3.8078167395929805,0.2999832964361092,-1.2573361938902947,-0.5281559899543882,-1.9102630394318685,3.2769260761487025,6.218615343077487,1.3739375724814642,0
-5.335478256357408,-8.949354450840323,3.8802785750970257,0.3930479788557135,-1.4718022692679298,-0.5957467096731542,-1.9393759312730594,3.442036008005677,6.982375489229885,0.9842387392793632,0
-6.990186337925283,-11.172132582202508,2.7001866790283233,2.922597473233876,-2.2780115975116533,-0.4776157068167933,2.0366731696725777,0.6651215044442789,2.459248126843886,-1.1476895972834265,0
-5.934271749873736,-9.93330156707004,4.18995015162861,0.08506358556650001,-1.6824280184268472,-0.239824360525672,-2.349971193933103,3.2601094224102236,10.249040312472752,0.6335427273169256,0
-6.141232613366159,-10.265315459415872,4.174069911540166,0.41636122056978714,-1.8873095558906925,-0.31515014227148197,-1.7723065166153062,3.5040024667060434,10.667427555992917,0.535481065167524,0
-6.607312019127497,-11.007366332196176,4.0875808992588265,1.8563818457939698,-2.335768998599646,-0.541962228183992,-1.3416351204317818,3.084606741693604,11.103449113554246,0.03634150864819084,0
-5.32500499738893,-8.939471025523375,3.7414014964529563,0.3985092025452179,-1.2222832951930005,-0.5230454557508291,-1.8578610519532137,3.4091061386951593,6.755484882743075,1.1312614237168117,0
-6.792062745983222,-10.734804808593609,2.937513609401346,2.8494248541987224,-2.296022600179058,-0.43629051148642195,1.242088543365698,0.91920198344727,3.983478324353052,-0.9565447570053849,0
3.4476912132620687,5.643116636530026,16.01859519076964,-6.483238934566768,-2.40484186366191,-1.1419106307781988,-1.786817638044108,-0.19359413157976466,-0.25476542736672547,-3.331472724816198,0
-6.296219191139411,-10.509096183991625,4.020595843202327,0.7703368182946242,-2.0724079286498496,-0.3363028341984269,-1.275163408383778,3.6518845435333884,11.004568202404506,0.5048371723109258,0
-8.278581906459653,-13.970556093690718,1.4180850865509245,3.3588986745450025,-0.9164614736106608,0.7908216694454017,6.14654038496373,0.44005227141220293,-0.39300930789997396,-1.7225460611474865,0
-6.556931631407517,-11.163874862908019,4.0644836112397105,1.6093147866944733,-2.5312635294668917,-0.3905393227516657,-1.0119834455845627,2.983170204413216,11.450832163867606,0.32787526137926887,0
-7.96585133338105,-13.586149685680008,1.4392890080695908,2.532745218216886,-0.9485845156447621,0.7798108970680245,4.972222991107537,0.6116603747832826,0.36547932995272525,-1.2511126198185325,0
-6.356591724848678,-10.924588243643612,4.191679001806938,1.1045348562529498,-2.4204475632753986,-0.24588153269693505,-0.9132018916302632,3.607773133546879,11.538751790170071,0.119420478709822,0
-7.8942184595265426,-14.114871638230298,1.3639586576162377,2.2837698924245275,-1.1511930882408437,1.0165304830793234,5.563141272774277,0.12554612259098183,-0.5928458865824722,-1.2623889520659983,0
-8.147309599266936,-13.945713755343352,1.415881474848871,3.220493901591358,-1.0291722908471634,0.846099240564795,5.875684750823954,0.1246667694234889,-0.29491578278322295,-1.6884175196767313,0
-6.420706094690883,-11.152513580061978,4.233975295694265,1.340115283444365,-2.6130522378119587,-0.276219663009573,-0.8661582823516242,3.0571002106495406,11.648079242616461,0.4613691187553325,0
3.4390090467446734,5.524986417943551,14.633679286239248,-4.713939526830003,-1.9148849024164547,-1.8998338491629283,-2.048155297863918,0.8739825406515632,-1.7368465525170529,-2.801081248988093,0
3.2167567206306025,5.72885981362206,15.321047413555696,-6.272295532533883,-2.4362064577404015,-1.8409601662937822,-2.682910577948764,-0.5748039956570452,-0.6411266448544124,-3.246215800850426,0
-6.359730914939029,-10.771196492046293,4.3617148620071955,0.45183860258394154,-2.3477566212204457,-0.28438778067982756,-1.1340964328604264,3.6735217910240485,11.201449027803227,0.7239032696833094,0
-8.006163317186402,-14.160064988151134,1.4037039404684843,2.3416443931117477,-1.0598024110826731,1.0716391715493703,5.665772492000402,0.25810962705298324,-0.6784174844047967,-1.241476607600246,0
3.3323842136542683,5.725209727364803,14.61315834166058,-4.938345986317259,-1.957950517214154,-1.8324323080241225,-2.1263109051424913,0.40868911606314556,-1.508983646843775,-2.594965493110861,0
3.6016015254517417,0.744632964050309,16.87671764947518,-12.657446259552787,-7.113943437444634,2.6278080274480167,3.222995055752766,-0.9044437363488276,-1.3097454752495068,0.7822847267481386,0
2.91437735291029,3.2773269200562574,19.132726858612493,-15.269477216306313,-5.942082859319743,2.2293153777409187,3.240025216054689,-0.04740154750268347,0.1713253957163348,1.4192758032544597,0
3.2940767284599826,5.298154644393649,14.369901501320937,-6.01202949643459,-1.7107684257247144,-1.9561668153418879,-2.5951781613650797,-0.34232339537066764,-1.2481519680813704,-2.870094623223621,0
3.3746948845540614,5.333157888351933,14.518091607318667,-5.591667148096063,-1.7976709553164445,-2.028161883013783,-2.3981489484758916,-0.1989766990798951,-1.2288191390280994,-2.7448572733736616,0
3.3176761340668293,5.310025822053739,14.395961156180768,-5.1596552773584525,-1.8212463188467538,-2.2283263391143784,-2.2568643466894494,0.25091679014403445,-1.3048305035369105,-2.6623473176798087,0
-6.307418453509382,-10.940646924510837,4.327943660691863,1.0262622235735948,-2.4333731627264314,-0.2740157186333437,-0.8276607932741176,3.680869640159568,11.406896495395747,0.23643815743162683,0
3.227517243045062,5.074031386922837,14.817742607719113,-5.450603602718295,-1.876033424779337,-2.132344853264469,-2.8798500796777273,-0.09149962090537418,-1.3522431713364054,-2.918526239211044,0
3.0608638977464953,3.2070247428476275,19.089608858587017,-15.492760754130064,-6.0951345749335655,2.3698508984317925,3.0653163984984393,-0.2155040779610523,-0.19254638881971178,1.3991135931939298,0
-6.446185621501812,-11.003046671149425,4.680986942143144,0.44825317520176533,-2.592961557363928,-0.20496009155960843,-0.8000698317856463,3.6909987899404157,11.275249368952702,0.7263110764177888,0
3.026757470656963,5.556948523507126,14.765779751900178,-6.0584979946434485,-1.8175424915514786,-2.0083793752485044,-3.076054859336323,-0.4551791425030079,-1.4348068300025292,-3.2922579375546315,0
3.369440468527309,5.478935512286703,15.30439766283112,-6.163341851390494,-2.073903794413042,-2.0896774540765906,-2.810229693138785,-0.4688486376654765,-0.9157205016314026,-2.882491411877269,0
-6.39477422308582,-10.901001996060353,4.368922414178787,1.039139957120712,-2.4128925110606865,-0.286181372335388,-0.7063851240707915,3.705276951555319,11.263965951754706,0.266434590438009,0
2.913605723299825,5.696571663907337,14.692123844293755,-6.593992183228438,-1.5918071241283545,-2.061580771053504,-3.147824314621724,-0.6850237880848902,-1.3645473818853244,-3.3333534060626846,0
-6.483348473319434,-10.98654907936821,4.403679504912648,0.8506018333272114,-2.4394711482038076,-0.2665161342760512,-0.7650387464202224,3.743717076563901,11.194409013279216,0.4538376235397292,0
3.5453247376464576,1.3330451015393745,17.62976318082725,-13.526898117446407,-7.082516926353009,2.3043146733175353,3.2748001925698405,-0.8519013219884314,-1.261072807806762,0.8350576650990388,0
3.4414038864326892,3.109046899823895,19.46184623461445,-15.59263575041172,-6.627528463316515,2.281836725990374,3.7519128594571676,-0.3467765903369838,-0.334325892573436,1.6137275076698752,0
3.712071587549663,1.8248861494936521,17.838029780029405,-14.089788169514279,-6.615346564475604,2.246659400791941,2.8073667950837744,-1.0767495762436459,-0.6151121442963667,0.49847266168632687,0
3.587328517455856,2.5575813744780045,18.837606329966142,-15.003880746234747,-6.677817954163605,2.223234412268224,3.3970494703605962,-0.5288662116768653,-0.653379182283966,0.9380865915152969,0
14.521334308253815,0.6380925920028837,-8.817641282983839,-0.39635914632256136,-7.316011799063182,0.7507096125175406,1.170861879521258,0.22861367282719874,1.480733201044311,0.6485506956945464,1
14.693308912645808,1.0346962974230574,-8.895394267763054,-0.5380367529039446,-7.318706057123961,0.6074643088770927,0.3065580326248361,0.42066912996008926,1.9440376031213098,0.7444950233233775,1
14.497407988401777,-0.6713696505234538,-9.008598264194639,-2.0100384780556917,-6.570996490952903,1.2092462226584257,0.3213470106144107,-0.6533996919856189,-0.4720804109505286,0.3947076470827613,1
14.616657630759136,-0.5767675328238101,-9.144854549132438,-2.221776518012038,-6.675985500513177,1.2520593509584053,0.30168345305470884,-0.6200805023477093,-0.22513478251995642,0.28749359378133044,1
15.41009740895335,-0.301906922648927,-9.577118415174128,-1.9217547996877575,-7.542367070175724,0.38127705624358443,0.711500014386541,-0.31117099371420015,0.8042435545004714,0.5048719616448137,1
14.920219444924163,-0.2503194581556901,-9.377430509646306,-2.3251844064856027,-6.9974831680850205,1.0887587902872666,0.4115896654313504,-0.6270147191303991,0.1753356733588953,0.262376876076112,1
15.116052955784257,-0.07585202618306468,-9.361549094926582,-2.257687249538933,-6.860528774120603,1.0333398629769661,0.3549094454040024,-0.5198624423613781,0.26085309582112853,0.057644273628053355,1
14.51380031496866,0.6520597185587119,-8.661393869071075,-0.3696113627804379,-7.309683408985336,0.8783680665513107,1.196013159280844,0.19273500306448269,1.348921038898557,0.4976884968458028,1
14.599800989335744,0.6190533331959477,-8.726285985970266,-0.10969755493607775,-7.549297796743388,0.649837172336666,1.0289778045173559,0.3326262545722482,1.5618912740064128,0.27795493639685126,1
14.917019155954225,0.4682576157900544,-8.640957861552112,-0.382446064951736,-7.813348543407689,0.7357363633204983,0.7366442402286179,0.6034458324998514,1.5438504389459415,0.010760571542514323,1
14.870904191339013,0.546613527075421,-8.585777024786566,-0.533497555292308,-7.669215871916962,0.70639003963185,0.7680272369882873,0.7709672411080362,1.5967199990528387,0.013689826658556472,1
15.683289264749739,0.5635261064173437,-8.816009243160506,-0.4695647621340833,-7.935408366793049,0.7260466887223546,0.604847183621041,0.936234417306928,1.515149456114491,-0.2573679171873695,1
15.373572263824252,0.5854451638232704,-8.805587506172884,-0.4004188947076935,-7.941837660471553,0.6934555838398296,0.5243925886235904,0.9510523857453189,1.4627951651998155,-0.20158378625439977,1
15.13479553760251,0.3555951169935434,-8.89973767097911,-0.5414310288852082,-7.521577022587989,0.5550835202027988,0.4963483042391217,1.0459131613050703,1.4029435327774853,-0.20606394389950933,1
15.430544358520427,0.34964720146701544,-9.149214797331053,-0.40242463791934674,-7.3390183973492995,0.5245307857270413,0.4557237097438654,1.0639570661858766,1.257704290989709,-0.2566175758998971,1
15.60665513974479,0.09927438143709955,-8.826015651293813,-0.2717993049563629,-7.546349488186654,0.8899636725673177,0.19491134268498544,1.2801854364541243,1.1771125620091953,-0.14929517662013786,1
14.978247237174244,0.09488059802702396,-8.69899893389213,-0.34457756279508867,-7.017519591079569,0.8792647950070412,0.05871738572154482,1.4754919482343187,1.1168290366379643,-0.15545085224208127,1
15.075266996213479,0.18344271085923863,-8.451364406303428,-0.49915674667518517,-6.874924902942525,0.8421095185290218,0.09799167258561621,1.560078111479229,1.1355050279087557,-0.08915112819012541,1
14.749092262226979,0.06738791080010072,-8.401496110829749,-0.4434212369594445,-6.684848088928412,0.8513096813663424,-0.058440040175907544,1.6941127131929532,1.1308798794330874,-0.05372079225641502,1
14.716758676107043,0.002795145311481357,-8.311840211050047,-0.46306692345497674,-6.449895447353254,0.845767408744782,-0.11852352528555117,1.6834362122096354,0.9678919808054949,-0.027440960193951428,1
14.681129334545362,-0.003724232510968358,-8.38486540563688,-0.4903089759515425,-6.441197697717285,0.876817927740195,-0.03402784583469021,1.6210931185200828,1.1556463902759535,0.10690340680118679,1
13.720029544502946,-0.9133916045196022,-8.877273950993999,-2.187447945067011,-5.8240136746521145,1.8495663389425416,-0.12576116815420377,-0.1835773220805286,-1.9500194296928237,0.6473767392055712,1
12.608892792273242,-0.7476714563622232,-8.545857890082974,-2.2531109027026446,-6.016220007089837,1.967094365105374,-0.7602446793103469,0.23969043246606345,-1.7122448095372955,0.18923503813191664,1
13.369865018777933,-0.8997585377489743,-8.888991773417281,-1.8637042028287312,-5.78318890467589,1.5123912269199289,-0.6489830590842209,-0.054520330714040416,-1.7843428785112694,0.24998140287638793,1
13.206031224682492,-0.7971245648643515,-8.836429188670522,-1.967183586800241,-6.012493451194418,1.7297948957920324,-0.7287530350487819,-0.012924899449487857,-1.6812602769390084,0.29437981570362887,1
13.520752535718863,-0.88050077230422,-8.682729851925417,-2.3183172855791057,-5.9159349411618,1.8818542308681168,-0.4133368811738627,-0.23570267399905517,-1.9093173614351715,0.446051644057903,1
14.151188970272031,-0.8700440775297722,-8.610414739353125,-2.4457518355106145,-6.0753163193169,1.7480786417658223,0.23841027560860656,-0.749791925147882,-1.873621935473473,0.8612716575573698,1
14.284909824275251,-0.7101984086067664,-8.123005193947856,-2.788602654858768,-6.296263370471394,1.4429833323519397,0.43777218429064424,-1.0959084193760156,-1.919249236583747,1.1658684363301053,1
14.280978052024437,-0.6283350395806075,-8.031795493842324,-2.6523247364745703,-6.452600035699448,1.5334147529491489,0.45865647578620217,-1.0321091432230665,-1.692736493781431,0.9757156764417947,1
14.281179913081589,-0.8015441566481826,-7.865116406072799,-2.494293396481186,-6.2573645918306635,1.4077844658930496,0.3546885754936727,-1.0061520206120187,-1.620430817700072,0.8106569348293882,1
11.70557503171977,-1.2994720736196794,-7.789027033246072,-1.0495844543220196,-4.38390883964779,1.8383286897855708,-1.6307831433261224,-0.1277528618959088,-1.170744901012722,-0.4348226900126752,1
11.060964873371198,-1.3971914519443753,-7.0058392514656855,-0.8874170849265509,-3.079145395255751,1.5600515993721777,-1.7857146295603976,-0.44827195839100864,-1.4178123223551218,-0.455875699222565,1
12.366000191125293,-1.2313750510580532,-8.635272598515996,-1.1030771639978054,-5.602227019076789,2.074514100198424,-1.2961652554163392,0.1338581441991637,-0.963046079801444,-0.22429317954196798,1
12.412052314571403,-1.2483292037560074,-8.825643930689756,-1.0037797493724827,-5.613914013239736,1.9967630128010982,-1.1963991893123334,0.13905161439873584,-0.8193351449130575,-0.18033210127397148,1
12.412584636515199,-1.0166119260199036,-8.777252148001152,-1.2208684553262044,-5.616953304498662,2.0706139926446028,-0.7773192600531482,-0.01679949417263495,-0.9133011694991595,-0.15086092481126132,1
12.480112795136616,-1.0039369004230918,-8.730974624023451,-1.7434581434835263,-5.740870750412468,2.115058374368247,-0.819437845296417,0.280771410483351,-1.1950574883839329,-0.05660891131877873,1
12.50766418174411,-0.8421730591529752,-8.521015516619213,-2.184284423430568,-5.691659682793493,2.0813440674524637,-0.8577539203955744,0.36615621843433854,-1.4627049345440142,-0.03349898348616538,1
8.787682235631978,-1.3754826022157711,-4.017622696196154,-1.0882380079216456,2.1581274129388794,0.8255479500112982,-3.588321600851276,-1.0319276231280898,-1.6746672882822304,-0.577254715524386,1
10.545120254444065,-1.567034742042877,-6.371922960943921,-0.9538872811116926,-1.995938046075082,1.8485221005085826,-2.295664438094063,-0.6135596074875967,-1.5960696711212514,-0.4132753878372831,1
8.679149052752782,-1.688744160380329,-4.112598472457582,-0.8496684748769908,1.957998203020964,1.0477914579606942,-2.6447309870089475,-1.0801199254218474,-1.8770429669419075,-0.6902027684108948,1
10.455297634476786,-1.3689287990030077,-6.353920430833414,-0.9532625273863545,-2.0683596870080665,1.8104441236473534,-2.4230924546813486,-0.6640347737790524,-1.4665208769991962,-0.5991876834214577,1
9.446650862717732,-1.5007683741184257,-4.868470841445952,-1.179010170981218,0.39928326911079687,1.4612772819179813,-2.705732405347784,-0.8982928228064415,-1.7312434651688924,-0.7803115218524811,1
15.160019141123641,0.1042369954033683,-8.401979354474136,-0.8449125471074453,-6.4834303544465195,1.0219149594427153,0.14548222467911312,1.526980540088612,1.3083874381394422,0.14066276905313319,1
14.74488966735703,0.04134252979010179,-8.232066604966088,-1.1021389087717992,-6.375091575262111,1.2182290473290134,0.08711285074860653,1.468470549082911,1.3265980224908933,0.17847626032829358,1
15.074649109841086,0.04339799542429267,-7.9185997210708,-1.0991607448178198,-6.386738912214414,1.2623752814173912,0.3848267412243931,1.3787431543922561,1.4025941998728968,0.18134594677473082,1
15.155654689129562,0.1494542309444429,-8.042101897218636,-1.0321398732018903,-6.459303673604386,1.2036437745117918,0.31632768115554205,1.4795966424524205,1.431303113302211,0.19438056706283008,1
14.478430536732676,0.025903396376751365,-7.736723497432557,-0.7768631587186711,-6.387496565084015,1.066995759038156,0.3401654843286646,1.433496415055321,1.3737007778271755,0.3727000832758529,1
14.222797317841186,0.3735834872622876,-7.55984991667294,-1.1587183079238843,-6.509437296967569,0.778315902648805,0.6594276421108709,2.0055797263007573,1.1666643066354605,0.18344788040345472,1
14.12792365873322,0.36872047778312705,-7.475500841128548,-1.0478892523439205,-6.4499621132301606,0.8892723593063222,0.6267723124621833,1.959744136985356,1.162644465331845,0.28713436173434137,1
13.976494512210838,0.42504623104508876,-7.3546079561754585,-1.1859605671044264,-6.402267387203902,0.8751537004573532,0.7694904465987186,2.1738832779517274,1.1080993528481573,0.0013465126350784029,1
13.237161707229752,0.6972703421428927,-6.782025750135207,-0.8771486386753008,-6.330501333607239,0.3985373795017735,0.21910728080168512,2.6806489979869514,0.27124903404200784,-0.5543367090787552,1
14.191657295882079,0.5474648818978064,-7.5434363832588565,-1.2727188519763264,-6.433728135688654,0.8477579365025932,0.763929445847864,2.2928333845475874,0.9758407278632018,-0.26720806511333983,1
13.432975864222216,0.6201930414928044,-7.040938600337885,-0.9981900616139673,-6.680347136609446,0.6712251473585491,0.5055988368295081,3.0338397997936295,0.875465832866767,-0.1557470256795416,1
9.48852839797291,-0.44664432147037697,-3.743038039054493,-1.0919574272359927,-0.9134802182607978,0.7690993086944294,0.021761578753891366,1.1436786977378446,-0.5261787784871925,-1.1881135168691705,1
13.410558642375978,0.8277476692863168,-6.865400882674255,-0.9703059046455585,-6.555122896635428,0.465158794122061,0.3835476874224044,2.744585692879608,0.4211152613663426,-0.556322186949689,1
8.234586310317086,-1.4190976680673721,-1.3551581385240963,-1.5317512307237011,-0.19619294083873046,1.9499417762685392,0.19154932799151614,-1.1478628343569306,-1.8513798648079058,-1.9850338036541904,1
7.759594497923,-1.9015459840637088,-0.5476899476222221,-1.030028793656422,0.9189184331863983,1.687633480253993,-0.293622608637696,-1.8673598680204164,-2.0399839941055866,-1.7290138944631013,1
8.172742255788073,-1.6147874251403402,-1.2643936277470524,-1.331802484077507,0.13271492848419,1.9409522974393534,-0.0306472492443987,-1.4359634865741318,-2.1545025145706687,-1.779425846213191,1
7.687760063717234,-1.9502568000196947,-0.4192498087477843,-0.7053684396393294,0.8958638037850399,1.7001007827775505,-0.27346954372342125,-1.965529829001075,-2.1485639841772337,-1.7050116494434384,1
7.8441128424927165,-1.8426086340752523,-0.10987981958562211,-0.6107186601422682,0.7918394868656532,1.4805333073362341,-0.12037288453591787,-2.128123130656549,-2.000377574274573,-1.5508002325200605,1
7.817097734119059,-1.8070428305690671,0.06763404858600139,-0.11340111259306404,0.7266359170238657,1.5418610704433393,-0.05609174492089611,-1.9907789016532051,-2.1189942139514306,-1.582058083327016,1
8.11482483202691,-1.9142377838732476,0.2597131958711098,-0.10565360057385534,-0.3317388144643726,1.5497421763350958,0.029615557431990572,-2.360054998010994,-2.1400599952307893,-1.2426301659726042,1
-5.467801949020889,-10.549917785477728,-1.6457707562908392,1.7863837326712932,0.4338867844201198,0.9925234068114782,-0.12030118676682414,-1.4223799309929535,-3.565150900890762,1.4648369629495173,1
-5.839121759738205,-10.548289687561784,-1.6245433190531384,2.0705335237534155,0.34173139717090417,1.0419349083781007,0.11211919025947684,-1.3154821568018693,-3.8524411473274904,1.1504147849993787,1
-5.477404054327507,-10.439188458674439,-1.7790185666738618,1.6788913054634598,0.46315367445075706,1.4024827734740901,0.002899031414384588,-1.3941183658625764,-3.2957771608197013,1.8069879843903505,1
-5.173194418261353,-10.676703101265629,-1.7726911367512488,1.2923446019769647,0.4508185505857879,0.989892739511235,-0.1392164374653219,-1.6439936890132203,-2.8829235864259917,1.6632558303347578,1
-11.099400475987602,12.185088002770682,-3.1954488376393155,0.17738163960881184,-0.881498523403791,-0.7737008703669811,1.775086828454738,-7.282817960009892,3.437120291812613,-0.1278699537057926,1
-11.005633467920324,12.305686979521719,-2.9358955808584146,0.07533636271754711,-1.2410911057139127,-0.899263968817971,1.9022416185310975,-7.380626824451881,3.5186490065319576,-0.15294564934026933,1
-10.99903153217154,12.154456616614274,-2.7479245629678752,0.2010874245498156,-1.3122774090428204,-0.7235430323636527,1.8200953638937443,-7.621569567702603,3.600855937062978,-0.24909927501226536,1
-11.081979008221724,12.130121769299805,-3.179133459845701,0.2663598292716761,-0.6561765157380887,-0.7323906892492538,1.692394998627691,-7.130804999860924,3.3198464117897633,-0.13787037835421595,1
-10.981168962389914,11.997437947421798,-2.748514638279099,0.07457564542340629,-1.2400241405730088,-1.943144769319519,1.6480882280040496,-7.420661120036577,3.5483107489023213,-0.36698032529320695,1
-11.126150763963732,12.045984638219887,-2.6914439009933524,0.05703646252093269,-1.2032732905546804,-1.0357438367233678,1.732827161533809,-7.685313727338188,3.5854674139648766,-0.3506329378981494,1
-10.88853583595506,11.82021308245887,-2.9072349469578387,-0.0717242859325903,-1.3935795199911805,-1.9927942722155811,1.724404108075743,-7.409915890250972,3.385961787385123,-0.6694827511279754,1
-10.962258670813316,11.498043836441429,-2.4930556909526698,0.6030977090773036,-2.3680087557934963,-1.8932339354204932,1.057781101698748,-7.473743149465183,2.874599951217325,-0.5893115587373375,1
-10.968514166952717,11.786481116276118,-2.3373139344301794,0.4150880694271781,-1.568594869477178,-2.1027213531357316,1.5789525314367692,-7.679882045181846,3.050190169409985,-0.3517002116781091,1
-11.254669822632223,11.750737824396108,-2.4360941221479018,0.6259336253079876,-2.5110120719779543,-1.782512246563618,0.8493792892052983,-7.282216391201016,2.6859708246658047,-0.7143903077799434,1
-11.000272590710095,11.964264672293554,-2.490872150579757,0.39750578911560347,-1.5278018760105334,-1.9140369281611391,1.7127246025517633,-7.886616790609921,3.3500640659265186,-0.16196978723857905,1
-11.79201726156242,5.602285986159103,-3.2595107135985675,0.0675117228119765,-2.117756119422572,-5.1992434823946505,1.141777294972513,4.80093991586135,-0.952914591963335,2.0840873683770167,1
-11.998911814528846,4.094252476421169,-3.6670263838084907,0.241597939547789,-0.577846726217471,-4.935767758616346,1.3624380676183208,6.515081810166486,-2.1857019973513703,2.9660869435315296,1
-11.72975619542619,5.781156984863115,-3.5542885367692194,-0.12497309084648794,-1.804739024724037,-4.954320038508865,1.1378214836762963,5.348091791899731,-1.3503319325762135,2.271718465544927,1
-12.127606922374955,4.520339723564917,-3.6732310124481,0.438632823370442,-0.8670541836897273,-4.930719645372306,1.0031630956500464,5.910519406605369,-2.1410053222351535,2.7143762513376246,1
-11.745875720057688,5.532316212222292,-3.3906491307204587,-0.03684490717225207,-1.7927815269194307,-4.7846788785059875,1.4703360795280647,5.828769731617293,-1.4688087546170576,2.7450735469462852,1
-11.956778775448509,5.623218426515386,-3.45970513847656,0.04343553051054088,-1.8968726993904828,-5.054185060657713,1.5563870415074965,5.908213134586832,-1.8081746955492737,3.074621692402899,1
-11.825879026493196,5.138844257117253,-3.4557103107181826,0.05055468186795142,-1.362380416559149,-4.984268865958286,1.5057180358326805,5.781980716324893,-1.7142662727727487,2.6179429109532744,1
-11.847961934769401,4.1401185167085135,-3.289561913324583,0.5078161876613992,-0.7794758015066139,-4.976427200319871,0.9276028874856861,6.721750290758534,-2.6792685595927486,2.606836609334623,1
-11.843165496746675,3.833245469100757,-3.425804011174285,0.39880082379415394,-0.6196832066218155,-4.846789497867777,1.0194336670725326,6.853117000706708,-2.798929383086631,2.481374120236355,1
-11.892842394864807,4.956337616865959,-3.4344767808681667,0.46533797603353416,-1.0876747527135764,-4.9894989909447185,1.342819987175651,5.803491690897243,-2.0792498351600943,2.4631197832212686,1
-12.081680268936278,4.22824467549618,-3.6724749746659047,0.2335321634477867,-0.7110894234302886,-4.955508090103798,1.132461095800078,6.309012595691372,-2.254766967098692,2.9754688938797202,1
-12.003409506326323,3.9682663579491844,-3.5182906621063728,0.3894081481392389,-0.5980875258330448,-4.940120978362773,1.3410489101636,6.550708126819391,-2.287201651694836,2.897160638383754,1
-6.076258120209748,-11.841387871117728,-1.6410159510681797,2.410613321934978,0.2405826780299134,1.2849184550089618,2.6545539801604714,-2.2789075771501803,-5.179451287755655,-0.5992943338436555,1
-6.1831593134850955,-12.285296524529386,-1.6110463325378306,2.214732193402871,0.16771183046023583,1.1961480793627703,2.9221678607435555,-2.268510993260428,-4.61100439050218,-0.8369613902138017,1
-6.168763097403087,-12.047558372508064,-1.6622976628830644,2.3541283529759998,0.20341259798210312,1.2290641880598068,2.7967773414016146,-2.2414303268456948,-4.867233026735847,-0.7356294896314237,1
-6.143896227794866,-12.440473332603979,-1.5631306291351355,2.0942755671574695,0.225287764244366,1.1240711820082159,2.9682747708077115,-2.378960696162151,-4.422037504572906,-0.9370653973800164,1
-5.978647555486996,-11.596543816816418,-1.3303584616375659,1.7397547917601042,0.2395511315054149,0.8920122909701625,1.0024421529291336,-1.4852458731738263,-2.7705231909875887,0.6516286184988346,1
-6.086272837853058,-11.842137979470637,-1.1511451201985563,1.6350023731285621,0.13828113267220601,0.8431531087320635,1.0564116148942977,-1.6451400167306462,-2.462766798914303,0.9118917255394866,1
-6.1356159719283605,-11.974398871649344,-1.001239173620915,1.5717786144364803,0.01798785159839973,0.8317295601503049,1.3342689227634417,-1.647583620943575,-2.379260521655582,1.1535035229988906,1
-6.230015095001897,-11.9586849053924,-0.8801823918713144,1.4029854123048526,-0.09333805788881805,0.8965522637956961,1.4020843290962852,-1.6189251594433742,-2.323579605599781,1.2977758116525056,1
-6.185059324978399,-12.161873320614031,-0.7459923947991715,1.37975096072129,-0.1695523766687813,0.8753805878071168,1.7120823510873293,-1.4383336877681867,-2.217144568093951,1.6519008137202942,1
-6.176252122527301,-12.006955139910513,-0.6031173506160089,1.2389419687369885,-0.17277058849023275,0.943894043427283,1.5003469200938209,-1.5022318930094642,-2.147227990096206,1.9649775126749043,1
-6.5733632152444,-12.236802580222692,-0.09800364671446013,2.358148350306383,-0.5560999790489032,0.9182332629628382,2.5813421601234277,-1.3793708557160202,-1.270418520159315,1.2444996572421563,1
-5.924944663388368,-9.556166062577484,1.704449670844762,0.10464540930800592,0.4144532676315601,1.2698494866655505,-2.046364989630497,1.6642494717525664,0.9423895788650621,-1.974627260453519,1
-6.605332672758795,-12.2359872514593,-0.11722542857116772,2.405942443526126,-0.5281801440690072,0.9421902133535156,2.7033595635663605,-1.275426991883421,-1.503782726192268,1.3371322303775073,1
-6.68308481700018,-12.374347807503659,0.06790305159594506,2.410313736928698,-0.7106942191700862,1.0137942090359404,3.0257738531339475,-1.2713780311324285,-1.609836552871819,1.3763013698887134,1
-11.063367474054726,11.372809882922885,-2.085947967815619,1.0616350398437253,-3.5122350150457016,-1.693232476274289,0.18214107904180887,-6.8464280367903445,1.9462651249383855,-0.9348699826405574,1
-11.50494790817756,10.259507989720047,-2.591760275730749,1.4280574332499876,-3.83939839897118,-3.4381048785138644,-0.6808458823565363,-5.587436952796907,1.1874883346699858,-0.296595042494688,1
-12.122759178732304,6.006884242743524,-3.399671613900943,0.15980519710642668,-2.7775538530254855,-5.34037743017261,0.9566037870235142,4.752414390145409,-0.4885504501781028,2.5670665940107384,1
-11.823046724712071,3.5277784281056404,-3.5868833387216097,0.22989163335742008,-0.5738760255776149,-4.674322308675001,0.9439861442832899,6.976775874127856,-2.7540136389280674,2.782216975360463,1
-11.090492106576532,10.939983797348958,-2.161761868267454,1.0970013719222313,-3.6076031054004143,-2.863982136196848,-0.11998138674038887,-6.532648682065271,1.5673221345960138,-0.8048752549689729,1
-11.630106691764853,9.302428221085682,-3.010009860672841,1.5120076274564331,-3.3078660683250196,-3.979027104020389,-1.1607662623730453,-4.712695224189991,0.8263728466347222,-0.4243063423391437,1
-11.987730134188238,6.307170087655404,-3.430739911002705,0.47281842225309695,-2.79085343968005,-5.454050784823022,0.8196753930486651,4.087650148246304,-0.5299797776776707,2.2115936307510577,1
-10.994079351293955,11.91750614449972,-3.33669423157501,0.45756256700560866,-0.5139090765253195,-0.4590946888321046,1.5515272886840727,-6.986434955523174,3.4211598704651136,-0.5295749379103813,1
-11.808570918152427,9.282518913929652,-2.9146589241166265,1.7190410773616038,-3.469901066296591,-3.8295008201129614,-1.1675991055894948,-4.0390706431366885,1.017565819936884,-0.1781312832895103,1
-11.314881795166128,2.7359937403455215,-3.2911199231203865,0.018648833548074936,-1.039286111614304,-3.8189692638823454,-0.023079477869060352,7.440187251644169,-2.8036199433788087,2.2487698574279027,1
-11.419988618994775,10.576444008641772,-2.2376604657893653,1.1274896967173278,-3.8382877815281105,-3.033357995419147,-0.5277700193937384,-6.14630578132196,1.1240858292001825,-0.7452232462257041,1
-11.556274959589075,10.196108949990618,-2.651297730794606,1.1488273279662626,-3.886077148323806,-3.6459430688327648,-0.87313588031362,-5.346694474015275,1.1314133546299177,-0.6024377431766317,1
-11.603203391897747,8.852490870332765,-3.391135870899959,1.132241577100269,-3.254976407211681,-4.196576561071812,-1.2983585673378404,-3.0897682627325302,0.9826702910410204,-0.6248535211230295,1
-12.001494998493433,6.640024055635202,-3.6618622320965155,0.35108570614175255,-3.0107131531331763,-5.14256634775059,0.6094029009446795,3.5196761098000713,-0.16581426447004902,2.620298788125471,1
-11.464879084108345,2.890479107368015,-3.4757531820014926,-0.006724165752329178,-0.9512925414321141,-4.050451463619231,0.20041464573922343,7.244196306443723,-2.9153873650334594,2.1487638325460368,1
-10.910281934990055,10.914925796177128,-2.2183059659309072,1.1552533457937766,-3.7659278951613655,-2.7789980870111597,0.010382629330827255,-6.306396908633867,1.415168693648296,-0.9750037576247771,1
-11.774156745991956,8.962383372489576,-2.9581462414686617,1.862841630510261,-3.5033250588873948,-3.750211360271356,-1.0912675257233926,-4.070797014198189,0.6706858799237211,-0.5736186626109351,1
-11.602159191300725,9.026330528986767,-3.126522316325697,1.5594762159643765,-3.311414710661954,-3.8626454399493517,-1.0781509051136562,-3.514004351767549,0.8368393758485542,-0.44195064348166263,1
-11.758266615470824,9.566776942163129,-2.787363294225604,1.2894248983736842,-3.78205524947908,-3.690439207684118,-0.9408420909907697,-4.840373257972194,0.8099461110806518,-0.8160462059820288,1
-11.548803238347606,9.031846105328093,-3.2194527564975477,1.442248066200869,-3.0865976241851367,-3.9955494522765234,-1.2012030605744548,-3.431388245157129,1.2141450824608364,-0.27608202898674056,1
-6.838945387150651,-12.485728478779446,0.2431511109780037,2.4794367278823177,-0.8476552802617339,1.1727022724059846,3.5109833353258573,-0.9965379319433479,-1.8068532061459526,1.36482156241092,1
-11.461228998406368,9.887420997689294,-2.5982493041896144,1.2627384349777158,-4.052188813485836,-3.610792769493561,-0.7777014230462256,-5.579484148885186,0.8985038529196329,-0.4603630519435955,1
-10.906945067390172,11.034265000639191,-2.0662637880800387,1.0519168381901054,-3.724327966146589,-2.4984967147643062,-0.12268231586178922,-6.3839869723488984,1.5965424026150028,-0.9662614525637109,1
-11.355362668190885,8.711600071805627,-3.6821560369907482,0.6426566566950425,-3.2168509000146948,-4.117558027149129,-1.238150953686046,-2.6339327501312346,0.8403590333551083,-0.6916846147670702,1
-11.610513601421674,9.03477651818542,-3.6449530101206076,0.6986198883000295,-3.4267182333046873,-4.41807431197128,-1.2672163734435937,-3.18005408843942,1.0669256795356665,-0.4012507769248615,1
-11.627397223159937,9.038216098632185,-3.0909604835582845,1.6635392948558918,-3.480484717653689,-3.7464564252180237,-1.0919707884380143,-4.30070961223155,0.8605614168408374,-0.4278506565476448,1
-11.752320456598914,9.127005048026781,-2.9454340206638223,1.791536683293815,-3.4812040658374355,-3.768800675194169,-1.1172809767690381,-3.734710150386249,0.9005290114146638,-0.6246243013109929,1
-11.435297064431339,8.922146460162942,-3.502407307643561,0.8814581450077689,-3.322191588304768,-4.121708271068224,-1.0778788904037615,-3.0156085176033596,0.8084196623029589,-0.4660803842476969,1
-11.6622180181744,9.892815989236533,-2.6755620318552675,1.2930726093442613,-3.8256521291159764,-3.5588797315593688,-0.8873808859401032,-5.079207842023175,0.7026228706964751,-0.5756485345954553,1
-11.795515084996177,9.501373496144337,-2.999889218914754,1.3658954796320133,-3.475000860170577,-3.616570196922402,-0.8819939818598642,-4.9673117022866595,0.8441525781735033,-0.3726882471872656,1
-10.89808260764235,8.156199428128621,-3.8491840992085713,0.5374678396888194,-3.1904086002267826,-4.299681243121065,-1.0851939667203758,-2.218171679476847,0.6052138349526357,-0.5918169592395168,1
-11.670209104540072,10.15396825648433,-2.6717469769877327,1.310507640374174,-3.9836017707558895,-3.9756489932781363,-0.8022636040830262,-5.0295248638970635,0.7758831177742773,-0.34607214880803816,1
-11.357743253991742,8.74656215670406,-3.2527371243732532,1.3337635202264342,-3.1625806863578174,-4.317561575104369,-0.9241905637763156,-3.3056015445783515,0.796571753370583,-0.4639449389070773,1
-10.828575963286363,2.377109682789877,-2.966971020062498,-0.03534889985461923,-0.6255605292525356,-3.6593413936459376,-0.20594157159943427,7.187684906091401,-2.8243995568474873,1.7249484929271504,1
-10.821104989010223,7.9285711671977275,-3.86645416764598,0.596322297483255,-2.9795943725056806,-4.021160316850994,-1.0360750474197455,-1.8400180020777321,0.340928206677463,-0.5813928276316107,1
-11.477363923766267,8.894839587943572,-3.2573108356808826,1.2606108080371539,-3.310616413020541,-4.413606232299589,-1.1572357838031682,-3.0032337983900415,0.9372599736985907,-0.4575192329238744,1
-6.846419936421829,-12.322476133011433,0.06651738922902856,2.534040887383137,-0.5691962654259313,1.2290269144971837,3.1599862832267855,-0.7817943300178911,-1.9013888873698022,0.9431561264197356,1
-7.075854313860357,-12.4026433838241,0.24135989981433237,2.3794591636407314,-0.6495312414725127,1.2625575000190314,3.3844374041033145,-0.8037575532591839,-1.9956847202986487,0.8779293238193778,1
-7.120073659675424,-12.553104854822378,0.4138063559471727,2.434284318562332,-0.770091595728765,1.3377783172157678,3.4588059549167265,-0.8788390313041821,-1.7689750295760853,0.6771732551172811,1
-7.136743300608197,-12.517589126220615,0.47553547936051055,2.3992311074454347,-0.8573490139613336,1.4289756104780635,3.487520205301171,-0.9262508266942375,-1.7794082477006912,0.626569862599138,1
-7.609161501993775,-15.664034551590799,-0.12189300499049455,3.0232179093943823,-2.0293964797926285,1.4102909870862665,9.82267731298531,-2.685665086109693,-3.338256791686455,-4.270066739128022,1
-7.399763747333617,-15.62133986338392,-0.22318312425575618,2.8846050167455446,-2.0938341031768233,1.4797635754184821,9.674681431802693,-2.7132650811251438,-2.9444876468114445,-4.152686313288054,1
-8.740581814628813,11.100537000431917,0.1791396685809038,1.7223505425648027,1.480681159636032,11.99046601173635,1.8813485303773856,0.5987961477983023,0.8568587834665132,3.8970342586298075,5
-8.691732765192427,11.882346084677062,0.3282709005571714,2.124275323516768,1.4846253350957008,15.136670747178728,1.8178097437690006,0.9785412899467746,1.2620491290442197,4.493893620303286,5
3.344473275963203,-1.530229359146449,0.2424124122822406,-5.401079377145624,5.101634838661734,1.3543551707439612,-3.7790769490399465,-2.6160159529339575,-2.4001049142949706,-2.3621776314674263,5
-8.455012850476482,11.593010975027862,0.6239325918761971,1.7354849831294963,1.357084038638666,13.332878198550945,1.879567193295984,0.7607326389203011,1.0534313686124752,4.510515850520741,5
3.33973880096468,-1.5891437927064642,-0.18553904689082978,-5.144480693280155,5.168659936637379,1.0952638866606859,-3.854687612320962,-2.616168745008432,-2.3204401813678643,-2.326417337571893,5
3.8614681231156682,-1.2984490397138708,-0.4716906698571461,-5.452755240289215,5.384413313853771,0.325844038952759,-3.5931937050546328,-2.8131196219434376,-1.9250983372874662,-2.0692639250639555,5
-8.651629790094098,12.14280646102581,0.41214215812763016,2.1720514629413117,1.3893390067459,16.046416844978378,1.7541952350987322,0.8973268703294659,1.1843434300028426,4.556557078803166,5
-2.1443700970271116,-6.757654453113991,1.1106997686362086,-3.6712919798227452,1.2813208454626828,1.0970313478858844,-6.439247255998031,-1.348201863074827,-0.651381510391226,-5.481993216456436,5
-2.157079546078105,-6.342385080381441,0.9635876038969393,-3.926096798153981,1.4462980320200207,1.3257409791286707,-6.737709827594933,-1.115897550466257,-0.8687673069143892,-6.298889654140208,5
-2.866202865175872,-7.473600143862266,-0.35316138578522144,-2.7991391253492752,2.145786586264305,1.1785734700034993,-5.457429067167369,-2.1952063590092044,-1.9700447780558312,-0.1452310956317762,5
-2.3787530463138977,-6.315471281027385,0.18219435038932646,-4.951962384961879,2.039520126899104,1.9849961049348759,-7.778274164994006,-0.3080186814784093,0.49670135607917637,-7.837239920355386,5
-2.3955895200236594,-6.18199722297101,0.4127123045183017,-4.913653046725851,2.016101403528537,1.9513249974561755,-7.705647747047861,0.9869323883263629,0.9688351689092497,-8.517422960109824,5
-2.3992616133556828,-6.054977350867705,0.6805991313903013,-5.010032145034997,1.7727499067697807,1.8677605474674963,-7.71515076875542,1.622381727117867,1.915045524777808,-8.821117579183088,5
-2.3181408152327476,-5.305775906770701,1.0733543720476704,-5.694252868192967,1.9432411846368312,2.202844147796723,-7.689784205596354,1.7284479102117507,2.5848121549480685,-9.72298038172143,5
-2.0531014301343493,-4.6388684721679665,1.354740603984412,-5.965489357318434,2.1779132031021926,2.9432835870961442,-7.433141371085994,1.8265965994835947,2.9181049554045804,-10.539216827424543,5
-2.252559866433966,-4.185841220262033,1.6908250957577384,-5.5396938449718895,2.580264397844584,3.5749978323516474,-7.369152453412133,2.534715680911186,3.343487648771519,-10.254344323871099,5
-2.071922113606573,-4.466132430544724,1.530940146729384,-5.90762481346506,2.322128944515032,3.276140236584676,-7.447254994068387,2.030760775199495,2.9368548626623387,-10.466489857906732,5
-9.84286315728192,13.06032002491775,-0.2308113323333257,4.559943554980942,1.9812313687595273,23.740462230519377,-0.5342874682978384,1.7062689926930201,0.8112665361166236,-0.0962151087089434,5
-10.018258946586496,13.12202905564827,-0.14853525594090367,5.108218389386994,2.2684595884829974,24.8014571424081,-0.5820145630363212,1.957765173616804,0.6556061274469244,0.0011530316533236915,5
-10.063896214468715,13.825898749608816,-0.15192017594826443,5.615977516293521,2.7059951835172646,26.301055627163542,-0.7720976395348889,2.447653044097006,0.5393560984307936,-0.2918593380454335,5
-10.389697155393586,14.220313304144439,-0.19592407031236114,5.917130996540609,2.7959403518925954,26.426446233111662,-0.7966596846549691,2.7354113716356534,0.829599733464536,-0.4434105547820692,5
-10.5810018861294,14.321422744842344,-0.09246567212332614,6.132360404882438,2.776612456359386,26.75461525812091,-0.8499669959028819,2.8954389464340893,1.0264667407428967,-0.44894675052836897,5
-10.491332553015196,14.130637402498905,-0.06697161376825658,6.1739418187190465,2.9037287286509392,26.7553124087544,-0.76907648845332,3.3505174348773625,0.7542979612752493,-0.3680624263672142,5
-7.584456176339302,-15.718094039579928,0.02163064485719452,2.9843728406382373,-2.1065712801968703,1.6352804067754043,9.946502553246406,-2.676665966919239,-3.3755634673336465,-4.2259948845726445,1
-7.209857978950571,-12.544967655987863,0.6120387398429553,2.275950511609462,-0.9773449563022737,1.445282220782672,3.512328083316213,-1.07347430595841,-1.8664455193459981,0.4435877096931488,1
-7.839315219195468,-14.882904622353912,-0.20863720240313094,3.1852682010209716,-1.4859363023480592,1.1036518853580994,8.076444806786332,-2.5294458651330998,-4.168774796322522,-5.154547204835394,1
-7.425797033544807,-15.738490178162376,0.05270742947036942,2.9023109223099364,-2.294112309164697,1.5060036405891983,9.688060296191107,-2.752552398786011,-2.839407115131678,-4.242926077420623,1
-7.368251521887517,-15.662765697746607,0.2495394729969417,2.843035765430042,-2.3978429261366276,1.2708829850180798,8.984989548797873,-2.5439068699768477,-2.263207654924063,-3.4842175342924504,1
-7.49303770116424,-15.653764601598224,0.24597092012218674,2.916098846143983,-2.4671261543936183,1.328048171591502,8.762267685218042,-2.5025116947305204,-2.449041977228082,-3.1967018161860468,1
-11.810731471540317,3.506610561646353,-3.585262780399137,0.20771913939450912,-0.6062897459051761,-4.5054191958938485,0.9080313422642105,7.150613496544494,-2.732199295906731,2.5956823174302155,1
-11.546140899700397,3.320008362453634,-3.592263753865926,0.2146025334450587,-0.5801095541043843,-4.304700114795118,0.5695680937191716,7.064952020453492,-3.057598947489678,2.3457898655265037,1
-11.462975876632251,3.0741700631473097,-3.335327107246461,0.06350441810977253,-0.7581573912092089,-4.167640532693435,0.4971105076573667,7.410183017744565,-2.970116215320769,2.1663941790376757,1
-11.57365591554704,3.1833054752344045,-3.606794563823338,0.10889434077358022,-0.6240312585211895,-4.323457580154299,0.5035893981137584,7.0215597170583965,-3.031180393755886,2.266906150708463,1
-7.081242977589644,-4.994961378323278,0.7501460467964453,-0.27335487261080954,-0.5261750893902276,-0.6918063524196978,-2.1236118209914356,5.277358868034014,0.37433780412341655,0.3538894213690293,1
-7.775515293153398,-15.081462524084765,-0.14948537483144186,2.9745869510973044,-1.7950215413272606,1.125066354750618,8.680388716463606,-2.501265052133224,-3.9064239039017847,-4.6778659123092545,1
-7.670013681948584,-14.873079326920532,-0.11653097668388804,2.9310665340723254,-1.7164286022554467,1.0854812143872559,8.253265900250385,-2.5921358566386665,-4.276043733727336,-4.427951491806534,1
-7.593047741300516,-15.38265409184043,-0.1719359609990655,3.076602452139564,-1.9046111354670527,1.207620254393661,9.264492367379704,-2.8011749671446005,-3.6924138987436117,-4.20130832196766,1
-10.946447362598914,8.196655708967054,-3.4212808161328865,0.34740180048847197,-3.0628930451228342,-4.2599613673203,-0.9536609714127919,-1.6296479202324483,0.23747829706399984,-0.6701234599968156,1
-7.69070946773028,-15.157738096972542,-0.18424153179849595,3.1071643029301157,-1.9024585989867044,1.1896895122501596,9.233952008944735,-2.601143806606463,-3.7453058823785432,-4.412582017392253,1
-10.746050301320857,8.935449421070317,-3.455087940079436,0.0211793548629379,-2.5411873043581084,-4.192105401452346,-1.1055239077143408,0.09954425605855535,-0.9141153489560206,-0.7158492968044861,1
-10.697894498956893,8.66767638472344,-4.046369271470003,0.022864810383027876,-2.7939122519598527,-3.8478073755486766,-1.447900099730649,-0.946444752209625,-0.3978733271471017,-1.0142715323643459,1
-10.714348471709235,8.460995083029665,-4.057283496429287,-0.2125889854130684,-3.00877525954984,-3.8404829910998903,-1.3094774781227427,-0.11260751793251197,-0.6198830857582218,-0.4167646694511398,1
-10.767407495399548,8.590727924357907,-3.873927950547182,-0.4063701296530496,-2.993303473253248,-4.164722424037183,-0.8149464437391752,0.49095435578943436,-1.0270040059115957,-0.3033637569027744,1
-7.08314631212271,-5.012912170065952,0.8281776425393352,-0.25670900422393444,-0.5760545111338463,-0.665848245937546,-2.0912509416434113,5.329978971721365,0.2661895070905323,0.5227709761355545,1
-7.721283505666525,-15.092414075484376,-0.1524858709075485,2.8973724476266107,-1.9688280508195855,1.1890431235813859,9.02816597700651,-2.6395502763304757,-3.8094471455352164,-4.275567888164957,1
-11.356577535320076,8.24516573503689,-3.710254185645546,-0.054372799399249806,-3.143038042407595,-4.754720696108215,-1.911746681792414,1.762031157791376,0.5929592607046313,1.0421475777118847,1
8.040544293302585,2.208453453542976,7.744461790665288,4.835644238654555,1.8540861133081168,-2.928524668780152,1.1729612400106275,1.009119951240878,-0.19962292688723424,3.689953778672958,1
9.333089623859811,1.3985976905912296,4.8126852600700945,12.361673171567602,1.9206388074522942,-1.1473275304952306,-1.186159791843951,-0.6178597455612715,-0.6133338883214559,-1.308973945434475,1
9.12206248257611,1.4807117216436079,5.065060725155356,12.72040390014935,2.280090243408941,-0.9264356649855428,-1.3362016584175842,-0.9882040559447666,-0.43689874258777284,-1.0943091018511986,1
9.220949117289994,1.437194371150654,4.820607384670507,12.32471678634612,1.9297849465355397,-1.2281753137818185,-1.1229634818286238,-0.6195230326353016,-0.6445267698890449,-1.2316969822114425,1
8.033141059889676,2.0321752930682693,7.700471531749161,4.231428205325956,1.9926169262510633,-2.797740380978687,1.6111070275819566,1.3509566462830513,-0.13009818786413951,3.8449000214905977,1
7.696735462896404,2.4134874611021133,7.2711258842852216,5.18975312671441,1.9931276956594282,-1.8671642374635027,0.5065060833233664,1.8255889585881557,-0.9527087804560481,4.606673445927243,1
7.765038305903049,2.469084943345516,6.81753787272869,5.330185593717414,2.3645525587380885,-2.5759918561638346,0.28721102397196285,1.7306739972447898,-0.6094739162947889,4.222549285436958,1
7.737340273994793,2.4891193879081097,7.340901004293436,4.843384261255246,2.2006825339633793,-2.893092745929729,0.6283739368015203,1.4074133773660429,-0.3743155903943268,3.954810456316311,1
11.13689913607382,2.459437120134338,4.79858360558674,12.641669567364687,0.995873585210382,-1.5098912137674818,-1.4132534982618719,-0.8367186078549058,-0.7430951848308727,-1.2803705145377955,1
10.909051387190045,2.403235146108854,4.998636915836111,12.363954369798607,1.7649293233132302,-1.8744699998473173,-1.333083625360442,-0.745999458313173,-0.6577619055383621,-0.6411284414000292,1
8.171798664027657,2.8186367831590764,6.66773437931872,8.44865953959961,4.326128106232982,-2.6563438191116044,0.5137572980665545,2.791129321000032,-0.005742716100551125,2.531910081372283,1
7.858986368722992,2.8686879866440154,6.9422527550716335,7.509150678648854,4.016589433946276,-2.2705672363141907,1.0666215159545949,3.142917794973151,-0.3328108035919814,4.384854326845126,1
11.22607745225883,2.4682591587668226,4.663880975349023,12.380403740290994,0.9751868481485658,-1.445598237187972,-1.3979890651332738,-0.9280514924553049,-0.8971403650521883,-1.0791924523768441,1
10.211493283283705,2.232368334613528,5.442384419458689,12.547025025381162,2.0860487551069054,-1.6645800791423833,-1.337740561004764,-0.7948145005532716,-0.7090018179463576,-1.0550740226113264,1
9.819445188699751,1.6544078373055426,5.168061700586077,12.172848064037868,1.904254224273527,-1.3848637104806067,-1.2705414919425482,-0.6927013453630869,-0.6752727940880523,-0.963230427330732,1
7.776063313798055,2.5324904079399264,7.318928816356694,4.76276981431393,1.8149056923117306,-1.7538859245060472,0.5777261107746622,1.9658151251683258,-1.2312256952377905,4.625720083860546,1
8.103627163956478,2.8308801764620855,6.697124480933385,8.412524785354872,4.349492392911079,-2.5885140565782776,0.5306349044367918,2.8933556180988886,-0.15803518451118848,2.7201250069844405,1
7.880838984415747,2.8021856573286206,6.924349564709745,7.850988449917992,4.006974944448326,-2.443985790475707,0.9684582420824853,2.9100575830884843,-0.26188348354156044,4.140386951228293,1
7.861654625205902,2.964776752281833,6.99839190168575,7.163615966018663,4.023378618065922,-2.2141674975164527,1.246051474697984,3.250877420492367,-0.44910741466951565,4.600542939898784,1
7.921555476688433,2.836506959664794,6.85351694049257,7.9528830468771545,4.0867487477149655,-2.534020052127703,0.9445169919294807,2.9291224461194765,-0.16270939427629355,3.945471044015666,1
10.394698695624541,2.3536323347212846,5.468323552530268,12.254551882826929,2.1185361168032077,-1.9524329107065466,-1.353584722482837,-0.8867009937412291,-0.6285258244249051,-0.7446641500731467,1
10.315898200131123,2.2070807556688097,5.5352344601197325,11.930358311348712,2.09724472355115,-2.1055210299108857,-1.349841429775589,-0.6749395904775932,-0.5704928505496407,-0.17243596498034172,1
10.639283261290858,2.3239644408081106,5.066378278138501,11.958628772885866,1.906699500412038,-2.155811080800756,-1.1913346151325432,-0.38330001924180546,-0.4919487430343983,-0.25852859058774463,1
10.400943897427432,2.3481754809386324,5.506320467057729,12.254707324752546,2.1176201200047164,-2.0055798227634565,-1.318155405379126,-0.8622649644930716,-0.6926421566439044,-0.6814379296804598,1
10.612053851695968,2.169201604538664,4.981288059553806,12.242870550681847,1.6904116749959304,-1.7805542462172703,-1.422348644557352,-0.6306957941940003,-0.6199542414569583,-0.519668474010529,1
10.049083739198949,2.4258056875858194,4.928847529103409,10.67192837175626,2.7451923582767455,-2.424925762605004,-0.719651938679574,0.47270065488743285,-0.2885968705239704,0.1712261271672361,1
7.7739098606629575,2.535925220060071,6.985580190696059,6.905751084654146,3.3410288755529,-2.0943086086870304,0.7616305716220273,2.7337533372091616,-0.11856220793973098,4.795709807418793,1
10.668873059682584,2.2494639969925347,5.144962373971613,12.04384976975491,1.688758624644719,-1.9913549044201573,-1.3696021509145198,-0.5349341146624698,-0.5732024500905685,-0.29890290844064654,1
7.78316552442688,2.4397715945683958,6.904257032749829,6.881479522716057,3.2073465135788974,-2.25338722175086,0.6335642268490583,2.4174680466400496,0.10628131664863867,4.51651740947402,1
7.830785507960079,2.663933623559569,6.839488661036606,6.8952643326231735,3.6116607787330035,-2.0686490553809787,0.8991850443225173,3.0995012922667016,-0.22568772589997826,4.822913023261345,1
-8.073979986270063,7.240325808404625,-2.686318644160618,-0.2747805812290403,0.42765876634133937,-1.2569726677682518,-1.1431966090147296,7.423754921181182,-2.5167088878268213,-4.202959507753622,2
-8.052126944337106,7.208443612341699,-2.6157441381144486,-0.11403778967270885,0.32589700477531747,-1.0630548249636587,-1.0181113751750162,7.640372777490102,-2.729632703480774,-4.37518000011332,2
-6.986652817390361,3.836972532238796,-1.7865273174737752,-1.9458362898231039,2.215561983665915,-1.498300400720951,-1.7826844382004043,7.462060390559699,-4.045609939042944,-4.231787805041333,2
-8.126363515065574,7.364702632348256,-2.518239375212921,-0.28735623210549743,0.422320607821684,-1.185523994926549,-0.936616661236348,7.638867013735732,-2.903754780463612,-4.767978128998904,2
-7.044842841835513,3.590829194605841,-1.7403524276410771,-1.8148408078445721,2.1400214441200522,-1.3197829297466648,-1.8219224948674808,7.318181234531869,-3.807382964084935,-4.399391600945695,2
-7.058842385900071,4.465451705786154,-1.986351852348772,-1.9187694013007843,2.0723983971569724,-1.5919793983430615,-1.5000432650354927,7.823379709599921,-4.427960746237968,-4.346986707253708,2
-7.407377324324834,6.654781822223722,-2.1116958607041583,-1.0903117230694968,1.4154623102091137,-1.6406030040672517,-0.6968421750237656,8.164264614087275,-4.092852377817162,-4.34080712424158,2
-7.338162290969784,5.366060622530229,-2.152837420902291,-1.7924293099246784,1.6793569754075799,-1.8531995218997472,-1.0411596698006447,7.896802374270771,-4.5473613629802925,-4.306809870215822,2
-7.487010041933294,5.9796464047640585,-2.0976212678162525,-1.394537580949173,1.524509522199926,-1.9939396524773325,-0.7480686889757344,8.253934973252795,-4.234033076098178,-4.031791146202001,2
-7.419013827026426,6.941945811184603,-2.3547368784759715,-1.0698511080548263,1.2881579454022047,-1.703351986557354,-0.6660416765818643,8.176025439752532,-4.140308952599832,-4.591812443201592,2
-8.026620572257308,7.433648659090796,-2.429953457243764,-0.4816344059599256,0.4315570187508757,-1.2696358876440823,-0.9248512186214528,7.775903601345161,-3.0819056387992685,-5.1106866130551385,2
-7.463978477525574,7.142050771994271,-2.3198048951656314,-1.1351299389967016,1.0558550286263855,-1.4197194478261561,-0.8026537357666089,8.14857909953827,-3.8813480705886776,-4.853524580742601,2
-7.770408607400982,7.305287334099438,-2.4164337277467944,-0.688630364329275,0.48974052587237626,-1.3833927690543482,-0.9193668859283276,7.842882240184385,-3.197865480031366,-5.101020720247397,2
-7.615863338484772,7.23574972586206,-2.4351356670836553,-1.0178916217056388,0.7398191619452664,-1.5605241983170524,-0.996618827117006,7.989078310144702,-3.489368950611439,-5.13168308323475,2
12.591242418428825,4.880185396630973,6.036794056017206,9.524481983145582,1.397018982001142,-3.364105939033178,-0.07953499669280453,1.1389354004332024,-0.8873820626885367,0.2970539413877322,2
13.132273132613932,4.820035408225785,5.7688095945707225,9.450266891212996,1.1050860991385694,-3.5013791897636826,-0.15942374121338,0.549218481217106,-0.5986286595509961,-0.008518946800648356,2
-6.5880600036633075,-12.231330037748307,5.955483665831198,-2.287857197686224,-2.1748562840282064,1.481001790137681,0.9328106253492983,0.16649280644158526,1.7027303308010298,0.8491162747123906,2
2.541522637332717,4.24399850374243,16.021615961010383,-8.60593433088607,-4.390312794316898,0.8190858362287011,1.1735083157230486,1.3466135274537954,0.6828219558441904,-0.6974026231520228,2
2.7439563297027205,4.7759315164934515,17.553154936632993,-10.623679079183713,-5.137887606058388,0.8939134625564125,2.7177789637525875,1.3931192451416288,0.2791089852084888,0.6380411771800548,2
2.669095574183514,4.716083148920654,16.729462617990844,-9.769410191897308,-4.659604705090771,0.8617630638913015,1.8572274914562796,1.4567665930091729,0.3884348492186812,0.12109553803251799,2
-3.0669463219171598,-6.143272411589573,-0.28900700447761024,-1.8615997885648718,1.6899731839061247,0.41972758225531287,-5.337588291563422,-0.9539668290890816,-1.8862035361293463,2.518837233806466,2
-8.569918300882236,9.033975973173776,-2.077712295317659,1.9665500475633864,-0.9048204983232154,3.0344076441323735,0.7413028849191291,-0.9800167133683729,-1.2877099332360675,1.143040347013528,3
-8.978893665319344,8.677584320000845,-2.50476751370356,2.0843226949422733,-0.19086186243679232,3.99609539358533,0.7892470299933003,-0.27706472416580297,-1.5346612260509658,1.1076048160339849,3
-8.644399149962293,7.964533997522959,-2.790742693224768,1.7744600245388202,0.4987631007599556,3.0382127880603385,1.011408105701644,0.06086164423143565,-1.6452738216550946,0.4564149438105275,3
-8.772608528014779,8.066905547083826,-2.68680930627614,2.0137533917141166,0.3325160721782348,3.096037189888838,1.018198819698607,0.01755504300624359,-1.4892140489954904,0.5385175731158797,3
-8.987557728112318,8.556240660234723,-2.4586128661141378,2.1271132223211318,-0.06502706091784283,4.018755887402328,0.8888387183558579,-0.14920137812033793,-1.6359543797619962,0.9812367729916319,3
-8.857133489245216,8.22702035944696,-2.3029206473990333,2.2043646363484126,0.1173457296545314,4.138320965806147,0.8807257053324639,-0.07381937419323292,-1.6111446525353026,0.8465043018449661,3
-8.580730477459182,7.851839578672466,-3.101498529065628,1.5567459344740606,1.0876534209352262,3.1450794825514703,1.064872825846362,0.41454947064767195,-1.811519301823156,0.5338694259025164,3
-0.9502513125373051,-0.5716560762808254,0.46049597050580643,-2.537986406564298,2.721020487287955,0.6660631021624188,-0.13297253715616503,-0.09240906013398137,-1.663189233716834,2.9037611094424096,3
-2.782198389883835,-2.723180781109162,-3.07129680426996,-2.3397506023599246,6.777525390522159,-0.37275557787069136,-1.087174008452427,-0.030905201728104747,-1.7168087197843762,-1.1872682301216275,3
-2.809786485288674,-2.0047005319894584,-3.6812078001933717,-2.984443690829908,7.8985176977992975,-0.46884958626830225,-0.22099146281201792,-0.5536662523843445,-0.7107116817723016,-0.9207085863294124,3
-2.907105595051677,-3.150332842108489,-1.9533876266923833,-1.873801733613557,5.616675962895943,-0.4323888333956547,-1.3470446259604725,-0.2179234216566788,-2.4565975711146555,-0.9311282546683477,3
-3.0294383038539077,-2.812601958034325,-2.027032767941101,-2.059898074343975,5.754813732881702,-0.5689088998570778,-1.3838491117951475,-0.304496606927005,-2.6291956031514903,-1.1722002790744177,3
-3.2194134976383597,-2.5603062311050926,-2.5716877692344875,-2.157033626624396,6.115364600334327,-0.742015953517785,-0.7711365808883476,0.03245129961815366,-2.2166821382466835,-1.6387285350223488,3
-3.2767784242222318,-2.599072061414487,-2.4253397704350856,-2.0689644421124394,5.977672999175009,-0.7495366278665778,-0.7196186121850483,0.0030495902423241204,-2.1890275885021118,-1.5972049180440122,3
-2.874891469182989,-1.7087988320487366,-3.961235850674825,-3.279167282778713,8.306579844740295,-0.2785693039893283,0.10634311868102213,-0.6636668502448829,-0.28183723881534456,-0.7197586644789717,3
-2.941344540368954,-1.5373851534936962,-3.9430050005281285,-3.5477034480737974,8.348875907754852,-0.1956154811721148,0.3533079622163326,-0.6635087988366912,-0.26000599379961414,-0.5355518634795741,3
-2.9486688589309904,-1.3384703656580768,-3.934787159717853,-3.77016661614745,8.556698186526232,0.1065717635429357,0.7185497933975824,-0.8443605711927581,-0.06357071719965297,-0.2927415403561514,3
-2.9436587794532216,-1.3107430165668335,-3.8412622222786035,-3.903358608575557,8.570567945342766,0.18324531019773876,0.7715632565201594,-0.9449858207953928,-0.10268611784225978,-0.16164869090715603,3
-3.024195725906002,-1.3593800611821591,-3.76436728131168,-3.9688989552461234,8.585005832361157,0.23163814969503227,0.823980042583198,-1.0766737641198367,-0.1899469003558114,-0.11793132177565903,3
-2.997911245544125,-1.4224801162944642,-3.6464674986974024,-4.004911779122757,8.560841241300288,0.22551991862562107,0.8989232548732851,-1.3041095875024622,-0.27731445849465847,0.002279283276733015,3
-3.403509912435426,-2.042417085413615,-3.0694732523104413,-3.7955133042630393,8.323907116771805,-0.212174010396332,1.357587786576547,-1.324026696182221,-0.13020417136480145,1.6103657037179484,3
-3.3681976304451093,-1.8244241334211642,-2.6714649826088364,-3.861378706527727,8.03492093630021,-0.36299970887597277,1.6748740459346094,-1.6454999851739474,-0.04521595488709761,1.8620695818761113,3
7.272340105191911,5.054298170517261,-0.6924796869317399,-6.040581227297828,8.064031836629681,-0.7091769626149357,6.712194176718169,-0.07616675174364448,0.7277989962675462,2.372523484278147,4
7.301857163493664,1.0432025213436207,-0.6450215945496847,-6.3221434174931,7.036767676781791,-1.0037736407900182,0.2604566268114885,-1.0087521221084934,-1.2131235132040872,0.0826462185895359,4
6.808260216267188,2.74659238217085,-2.5480450794713017,-6.39251438071774,8.795721366294043,-0.8387303542957375,2.5582891789514095,-2.0326041651471902,1.3005967519260777,0.8864718501146709,4
7.517171327008454,4.338687763200669,9.063264049025753,4.7317558255094365,1.1210375975769795,-0.2379226376556127,1.1327664293375224,0.2597855806654825,-1.822841848569464,0.1007102705332764,4
6.863512571419221,2.4533895032219895,-2.4641620464439535,-6.294549265498205,8.32448779639887,-1.3117219397405568,2.0045577132656276,-1.618005359876339,0.7308164459386686,0.576590484501777,4
-3.397799065734072,-9.117652348584254,-1.7207579644442612,-2.411439443747905,0.9679656017502073,1.042693050415328,-6.239267772546052,-2.2272835490434537,-1.4410024098818923,4.4619971024611615,4
-3.7959106277643024,-9.089903004202878,-1.256208330249132,-2.3390979640785443,1.6761922602521204,0.6622568089508777,-5.794970109619086,-1.765185107466088,-2.214086294552555,5.392120664362858,4
-3.3587986956425198,-9.137179500305685,-1.70386029228494,-2.494054729070292,0.9580959671525213,1.0565612384398917,-6.199156964422005,-2.175351451186104,-1.2958261618541986,4.329644312657078,4
-3.2593099033654123,-9.344785794224116,-1.517533909347669,-2.926108399428954,0.9209252162609236,1.1465164406752308,-6.248042144788025,-2.3262038650742873,-1.5208870724180277,4.3779176925833205,4
-3.5664392370701514,-9.234545126318062,-1.1613610580722704,-2.968899114514306,1.4129221319912866,0.9174239783398426,-6.514655694382249,-2.0989116188066013,-1.886145942070263,5.107464242934531,4
4.833983738094117,6.240385343006792,15.924424404122165,-4.851952296209869,-4.4200175961116175,0.7949446405967329,2.783502024087032,0.2840151782526647,-2.1182671190590425,0.2546489647776974,4
4.783096541919369,6.0107168094973495,14.635115066151862,-3.5871609381000744,-3.4702313125180466,0.4977821950412443,1.8737251370478587,-0.0016818533431204672,-2.392437973299581,-0.47987463278307796,4
-3.9235467175313157,-8.90214868210656,-0.8536937679009537,-1.8242629857679875,0.3909818316903974,0.530711087554505,-6.221228715717767,-2.6359695675727117,-1.5973166317100238,4.66267062349048,4
-3.541971135828055,-8.045075497334054,-1.3359842724602027,-1.9550524863563596,1.9992040218376226,0.5419377167551332,-5.918768056420601,-1.0381873851088945,-1.967374114400543,4.125751950930724,4
4.731088511124997,6.079039381310445,15.371333840630786,-4.279789434765224,-3.95106798249017,1.179679603522813,2.4552595057853495,0.3396317644539339,-1.9258716369979907,-0.11585263917773776,4
-3.4395204077763393,-9.329090512070911,-1.16477394162964,-3.2335488424148227,1.1914311580978223,1.0784074040043903,-6.405037883324884,-2.180680299937672,-1.860505088882824,4.947287302104161,4
-4.9853634578985,-9.764068744605192,-0.2027332680197955,-3.6733141756662917,3.0141348590445456,0.025491232050376886,-8.19808587259376,-2.2819234263236754,-1.564669371054263,3.622331415977737,4
7.532234749005392,4.474042350338492,-0.3252588943249809,-7.770363318705497,7.830617952881635,-1.1800262793285252,4.60760868282254,-1.9258103853875872,1.2321528768967422,3.3907390062549467,4
-3.2816838051156982,-9.432807552000401,-1.3426994435817292,-3.1497381017454407,0.8440467009650127,1.2113147988781345,-6.208932740728208,-2.3766936779919896,-1.6171740945845248,4.673135917496626,4
7.536475572361135,4.259529880471811,-0.6474394203012812,-7.101702367547398,8.486046305686614,-1.4665118449776982,4.138490299694163,-1.6711599245937632,0.931456902530763,2.7649153101021993,4
6.180336052825061,3.6136667386758132,10.166617405347317,2.7528843648632546,-0.49936592919697276,-0.1552677150488582,-1.026875528657313,-0.6047741599547204,-1.9057173933396,0.13671078297922667,4
-3.656678476039123,-9.214142959732888,-1.2680503178428724,-2.5963010777229036,1.5671822354377467,0.7632365580256351,-6.265058452869533,-2.038099526041085,-1.9284281849066724,5.2322867331573795,4
5.613874542655707,5.625788169993334,18.293352408882424,-8.614199760306624,-5.441934764954417,0.9914457219776813,6.118380749734743,-0.6542784089968713,-3.310844886670455,4.558455098763974,4
5.952047406304706,4.816508291960249,18.73953784844536,-8.859732138992207,-5.404715875496374,0.24579028694659372,5.731454565705266,-0.6843491478487965,-1.8671775040062477,4.7163474245983705,4
5.7639945203265075,5.387345592656892,18.224228377989622,-8.657291435175823,-5.437163699229723,0.5587192610250784,5.822300614707354,-0.8464667734534629,-3.1844745359714324,4.443486583606588,4
-4.008138591806347,-9.468574931135313,-0.2746852412989882,-2.6578026510685966,1.3066683506431347,0.8459079388371916,-5.234253830657726,-1.9527995077463933,-2.8498749632600044,6.519041380094802,4
-3.9498677605113506,-8.967915304097636,-0.68122844213893,-1.880556422351927,0.3652756001163085,0.5068738277436265,-6.254244420425477,-2.6176722958119836,-1.555272839910513,4.640093599195425,4
-4.105239944390452,-8.843407167805982,-0.7618973719735623,-1.8476878080036994,0.4583310768060606,0.16695566412905125,-6.74235622402576,-2.383044112870318,-1.0860474975091465,4.476695551311588,4
-4.80573085461414,-9.946999849735464,-0.02664694098257327,-3.7964048291228316,2.478753252056397,0.06281288227453219,-8.309084935754427,-2.4511425633434283,-1.6277739246276774,4.015002862201536,4
-3.934570660365677,-9.369305426188047,-0.2400880210757195,-2.755917139580348,0.5727935290600368,0.16346688393851716,-7.339052802226992,-2.467725606655467,-1.3271665403073079,4.368493099307308,4
-3.684756235524561,-8.39908161847789,-0.7476544610116986,-2.271568459625065,1.726795503023304,0.448765071705963,-5.9363326185761816,-1.2316534822626313,-2.1643793567044227,5.302093890036117,4
-4.08539541249797,-9.05232704361433,-0.4631112247136091,-2.109070045831375,0.389327368573306,0.1391367818248496,-6.852371265359007,-2.400631229402668,-1.001049769783571,4.59370125026772,4
-4.037872639898883,-9.580167092173822,0.13932324744750987,-2.841687126195602,1.202172446221429,0.9053481939202686,-5.1282367609329516,-2.0429128540652375,-2.9784070245327636,7.122319066922986,4
-4.153484205028389,-10.015121930297418,-0.4043523731580454,-3.7301745596948965,1.1397904553073888,0.2636233027810567,-7.924937358312941,-2.347135829363167,-1.5992968287692735,3.8088426558614517,4
-3.976529125674962,-9.537435503542596,-0.13140970580219896,-2.708019855448929,1.3309100240718872,0.7980655456645399,-5.709279949779204,-1.9833653250320742,-2.690392060503519,6.653396574953687,4
-4.167377914838045,-9.944368296304965,-0.2993281212862102,-3.3903553597521734,0.8352612328070378,0.2843530244306662,-7.769606259440243,-2.4007529366820277,-1.306090850787073,4.273492488235363,4
-4.128932357335782,-9.790193798473206,-0.2685451740453687,-3.240184800694959,0.6839537936878459,0.28816600099478423,-7.747983108609349,-2.4041932660124266,-1.2155264270722248,4.4548046335125795,4
-3.992854794011968,-9.535129374386408,0.06446019795910142,-2.8437873923456,1.2542333343256644,0.8820726747394658,-5.585444716347706,-1.9427344879259036,-2.898837751850956,7.065834604910733,4
7.322393461923998,0.3087602160845324,-3.5001881239996595,-4.52285987159606,7.306879541967623,-2.1840716985389688,-0.5753889100171921,-1.1785623244566337,0.24134087179387848,-1.984089235384142,5
7.3597642695083225,0.40038790222485715,-3.344920109298003,-4.661136311463749,7.028941627686173,-2.2077407411859356,-0.4594039344649567,-0.8823548715045767,0.5184710833706218,-2.2191622442549335,5
7.26049806183187,0.4234193245726861,-3.427415463990205,-4.842258829881173,7.1656516407929365,-2.4045146997420153,-0.30888078821507553,-0.40154306641758863,0.41760358612548953,-2.1333250627507434,5
7.284543010656953,0.45505961669483086,-3.3434855351988846,-4.8212674864273275,7.185770126186476,-2.4224112475707096,-0.33145356301247575,-0.22927087543259977,0.40884370404250925,-2.0866094850653325,5
7.019260347670251,1.0820505892619177,-3.854942576054662,-4.8516690510756755,8.663385235475731,-2.4346061279371263,0.5943729169395934,-0.796151197139385,1.1875829531259565,-1.610165077373153,5
7.0499743676752615,1.096891779731206,-3.852959042507756,-4.594103181920831,8.716897353445336,-2.4777280451028534,0.6544896061253938,-0.8417216799498651,1.0103336712341717,-1.3820888850560882,5
6.993035858173437,0.949426920448395,-3.467643044058698,-4.2982273442305425,8.355155408800961,-2.501149709758521,0.437916993482204,-0.7562737438529952,0.7651988885579621,-1.3144728207919358,5
6.859511165989495,1.6747380658260842,-3.8131786497489135,-4.027294026997285,8.800408731512103,-2.2813953902413884,1.7557696319213125,-0.8677073876659847,1.8707959703851178,-1.0622887852154383,5
6.525932928410608,2.1465658537944687,-4.2293899701045685,-4.352400036688448,9.587873438623765,-2.1336408280352086,2.4023339755861417,-0.8944579786194299,2.2730778950552795,-0.6978261661523081,5
6.5825224082681055,2.3298679885836346,-4.373610544569629,-4.576294622199013,9.806735983367565,-1.9957897756240228,2.5917992360821382,-0.7542078007401013,2.4398851559192067,-0.6941769613326678,5
6.696964194600427,2.4093019755556493,-4.594490967063492,-4.832487585967033,9.832747439552872,-1.9529274838892345,2.5995867447806753,-0.6963701320181547,2.525147456704951,-0.7528582799804622,5
7.0685652122142875,2.4966240791051137,-4.674073362398273,-4.699339150845069,9.7756226478358,-1.7701561827569325,2.957508931602687,-0.555758833639382,2.8892580129957954,-0.7900624858983201,5
6.873795531470158,2.673892386426913,-4.66782184495779,-4.746423677757213,9.803867451741159,-1.4672790468403833,3.3411543347135906,-0.38331308318435725,3.076430698496488,-0.6225028080199703,5
7.124635010291427,2.890159829246949,-4.837338532427065,-4.6031039293269735,10.030994121127346,-1.5566849106983598,3.7303043501317568,-0.20526703051297568,3.03599658262118,-0.35575778865362867,5
7.08133371568667,3.196210490706947,-4.886779448067929,-4.795615054568372,10.189729942969755,-1.3876687534520475,4.280727811745368,-0.10907651830974581,3.1049119231602704,0.048363004741834636,5
7.261880008025166,3.3089062888591165,-5.003882814419117,-4.943626732339756,10.077359399902575,-1.228896162032148,4.432447503329892,-0.013825895717633374,3.244451102862974,0.31183498195644443,5
7.313411834422974,3.059945973752587,-4.897957439788366,-5.02595899897425,10.202462448372595,-1.297271808293221,4.3815143174932185,-0.0346704666418418,3.3794917597680745,0.45963034788630386,5
7.3202771220174885,3.0534147656350257,-4.882185073125902,-5.060621580604546,10.252552631121365,-1.3132251803309705,4.407111321257208,0.046020138389824806,3.43722020614828,0.4848985214125479,5
7.449029467308978,2.982484259276468,-4.807551041520434,-5.278958939590257,10.131061563991857,-1.1606619313524766,4.398629028360523,0.114037145884307,3.6009770238836056,0.5740350193263002,5
7.232290935025516,3.016476141594615,-4.767599616042428,-5.419655643009921,10.198859948740147,-1.0794399967027746,4.515146019662735,0.13934748699373645,3.5218695674836678,0.6980729727597146,5
7.197950206441522,2.953122329265409,-4.673011741393011,-5.392105771148431,10.421993297117552,-1.1912784768396985,4.517965437113428,0.36906374387714797,3.3992199008361212,0.7097562682767207,5
7.173594571169912,2.952138628704704,-4.582335273944373,-5.403666377127865,10.48478956316062,-1.1692463751572821,4.6166478135725155,0.4578342684164996,3.331504818233691,0.7772420362830104,5
7.107897488724152,3.1787983046853583,-4.388947834594439,-5.551319568180505,10.548789580473873,-1.2264654422451315,5.0053348834245,0.5882994824067496,3.2951827300774066,0.9628800248414345,5
7.163532545731378,3.376170429165358,-3.6176271130319266,-5.210094010182531,10.281502941127126,-1.1490550048851684,5.688670990630839,0.8849797413775395,3.492876222493633,1.6615064338666343,5
7.166808232427106,3.3300714505496773,-4.084085698614902,-5.523615935148374,10.402878039757573,-0.9902641226622793,5.57548407854291,0.7085830900306186,3.3615790728684933,1.4402087535023427,5
7.151698114650974,3.3743132730725733,-3.8424287911014714,-5.434199752084467,10.369350257675926,-1.0230731466377991,5.669760338651419,0.7909396423361039,3.3741639267840893,1.594132263747993,5
4.1841465120709,-0.9190844457855629,-0.9959847223997198,-5.39285422169886,5.974628667225216,-0.30503433138494424,-3.4576820730658433,-2.686758894921918,-1.615306602231428,-2.2735255007241384,5
7.340418029415376,3.898448685846447,-3.39991428182003,-5.072376881703118,9.594556366303989,-0.4574901108496062,6.44752546220631,0.6509537000113099,2.7737890018944746,2.1847727269138075,5
7.590416736645042,3.764609570557025,-2.8818438824374346,-4.842045109943008,9.521322126397852,-0.5371174388594805,6.577354924090888,0.459511228212592,2.967914918953932,2.064195524588015,5
2.7823648724857883,-1.6361508318082543,0.6890663367496104,-3.5151756023223393,4.191444253678751,1.195607676707615,-4.448036607269031,-2.50490130183682,-2.764977882781338,-2.053936256596046,5
2.9234942125712657,-1.594541723798356,0.5980134563486373,-3.5382101079721555,4.350426629640033,1.2111144493926138,-4.181191401593997,-2.3055662357342905,-2.6801488444887593,-1.8142451766285177,5
3.0096386258072285,-1.4495520627626888,0.7579174473077218,-3.775072552229181,4.175183816137445,1.400163005071675,-3.8956441406718394,-2.2701099081717966,-2.5156250006116254,-1.958446316877468,5
3.0870421895660605,-1.4459553224415556,0.5574013181215852,-4.071318850021492,4.294408180746748,1.4223005005859406,-4.264758989616816,-2.2248867034588606,-2.4211916976746544,-2.2503062497607336,5
3.2812094660108495,-1.6198913318692438,0.39408392688609206,-4.098980116489941,4.3712689966115414,1.5736875892570048,-4.140952417590603,-2.366441658848628,-2.3429814293906133,-2.209998686572166,5
3.3502041452220617,-1.7024233125534745,0.067973483372282,-4.626270168230036,4.823770073529487,1.405090534044222,-4.100684608051852,-2.7937088359321245,-2.229147828816662,-2.460704681011893,5
-8.984948546129695,12.159729161993813,0.2889188074301945,2.576006253219848,1.4782505373184818,17.193164419705806,1.3487112165351711,1.069313385379445,1.3449659507410057,4.368140694390747,5
8.793767567025869,1.5221270267561733,5.657861605776746,11.626064678168193,1.9692233132664672,-1.1679367655661723,-1.4804969093808849,-1.597569791607728,-0.23434059904367538,-1.4028014325756943,5
8.748502645061865,1.4854008100611014,5.638447930916296,11.654614183242327,1.9474315843321421,-1.1500683696831082,-1.4928533071719525,-1.5942060567675855,-0.2923122471602997,-1.4219033596661041,5
9.641632760282322,2.22368021849007,6.19620926194686,11.61476529271165,2.023088598725377,-1.5764393231372233,-1.6206988517690166,-1.0596897017349958,0.30156177002640333,-1.3116062972562108,5
9.4652052511723,1.978948805361833,6.022421760668547,11.538179988994118,1.9918055381029596,-1.4309391886104297,-1.568498996477551,-1.2584889321304358,0.2747786316833774,-1.0826539995818898,5
9.389508175478033,1.9256283737748916,5.988438707524246,11.58603309539478,1.9980744386801395,-1.381271842062158,-1.5666058465581227,-1.3606603035011635,0.16784426853379372,-1.1455163924245757,5
8.497374598825925,1.4101551481286265,5.639269714421611,11.597626306961354,2.0133526999521307,-1.1283430462181858,-1.4873100732216993,-1.5992529340500712,-0.5495936940446055,-1.4720815559464484,5
9.697765090383212,2.3211075382879263,6.387310642091059,11.576731107712678,1.9665710229497024,-1.662791895525763,-1.6102007283357558,-0.8157986939875547,0.3325141179933787,-1.5710542753204455,5
8.682917526318162,1.4853051906826156,5.751835138229602,11.692648809179678,1.8708291292864707,-1.2076767286102243,-1.5490254229522449,-1.4095619433419908,-0.4273097319735784,-1.5695376188474328,5
9.765075833053306,2.405054315551845,6.424076527451251,11.568494303924176,1.9975687526781702,-1.721197742845942,-1.6600907232194826,-0.683091384905151,0.3996759502242215,-1.5857823976259984,5
8.951132590568614,1.6635702257091864,5.817851458717453,11.61662847870966,1.997273174076148,-1.270175022646136,-1.4900157176362259,-1.4680329490087014,-0.1330429233122123,-1.3471316543497383,5
8.727340889212403,1.4966388866326457,5.714974471411867,11.66431374707218,1.9168822434170654,-1.1810104465110856,-1.5235607384778496,-1.4898743653034852,-0.3502111109992075,-1.525140656035945,5
8.712741619421035,1.4966695074718794,5.741235616801993,11.677624998865817,1.9004400713843064,-1.198761862810072,-1.529587756427387,-1.444116126073716,-0.3972813612567516,-1.5556266328313217,5
-6.715158269354683,-11.183594763078947,3.688698175691041,2.221395215788256,-1.9132457598931751,-0.5369318114205689,-1.043458697795975,2.6522110856129277,10.149183921872957,-0.3622001047980275,0
-6.712392788335606,-10.421961500310216,3.727063795527196,2.8773538723767618,-1.8421748833886573,-0.49803156466662646,-0.9243072190549,1.443234441435623,5.811416095942354,-0.9660543594591081,0
10.508453967885439,3.054130930893976,-5.727179228511664,-3.2157566405904263,4.330957229991734,-0.7478419104794031,4.046568971714183,0.7811580732182829,3.55022776695683,0.5090085848931122,0
-7.002354376038426,-11.064832737373049,2.8046875192622385,2.8976896841987165,-2.3116720998119,-0.5407832191241209,1.9383069274111073,0.752866772002457,2.8905720759837616,-1.0920362446069598,0
3.278607853203076,5.910371132168517,16.122926888581095,-6.847620059509508,-2.4788395269823646,-0.8744917497897305,-1.558301025761854,-0.5229423745123696,-0.1208844072639754,-3.3410823528617914,0
