-0.13351131039911476,-0.1944875027139201,-0.10464303462986524,0.0,3
0.015890307561253956,-0.39292843316220233,-0.05197226239481312,0.0,3
0.159198567704779,0.06225593653594771,-0.14336964898536134,0.0,2
-0.07726406021822467,-0.4044916034370452,0.09914463425150351,0.0,3
-0.3612718561345227,-0.13799050060713072,-0.009460439194205087,0.0,0
-0.22144012137297445,0.272158030037266,-0.10145281982097354,0.0,0
-0.19646135404508575,-0.013581656610411807,-0.10929807504994313,0.0,0
-0.08544542967095436,-0.27151969357438205,0.0019633529330890325,0.0,3
-0.06806777321573335,-0.4443756457824667,0.03608171427522533,0.0,3
0.2844889674232021,0.10548654201070796,0.155701466627461,0.0,2
-0.022248809375553156,-0.320323080441101,0.0017456470524485148,0.0,3
0.1380597799899505,-0.1581903947818114,-0.04810844376247722,0.0,2
-0.2076603609415033,0.068799501646547,-0.012714489800779565,0.0,0
0.021065304017559433,-0.29368370292904306,0.05624751513351384,0.0,3
-0.24190249282564738,0.28010053830742426,-0.05477708679942088,0.0,0
0.023894300524339922,0.1510096685537311,0.0157237614917045,0.0,1
0.03629558439542508,-0.3403951634198235,0.027927847457959423,0.0,3
-0.2661333775218741,0.278943479048801,-0.08532030148206195,0.0,0
-0.03511513860955441,-0.04163095050009935,-0.01125371527413102,0.0,2
0.05898184506562545,0.2022499337487999,0.09566889999329155,0.0,1
-0.20219390883533153,0.2093325691046513,0.1035935230053129,0.0,0
0.003921872912269069,-0.036050483993013804,0.02555064867898912,0.0,3
-0.22022883520003772,0.09231491709496768,-0.23282764584955748,0.0,0
-0.11959254378830315,-0.13372781587274077,0.0785732240416961,0.0,0
0.20804102280856315,0.04869741299550392,0.07556392951676308,0.0,2
-0.07922509423995668,-0.253746874734826,0.0666333986979745,0.0,3
0.04134603325071965,0.01177519342095576,-0.1279879776308096,0.0,2
0.09362102858539578,0.21729915233277142,-0.21434924375139672,0.0,2
-0.2906315935853431,0.3384875196330542,0.1007887934808283,0.0,0
0.05474138666968543,0.3181688991083246,-0.05385951044106062,0.0,2
-0.009811549515076352,-0.4039426356553183,0.03894857784857081,0.0,3
0.006349994198093053,-0.2189497530733104,0.1399461328665448,0.0,2
-0.02892498631648022,-0.031197544546832805,-0.028965410635040503,0.0,1
0.2630034441891802,0.14287849347499257,-0.22248633473006266,0.0,1
0.1103316719164924,0.30285319635036,0.07521280726075447,0.0,1
-0.01193457287385698,-0.29761535819997476,-0.25467797643355294,0.0,3
-0.16535058997240112,-0.019941770646206947,0.11813065590868375,0.0,0
-0.050792449468660295,-0.4374074415071112,0.020406200218549525,0.0,3
0.034146632301491175,-0.08161800773731874,-0.060073720131105846,0.0,2
-0.22095298515238082,0.20526299672183834,-0.001436630022377658,0.0,0
0.18059736026151232,0.2679476052513385,0.04609107107985226,0.0,1
0.04094148236192228,-0.2042949084578525,0.05818963630606363,0.0,3
0.0547817283459882,-0.4463592116083073,0.04064859784666415,0.0,3
0.13980884741792143,0.12903888619953674,-0.0949251708277346,0.0,2
0.32826403713143226,-0.0590019559053004,-0.31605584072758486,0.0,2
0.002540230928302839,-0.5110872972626193,-0.13301764264383692,0.0,3
-0.07604031134795178,-0.4688513250748872,0.12701770041522234,0.0,3
-0.16126367528395963,0.09230867696025935,-0.08012910094471826,0.0,0
-0.19022306204432696,-0.4603931336931526,-0.04998129022597925,0.0,3
0.10070910874221814,0.09479143198947197,0.02570954128346326,0.0,2
-0.001154752776879478,0.2014565296491915,0.04522339848315915,0.0,2
-0.006557824492257193,0.1799415945290517,0.002762428621186959,0.0,2
0.13116207872069163,0.1921472807461138,-0.060981380782702585,0.0,1
-0.19673736467859543,0.10912908040824448,-0.3235827284965016,0.0,0
-0.059756089642583894,0.5455572877354518,0.19272239238638078,0.0,0
-0.004145002215478398,-0.4548166601027658,-0.08481732271882009,0.0,3
0.23766252181529157,0.1380965452969508,-0.06473113823525997,0.0,2
0.037875491578128584,-0.37702566161304024,0.07002348232588496,0.0,3
0.2775855701776862,0.07975497502403434,-0.09610238376042694,0.0,1
0.11549237041387146,-0.3196722414854353,0.07825762492853455,0.0,3
0.13894677019589363,0.0011337277741065104,0.1962597589866835,0.0,1
0.08290495711054736,0.0954020538142361,0.1879236441538551,0.0,1
0.004531229373680511,-0.332793298793599,0.06256060989071933,0.0,3
-0.14070927960873966,0.04688534703123955,0.049772278102278106,0.0,0
-0.16105215421145255,0.2860964958197258,-0.044379764864193386,0.0,0
0.15329231592559064,0.02371390261756797,0.03018245446364112,0.0,1
-0.15026201111996138,0.04002736240836112,0.07738326677419342,0.0,0
0.016122823486091613,0.07477256423169591,0.2827034816462548,0.0,1
-0.14704480419392774,-0.3210482639097921,0.13358179765521097,0.0,3
-0.26621936957398257,0.3561845712237085,-0.01827150951538943,0.0,0
-0.14869604452062546,0.02695793948685165,0.19516902219925533,0.0,1
0.17480931573517214,0.0888215122302969,0.4580762602253087,0.0,1
0.20325598314411847,0.12417969409736723,-0.03252025345600957,0.0,1
0.18893655125542816,0.05660638713658032,0.009097234124364459,0.0,1
-0.008384478627697863,-0.381098281307337,0.027314765355939272,0.0,3
0.12358786938706898,0.0854508549451741,0.15743956612982168,0.0,1
0.06561046187571397,0.20032498260451906,-0.1414991303978918,0.0,2
-0.11670847342235681,0.25318659403909094,-0.2540036183028849,0.0,2
-0.2596968279284682,0.27392293144422786,-0.0055379002880164745,0.0,0
-0.15828202822471035,-0.0647350277408335,-0.1075537219868794,0.0,0
-0.23775923833965876,0.11515204716490904,-0.008755051330706197,0.0,0
-0.2969620270113015,0.36198973405670715,0.05958767578862778,0.0,0
-0.1321432838511101,-0.5446482342249038,-0.016683908578701386,0.0,3
0.22991732556321776,0.03194514498862161,0.09344725674601233,0.0,1
-0.2639812642566818,-0.0331018886639769,-0.031061117413059787,0.0,0
-0.18008826646438603,0.3469485375601943,0.0795181107937494,0.0,0
-0.023262311568824346,-0.47141745530286805,-0.07169826483455449,0.0,3
-0.05704820390860155,-0.4616301259428042,0.10132869433631046,0.0,3
-0.15262445735606334,0.2726147522048145,0.03193274115010489,0.0,0
0.16283438241276119,0.01320455035970006,0.03655886994782123,0.0,1
0.1532332960908768,-0.05664873418856322,0.04718082134936323,0.0,2
0.12706249110561899,0.22303213652892187,-0.1295139323611506,0.0,1
0.12942746052639884,0.1642751532298988,-0.24941034990159874,0.0,2
-0.04026908248314077,-0.4596701121464455,-0.03225546935611479,0.0,3
-0.14974395720400882,0.17245843669880206,0.03182782078716122,0.0,0
0.15902231544029669,0.25826363753858117,-0.007314089484600907,0.0,1
-0.037490857116509506,-0.09302500565608524,-0.05257110426898846,0.0,2
-0.169592186124116,0.15680793863488382,0.06463428620406293,0.0,0
0.24102149812632942,0.2466391663408342,-0.13602437009948282,0.0,1
-0.1926289601835074,0.1211782508806884,-0.03311738335061412,0.0,0
-0.5838793488241097,-0.02960595343286443,-0.010596703965680175,0.0,0
0.02318308725157364,-0.28010377219976673,-0.0017605708470731828,0.0,3
-0.08954991203026329,-0.45753841661848405,-0.06767603790264416,0.0,3
-0.09333056963075945,-0.5829030705451235,-0.07445187180389705,0.0,3
-0.3270404393414553,0.4408714284092488,0.05270655081367536,0.0,0
0.10479699734850634,0.031161058963010066,-0.16913807663087896,0.0,2
0.26898847318514063,0.06000073093950043,0.07809792867386409,0.0,1
0.14117313394204425,0.0237094506260203,0.09629356292786168,0.0,1
-0.09741312991162827,0.20042752138997236,0.15231861801926314,0.0,0
-0.24163326040749925,0.38992981275981986,0.09687775421321926,0.0,0
-0.04906046486847162,-0.3898027023363325,-0.018506755926210764,0.0,3
-0.013972906844117873,-0.13977139246972112,0.011930906474357924,0.0,3
0.14828724820984773,0.1882218968123678,0.19785435970716495,0.0,1
0.222426681767738,-0.2058875005653783,-0.17848713225306617,0.0,1
0.0728897802708983,-0.5152662830228715,0.006218545051593051,0.0,3
-0.026624063584837866,-0.35331843749847036,-0.08042212278458806,0.0,3
0.12549304931098373,0.14356947089822547,-0.13106458694908726,0.0,1
0.24840031250626202,-0.02189731121224367,-0.15496947343909626,0.0,2
-0.0488375241165231,0.18034999064799406,-0.01805979309998558,0.0,0
-0.2878582503461876,0.12979847684934145,0.0835500075704257,0.0,0
-0.014443638074362128,0.202101394128694,-0.11226818754073033,0.0,2
-0.021815337015221325,-0.14477178754736375,0.0317367906210613,0.0,3
-0.02473220502594162,-0.34037169585319044,0.023684378959942395,0.0,3
0.17132425498991707,-0.1542787663742837,-0.02799277651875108,0.0,2
-0.08950831983386166,-0.12397109939502339,-0.007831509837121118,0.0,3
-0.09306779222324216,-0.1963139562854293,-0.08591915555538704,0.0,3
-0.22116725175963894,-0.08211345924090757,0.04587393451131524,0.0,0
0.1477774499841793,0.21095585369364686,0.16646127714718498,0.0,0
-0.0905513265571491,-0.5012901136836785,0.019266381155437873,0.0,3
-0.12262976626787636,0.3407176778832875,-0.04836057063461465,0.0,0
0.1597883231333451,0.07979669951598316,-0.28399825002797013,0.0,2
0.1111470152933892,0.09671486322989645,-0.04517425771569765,0.0,2
0.2942537968773746,0.18330627729616825,-0.24361883063813433,0.0,2
0.0006507266644776788,-0.5476878707518611,-0.007336605536180785,0.0,3
-0.08311972106323869,0.06133365111878654,0.2176147777690285,0.0,1
-0.007857465032126887,-0.3888680513799652,0.15264280198638355,0.0,3
-0.0919543111041589,-0.18879014018003154,0.06205541722499265,0.0,3
-0.020204850552863505,-0.2181880376907243,0.01743238447760242,0.0,3
0.06318721466234015,-0.23878058605522748,-0.12498905238617278,0.0,2
-0.11864737326553375,-0.349212456416948,0.05257133068321279,0.0,3
0.2077402560879544,0.07233646475988026,0.08605824872897577,0.0,2
-0.06953238732220031,0.0980580760998476,0.04632043119718096,0.0,0
0.2355958010271257,0.0035357730349780433,0.04830418496045054,0.0,1
-0.1522949700837816,0.06565221149131054,0.09885217558375696,0.0,0
0.08085124837215572,0.25526876377358615,-0.022348785668433336,0.0,1
0.2273665656040991,-0.005712848959088829,0.2644180401705717,0.0,1
-0.038946892890282865,-0.5093775866219059,-0.03356264535614925,0.0,3
-0.050966578968929054,0.018341385512850868,-0.05471593765042767,0.0,0
0.10005438357796632,0.2035910281279946,0.18034941441319596,0.0,2
-0.08938699930540156,-0.37716935716847383,-0.15183422300759705,0.0,3
0.2670644738182668,0.06646369801366465,-0.09224003724898405,0.0,2
-0.23477571335021516,0.3764597943684889,0.1382781246616814,0.0,0
0.05504183404079094,0.16775834117368402,-0.1796707932934779,0.0,1
0.22230236251102967,-0.016414015461337594,-0.09887728089709646,0.0,2
-0.013593428923682637,-0.31140534257657926,-0.052514488785564056,0.0,3
-0.19054182147312362,0.3198864027150754,0.10135832629517698,0.0,0
0.12138641189714294,0.061179398464091254,0.0023500095387167953,0.0,1
-0.1177963877176933,-0.6076177921114861,0.056336610176619735,0.0,3
0.05509236653909361,0.08729135095653162,0.04306675742103014,0.0,2
0.06433069370251436,0.06518317929864595,0.017258044980761354,0.0,1
-0.0157320180175347,0.10710226334979103,-0.10045317391217468,0.0,1
0.3499291683844176,0.07520479592304995,0.08598391803048185,0.0,1
0.20802660216210647,0.08075356958504437,-0.00762462064188863,0.0,2
-0.12879330975551426,-0.23009083270097117,0.05705112009863705,0.0,2
0.020268848630171327,0.03137461114536286,0.12353041463279332,0.0,1
0.0910565239795514,0.34278191627737997,0.047221622364503404,0.0,1
0.15599769430730506,0.06658753181934668,-0.04381802067054687,0.0,2
0.2571638706118128,0.057843536990717065,0.023780451370407064,0.0,2
-0.3126379998787663,0.12375685583116164,-0.015226736357377132,0.0,0
-0.035659492045413764,-0.6132358136321368,-0.058358748056799484,0.0,3
0.22051522197108964,0.0976939904961524,-0.011646173218051638,0.0,1
-0.20692955679167274,0.2434932782038249,-0.11811676025154882,0.0,0
-0.08581451318905725,-0.2630943518689906,-0.12374460891679584,0.0,3
-0.11502215463872546,0.5072374089063549,0.03420638619271917,0.0,0
-0.1210747396656409,-0.531722842574467,-0.045674961705254175,0.0,3
-0.2594980928514639,0.15629570692938716,-0.08513725038380955,0.0,0
0.17397186841231232,0.46376580003132495,0.0903511558762293,0.0,1
-0.10548762715674764,-0.1686607629169622,-0.02250384494372725,0.0,0
-0.13722400970392742,-0.02769080746262066,-0.17503473975990383,0.0,0
-0.15661271252933398,-0.23191144650607431,0.13849755790999024,0.0,3
0.18400401672861139,0.13364051841961946,-0.18472915400720727,0.0,2
0.09683832828734214,-0.07333493474457758,0.22053482325511178,0.0,1
-0.20208612931095948,0.005120604411720799,-0.0729907753633932,0.0,0
0.18332204927075174,-0.18923864139971236,-0.061472339521779495,0.0,2
0.18763772267918585,0.02549443422128969,-0.3229645725749356,0.0,2
-0.24553920563121287,0.40349816741854133,-0.0993841793560272,0.0,0
-0.16271460541014637,0.36542909290217324,0.03486373060959946,0.0,0
0.06392917083133406,0.004316940460738876,-0.2134425259872153,0.0,1
0.08079679348408715,0.04385329480781929,-0.14049283018177716,0.0,1
0.11758911452101993,0.21810689508436687,-0.10536691847273723,0.0,1
0.10282359587333512,0.16031456850897333,0.16105517910832262,0.0,1
-0.08150408118863418,-0.3270677989887376,-0.11307282034291025,0.0,3
0.028821316460623723,-0.08076893637482715,-0.05906927119843124,0.0,2
-0.27673753492592573,0.31038837826681664,0.09674750597980648,0.0,0
0.13826056307475174,-0.020861220141018898,-0.1634658040684583,0.0,2
-0.1485181047624628,0.2183263508088808,-0.0005249044141062303,0.0,0
0.2385695017307186,0.23078583305363845,0.04683569549575855,0.0,2
-0.252066252673256,0.16227044826957165,0.07651194252738915,0.0,0
-0.14183684327483093,0.15083555388986766,0.11275519139071241,0.0,0
-0.2089433378254078,0.07821657497590506,-0.004191215396269281,0.0,0
0.03976716099466626,-0.3850402898413458,-0.05338187694333321,0.0,3
0.1691699069268893,0.2823185177534603,0.03688611478500508,0.0,2
0.12868043166102602,-0.03904019730514904,0.09261663253965502,0.0,1
-0.00986337522298438,0.042057317488378494,0.14521762245541603,0.0,1
-0.035517561961220634,-0.4371263148960721,0.04057502580786883,0.0,3
-0.13824815179801186,-0.29690175063231944,0.10137959269007549,0.0,3
-0.008491642323277076,0.09667611374908021,0.020982250070849376,0.0,1
-0.20410289503405346,-0.06695522766007178,-0.04802377086092008,0.0,0
-0.20041325501930699,0.12012324174631671,0.022275588239612298,0.0,0
-0.11292461790082031,0.002889959165648947,0.18350421598026306,0.0,1
0.23230323681852802,0.18504136263817297,0.07085183702885228,0.0,1
-0.07685956021250774,-0.23241122333434042,0.11943384856936068,0.0,3
-0.1979169732756193,0.08759424957173871,-0.08688652302133587,0.0,0
-0.3507706279329815,0.4175735146586591,-0.08406114743205152,0.0,0
0.08875103333235403,-0.14798265376361158,0.00574954164464114,0.0,1
0.07124034973209195,0.15379898787476137,-0.09889483902354348,0.0,1
-0.02494959835785306,0.09036315123972176,0.1161324273812544,0.0,2
0.05714722903942914,0.06354388116128984,0.08620231476719492,0.0,1
-0.1257244998097704,0.091647637437735,0.023944709649460046,0.0,0
0.071172318527929,-0.4127117164346949,0.0921521021838088,0.0,3
0.19894884220712813,-0.027165340965730988,0.25800611619792085,0.0,1
0.015443830258900107,-0.4361579059137696,-7.59719275991204e-05,0.0,3
-0.30015451373255686,0.2685728585241784,-0.01177573116869246,0.0,0
-0.26649254035992626,0.08311387719134541,0.11373626658333667,0.0,0
0.031334659667854266,-0.0020500060129125756,0.03486484153190476,0.0,2
-0.1154049074671007,-0.5968145474230201,0.07924497828074431,0.0,3
0.1620493152999888,0.15873144742560044,0.03270765261017425,0.0,2
-0.048952255527236456,-0.29367891984271455,-0.10845539735469208,0.0,3
0.17443157505678275,0.1422337464802209,-0.06965239868114378,0.0,2
-0.09032404669011425,0.21047947768390476,-0.10623885679875468,0.0,2
-0.03493065025867765,-0.1731426708967449,-0.15499464027719875,0.0,3
0.08771568424354918,-0.1155997167299481,-0.1832501518106337,0.0,2
-0.14797262601801037,0.0572286596407095,0.10188633664775093,0.0,0
0.14730330076055836,0.11039892166271897,0.07076283711245566,0.0,2
-0.13691463615766547,-0.26826373745963833,-0.20628978241181517,0.0,3
-0.0881151332989473,-0.39279373986809457,0.051208155885243016,0.0,3
-0.2083261864641658,0.21727469120007722,-0.23527586373754492,0.0,0
-0.10819588314467994,0.2156630378815548,-0.02095057376703567,0.0,0
0.06703307462055821,0.060712362784665644,0.27334898305264077,0.0,1
-0.23321748217929428,0.18571807218420588,0.15694653479874435,0.0,0
0.10083216684873011,0.3009039643412392,0.00017119678941473443,0.0,1
0.0473430639589447,0.21766467365098915,-0.17149294797969977,0.0,1
-0.07817895655751601,0.16103967236072994,-0.07401736872832537,0.0,0
0.2492813400346633,0.16573611481264497,0.18971484876839165,0.0,2
-0.14376532837040618,-0.3966115371653612,0.1357635156149306,0.0,3
-0.04743819601793358,-0.29424119200530396,0.09460021989036684,0.0,3
-0.2606367757655583,0.1563603616428179,-0.13067831113439932,0.0,0
0.1576977099427203,0.3278062780101844,0.022492537483950085,0.0,2
0.10617501122920357,0.23692294358130042,-0.11838339677973501,0.0,1
0.1103475293743207,-0.18068741705069083,-0.06339286001274529,0.0,2
0.06480068362956658,-0.43771242032526037,-0.037510346516642736,0.0,3
0.20832982110536177,0.1597653512916396,0.03577423766028488,0.0,1
0.022017082680948787,-0.3281402249555183,0.019660884751879715,0.0,3
-0.1913702903598268,-0.0678195344161555,-0.08152933630130006,0.0,0
-0.05181683756933512,-0.41399688895219483,0.0834651065791268,0.0,3
0.21081625670641302,-0.03248739126603337,-0.20975414445046361,0.0,2
0.12380794971281622,0.20218855191683335,0.030319687835862707,0.0,2
0.08976171407527464,0.18211126416963502,0.01419187719793097,0.0,1
0.1743667290884204,0.07973806730667714,-0.09853310014654322,0.0,2
0.15372333058045232,0.12952774874724018,0.3865335360246997,0.0,1
-0.020100850696422794,0.07371278539248703,-0.053727934487552156,0.0,2
0.2072336953598071,0.29708213714449766,-0.13748655466258655,0.0,2
0.0709639084499775,-0.43426826954511083,0.03116097447955864,0.0,3
-0.010957598445864542,-0.4680691006167347,0.07958362636558679,0.0,3
0.20585174775333787,-0.14549922896171957,0.07747544518048163,0.0,2
-0.14276258082357896,0.12128190987228443,0.18682275127978942,0.0,0
-0.15802294458712945,0.10763925720474891,-0.11879209347631897,0.0,0
0.21934053754507535,-0.0433605142455839,-0.013992468801123833,0.0,2
-0.01051713839602882,-0.3442229843899678,0.0766043381784557,0.0,3
0.006894757987787805,-0.32422141229013685,0.13050265918917714,0.0,3
-0.36286291519782465,0.15967803181980372,-0.02625513491898944,0.0,0
0.07746735309466028,0.06987286292108234,-0.15308966305191826,0.0,2
-0.1432759777825674,-0.6841730555029846,0.22553214144300854,0.0,3
-0.06878600747753676,-0.30067220476369877,-0.03621061994111612,0.0,3
-0.11657586281119466,0.34352570913333985,0.13691453921399993,0.0,0
-0.263114560304584,0.055019355240731684,-0.12787588426269783,0.0,0
-0.13999326231992684,0.07077710684292685,0.09239940422143927,0.0,0
0.13245135468025815,-0.07467361281110417,-0.028839871009510434,0.0,1
0.26698403148956346,0.03791311795445939,-0.007782236437905549,0.0,2
-0.06173556426324539,0.1228407457539926,-0.1717844156378953,0.0,0
0.0742235880085985,0.07458590072709802,0.04377340412528079,0.0,1
-0.2186325894913174,0.10878848003106353,0.187897474112614,0.0,0
-0.2340836381796754,0.0667798484046427,0.007100385477171358,0.0,0
0.4218138711965878,0.012500135263723847,-0.2504147794136548,0.0,2
-0.035937922154907966,-0.3112539828462606,0.033217990420913585,0.0,3
0.1351171961997434,0.26176899379624574,0.20745042070132833,0.0,2
-0.10844403262745586,-0.038586145770796575,0.08900993021261489,0.0,0
0.0728312307421358,-0.40712253889659133,0.10340090632629878,0.0,3
0.20517328679714306,0.26963450658253096,-0.09520722901015884,0.0,1
-0.03936194983513617,0.21008771905134066,-0.18191670457167483,0.0,2
-0.11723299781917339,-0.5146340588281132,-0.04311447387256078,0.0,3
0.18150852312616456,-0.3756995247945725,0.14579229639913038,0.0,3
-0.28218447866382623,0.15621339293406442,0.069640193030148,0.0,0
-0.008082244588278475,-0.3895499994391243,-0.041350202136246864,0.0,3
-0.3337581610543946,0.29499623584273255,0.006582392978814685,0.0,0
-0.04998566327774951,-0.024439669217074363,-0.10807669399877898,0.0,0
-0.3238621984836011,0.29663254143315726,0.071718132569515,0.0,0
0.25914861384991056,0.044088185588498294,0.03463451774220536,0.0,2
0.23499024161118265,0.1607642926039421,-0.14482323644674067,0.0,2
-0.28540069437896987,0.1504815465902852,-0.08628661927113117,0.0,0
0.06616000465404583,0.10957553102451478,-0.05227958270836276,0.0,2
0.14035325107025604,0.03003396080877044,-0.044489091924055715,0.0,1
-0.26734853456278007,0.05088403682490795,-0.017914408366042762,0.0,0
-0.006209227263351723,-0.3654555386217992,0.021035975390830054,0.0,3
-0.1820451050872561,0.05993120360515037,-0.030103637881436156,0.0,0
-0.16687631389574298,0.03482239469931756,0.044752894796880695,0.0,0
0.29181088842680364,0.04097772812692287,-0.3152256697942943,0.0,2
0.16906428221936712,0.14894580880997751,0.08232610280096565,0.0,1
0.1910965766127094,-0.010568344673702327,0.02839541538779975,0.0,1
0.30272237511698713,-0.012106203889625588,0.07949789948915499,0.0,1
0.1105642469507469,0.23591543631141743,0.08750844156503855,0.0,2
0.029806435237265193,-0.4295566805825702,-0.194854563722278,0.0,3
-0.0515833364482438,0.143582748282119,0.08310676807447452,0.0,0
0.26172916410572933,0.1576927277211568,0.03612806905950114,0.0,1
-0.15682907542989258,0.11507733154238017,-0.1669019210628099,0.0,0
0.004744762323509112,-0.4647705347018152,-0.028973636506201036,0.0,3
-0.08748062087189284,-0.5699986312088313,0.005256774129669694,0.0,3
0.34561602877880837,-0.009465894482448363,0.10768193086936327,0.0,2
-0.03136916030349884,-0.1980814937837951,-0.11106553247624457,0.0,3
-0.19891962997251234,0.33277744536177883,0.036562402058622996,0.0,0
0.11670862826816723,0.12679062956992496,0.0043414174108768215,0.0,2
-0.22479023827271805,0.11388317598424547,-0.10081384898523604,0.0,0
-0.11735619274675439,0.0932334470942119,-0.03358889018611405,0.0,0
0.15929946514968113,0.14867803509734415,-0.16401304838333114,0.0,2
0.17935041248148262,0.14299074443490353,-0.2175737298945454,0.0,2
-0.12389999122999591,0.18068951659648208,0.025426010789532574,0.0,0
0.20565201840373912,0.0009069986051098371,0.11489981868139765,0.0,1
-0.04492073729854068,-0.09582838190484447,0.10397939187812263,0.0,1
-0.06267488022315393,-0.42121738887558635,0.10284632985251009,0.0,3
0.13952575789243823,0.22914089712504296,-0.00021877546302635282,0.0,2
-0.0882069376218748,-0.3931436146191389,-0.06137891960325526,0.0,3
0.13443790531271754,0.09003352493799943,-0.008224159951434318,0.0,1
0.21775717494621305,0.12151522023050415,0.16867155317884341,0.0,1
-0.13703436460104765,0.16394509332218987,-0.05579825178771855,0.0,0
-0.2292376263131003,0.30419643568905597,0.216458974810563,0.0,0
0.1686491562197146,-0.10345028584618247,-0.09307872169155747,0.0,2
0.003264568403983623,-0.1610088797915765,-0.11781969436962045,0.0,3
-0.32138611192304345,0.48071368171687784,0.012281606104986494,0.0,0
-0.021653583305000043,-0.33567920729994144,-0.05434156893299518,0.0,3
-0.16911619860767732,0.06802602456639036,0.03869315951946424,0.0,0
-0.16298963814794057,0.00854024828934445,-0.02591954759348364,0.0,0
-0.05626139881528093,-0.11834747496721142,-0.009098584927380316,0.0,1
-0.14363928892730507,0.14742549463805688,-0.061879579303003425,0.0,2
0.13740683514855911,0.1557392229990391,0.1815876137823627,0.0,1
0.09464200126421014,0.12386137129400275,0.2589144663446084,0.0,1
-0.22269630217209535,0.28456055009133957,-0.005818290689393617,0.0,0
0.41262044180706214,-0.006123792346560418,-0.26396377904402973,0.0,2
0.017209965973937143,0.020793619173681735,0.030582691874426058,0.0,1
-0.06775255688538773,-0.43610255136757486,-0.05580604476296204,0.0,3
0.02300925632911559,-0.2275456859091027,-0.03572891135910216,0.0,1
0.18971269896301654,0.14208631393702945,0.09326877432245387,0.0,1
-0.038690007701134115,0.24972964439174672,-0.2733968584638658,0.0,2
-0.03657805118981896,-0.29189742054832385,-0.1437800837918255,0.0,3
-0.24146111585306718,0.24892726943624827,0.07707145826441969,0.0,0
0.17023535391015732,0.16986438075498478,0.03566314197786283,0.0,2
0.1859170156887774,0.24714739798146768,-0.00047803598026718706,0.0,1
-0.17791395568031632,0.0018740576675427686,-0.06952066614463591,0.0,0
0.20674503137384856,-0.029407719458483226,-0.37374728848482347,0.0,2
0.013116515645757772,0.08117557296067034,0.19156665603463546,0.0,1
0.21375878169820653,0.10473343944690142,0.10458073575161686,0.0,1
0.13150656869958868,-0.2401954602200399,-0.04608298566283132,0.0,2
0.27217669875462147,0.0643512897898311,-0.2804446101864267,0.0,2
0.09238173681964533,0.1111078286531196,0.04877003677846263,0.0,2
0.10186451878531927,-0.18632362884986073,0.10554039197365399,0.0,3
0.07488888283026031,0.1849160232481486,0.1610218586593388,0.0,1
0.26725675916254044,0.0167750344789424,-0.18737159009245663,0.0,2
-0.06681356142984717,-0.34906652270735766,0.07030975675494525,0.0,3
0.00023638843264137943,0.13567016114309402,-0.06617568126671296,0.0,2
-0.15260703528487474,0.18820140853338493,0.0017466139390947583,0.0,0
0.03917611376616601,0.17517585519480466,0.016337203466632397,0.0,1
-0.29750708282535276,0.37713904385028074,-0.09085795575080186,0.0,0
-0.22247280443930492,0.17849870692846864,-0.26772611525810974,0.0,0
-0.06782846472777179,-0.20959534138091376,-0.20715458674520565,0.0,3
-0.23501042681505832,0.2654854067886515,0.05405227622593356,0.0,0
-0.05884271763520834,-0.2370477938295483,-0.09516685997963553,0.0,3
-0.3232774889255265,0.38475033100239714,-0.09807214122227678,0.0,0
0.19504815824041838,0.04363508374740555,0.019685033697660528,0.0,2
0.04554952346642013,-0.13313658407813073,-0.05317215149815176,0.0,2
0.15218460747677706,-0.040958904968142223,0.023483355073789472,0.0,2
0.13386318381308318,0.1908741400928856,0.14174569155836927,0.0,1
0.013501047553945537,0.16780193987261424,0.08938925055908217,0.0,1
-0.13400700274701619,0.46682139829039443,-0.19960140370983376,0.0,0
-0.24348182518870196,0.15866243139221708,0.1094221084012275,0.0,0
0.17596862507812025,0.09860096616955229,0.1350958707754631,0.0,1
0.21637502985785703,0.008586975383424868,-0.047468403341794856,0.0,1
-0.019933065401445505,-0.3823029639564434,-0.16677810912943428,0.0,3
0.17443601245362056,0.19892505712257333,-0.14752740029096326,0.0,2
-0.021979781042769674,-0.4051139710151386,0.0878805034836067,0.0,3
-0.197484407891839,-0.5275965550076888,-0.15057074465196546,0.0,3
0.1523974021834818,0.04258291245143595,0.409602842665821,0.0,1
-0.07533211768934846,0.18293753657487516,-0.05193261721487339,0.0,0
0.1710071312021735,-0.30891772001977064,0.22457207012823513,0.0,3
-0.11105932599444858,-0.5726200286213773,0.2647539246818185,0.0,3
-0.2169108865324866,0.18874955682578126,0.04145300817357827,0.0,0
0.02852206095673527,0.26188850209750886,-0.09400657051987342,0.0,2
0.10379676085605626,0.043561259964550236,-0.1924654133408409,0.0,1
-0.24809696528317443,0.2532194977165428,-0.0445189305449373,0.0,0
-0.15661311669411704,0.04597236343178632,-0.06440224000356311,0.0,0
-0.27000269057971504,0.1457285645305754,-0.10748665913999916,0.0,0
-0.01389851893470923,-0.1944181979011132,0.01503848645207821,0.0,3
0.3312820036431062,0.17353879260526933,0.10200098296478202,0.0,2
0.13656264438734364,0.21108689169067352,0.03582418641236071,0.0,1
-0.01592379819524024,0.06853001632228511,0.07900491907642186,0.0,1
-0.08335951942899908,-0.7388258352350632,0.15593358520691034,0.0,3
0.2834268976653205,0.07420243946063317,0.15932561089472136,0.0,1
-0.22246617746477956,0.04956213402101547,-0.002099315746647841,0.0,0
0.13557911513739165,0.1657158661425589,0.05740462326473359,0.0,1
0.11784037012938056,-0.11765971671679853,-0.18893534295135875,0.0,2
-0.2058120121831199,0.04404667951686186,0.008199292006844064,0.0,0
0.18313070162972792,0.21039086798197543,0.023331353547543874,0.0,2
0.15895231364451087,0.06353068624031881,0.09154853446942976,0.0,2
0.1336547148999229,-0.06127869465766936,0.04047129530937485,0.0,1
-0.234114526087595,0.026699970734578266,0.0964370767653027,0.0,0
0.09129616736510808,0.028789151595816017,-0.04964304144297778,0.0,1
0.0010729033955128964,-0.2020781874424314,0.07904506951584579,0.0,3
0.18722226594610894,-0.04054735918628284,0.3606937855751811,0.0,1
-0.11811457455628004,-0.017137906709585805,0.0498385813587227,0.0,0
-0.26082703806970725,-0.04031030434852294,-0.19870331573832845,0.0,0
-0.2920976942987319,0.07658223764698271,-0.01796407341080841,0.0,0
0.053332373918606846,-0.26643839314837925,-0.2206084662325704,0.0,2
0.007040055134894244,-0.3554506921404939,-0.18686644156775312,0.0,3
0.0817437987652711,0.23481698242597393,0.1481997850036786,0.0,1
0.06677241335873353,-0.04303772767422483,-0.05068502706355634,0.0,2
-0.1851913069755176,0.09548249250123435,0.014563789430958665,0.0,0
0.18188705570602365,0.36551111785406815,0.12420200110731877,0.0,1
0.1415365098340999,-0.057390631393918895,-0.10795386764412242,0.0,1
0.12497953409201167,0.27450503676292887,-0.09268225937309496,0.0,1
0.23166309166970578,0.24724994559503935,0.0824667035431254,0.0,1
0.3552390015424756,0.07378966446917347,-0.15201621582705524,0.0,2
-0.06543328541023946,-0.2590578068904252,0.04810009432830959,0.0,3
0.2746349085743834,-0.04706422050937755,0.07006994691485607,0.0,2
-0.2436731838567803,0.4177071460414991,0.03489233338777214,0.0,0
0.10608220807731092,-0.021110878750035762,0.03924270149349129,0.0,2
-0.11803712459907238,-0.023558999302409595,-0.009060952551302364,0.0,0
0.06242360777681524,-0.040210492839059545,-0.23204198469402948,0.0,2
0.02911007932866456,-0.22072431049308336,0.07530790062688558,0.0,3
0.04232198706097157,-0.1829347310611949,0.053721730682809776,0.0,3
0.1009893020060981,0.1570114327300415,-0.06651791646389196,0.0,1
0.14389557993063007,0.24592024115434102,0.12242745386201712,0.0,1
0.4237445545356786,0.02576212860655548,0.14111365044149235,0.0,2
0.11034234494349554,0.0106900880060636,-0.04534590472553616,0.0,2
-0.05621849152581921,0.11014155458877722,-0.0397364804794914,0.0,3
0.0221737663069236,-0.4755045290512851,0.03282822120196466,0.0,3
0.19828101463304973,0.2533647902578454,0.07190471073520874,0.0,1
-0.1494034795253234,0.4386184868905576,-0.023021667628699186,0.0,0
-0.12672622488028853,-0.22876670658680787,-0.04694341045354505,0.0,3
0.18832271316865115,0.04961921344667585,0.05212344857132254,0.0,2
-0.04107974122125756,0.1349321649190524,0.3172123609060649,0.0,1
-0.3696939328243065,0.3519446945845356,0.08821327144997848,0.0,0
-0.004331678438601346,-0.39190173854197347,-0.20284229069693532,0.0,3
-0.3006879383426989,0.05068729630326668,-0.08201474548902338,0.0,0
0.11463018944655141,0.12851479130048943,-0.12595647045542385,0.0,1
0.17873765382084253,0.23153175905185983,-0.04937108988514849,0.0,1
-0.1946293593883527,-0.0869320643428993,-0.1807091193297789,0.0,0
0.3314152303164292,0.14813078749302128,-0.06199121831518892,0.0,2
-0.2128985222600148,0.04760942675698425,0.04625743015079836,0.0,0
-0.0997665731510796,-0.22205942242092275,0.0028476423086877096,0.0,3
-0.15779275623904934,-0.01413716430622365,0.15064104064650086,0.0,3
0.08065888042715591,0.14287570086655776,0.06113262819734172,0.0,1
0.20439653687924436,0.02878888894091071,0.10568314905821038,0.0,2
0.011761688331822642,-0.3149022549946748,-0.09797171397363491,0.0,3
0.1927282623480426,0.04906959719986773,0.06362892621011068,0.0,1
0.03467087839790334,0.1576815306771952,0.020907021066695328,0.0,1
-0.05792348065305485,0.29236473876963165,-0.06958341413843219,0.0,1
-0.33868561034302025,0.27027116667840745,0.04198560453384036,0.0,0
-0.20320279808361902,0.10689835817448479,0.017676152825324136,0.0,0
-0.1880473291684593,0.03621470647064895,0.15471599251461646,0.0,0
-0.0983607099391129,-0.009409568177267005,0.21460666763042968,0.0,1
0.1900969572017554,0.04647962702158725,-0.09470046000616152,0.0,2
-0.041996488877930505,-0.36145175740917485,0.003339083502305523,0.0,3
-0.15828304732162915,-0.19337458321792825,0.034565175707696114,0.0,3
0.24494566745396779,0.01518596825635744,0.18930628999828733,0.0,1
-0.28010881808341087,0.2888426798301053,-0.1183434944301316,0.0,0
0.09695762853722976,-0.09766517482979123,0.1891049885529424,0.0,1
0.1426034962772974,0.3230924877653312,0.09398658625524547,0.0,1
0.025939389780699033,0.11892758997332373,0.09320291615437433,0.0,2
0.1319147778972715,0.02942147744487336,0.2552654673153068,0.0,1
-0.10122284587485869,-0.27222780816836356,-0.008450149396500668,0.0,3
-0.10910675435104147,0.3165583356297957,-0.027653229897950934,0.0,0
-0.15416639539736238,-0.012520202423918237,-0.08487581863495047,0.0,0
-0.05422570360179296,-0.03196479215522008,0.02734077580697611,0.0,2
0.049646362059936715,0.34907576566832127,0.1773137893787978,0.0,1
0.16296152253065868,0.26479953416150886,-0.061076292365322214,0.0,1
-0.0008273888389716078,-0.12219203227439106,0.08425434409125455,0.0,3
-0.07773465932692053,-0.17965024965669096,-0.022651510458382963,0.0,3
-0.36829973944274835,0.1195726492723217,-0.05267973476396728,0.0,0
0.05166876213017543,0.14338861887430582,0.15492355277327516,0.0,1
0.033283807749404,0.05205003422405095,-0.13394253287162614,0.0,2
0.20802626614437544,0.049499651542572194,0.19039726813162078,0.0,1
0.22502174664585112,0.11995017382255888,0.1818693871499564,0.0,1
0.18906881701920053,-0.15897667913341984,-0.06337910142010932,0.0,2
0.20049982557225673,0.05517778715594125,-0.061416868418970316,0.0,2
-0.18383153970542462,0.1342547023074334,0.020730730389930337,0.0,0
0.06284851768178185,0.12230110702608098,-0.05964386654494711,0.0,1
-0.12944564589356686,0.2647769448204829,-0.11139806249661671,0.0,0
-0.2513904541435705,0.15709937629016227,-0.12005108686980184,0.0,0
0.21669098455201394,0.28444292139594163,0.043647362729097,0.0,1
-0.011329016672402126,-0.4136933191764812,0.02483666748739334,0.0,3
-0.12872816697237718,-0.37696660794568004,-0.10509535978081552,0.0,3
-0.06682776305066464,0.015008668891108242,0.026887304820293695,0.0,1
0.13875318064171144,0.09815084146160473,0.3399411009221118,0.0,1
0.04788557571308077,0.1797561853490424,-0.0627068880779988,0.0,1
0.026540799676367365,-0.12776982795287278,-0.05481807480785258,0.0,1
0.02270749803033213,0.04059004335323124,-0.13655612906440806,0.0,2
0.18165110970709109,0.27492977989043943,-0.08422952377266663,0.0,1
0.19711690279515684,0.14203366216872002,-0.2958563954512991,0.0,2
0.3718525072326633,0.043103980718519216,0.033859737469899856,0.0,2
0.1437714108957614,0.02596999370116145,-0.24611747531983671,0.0,1
-0.06774451150726853,-0.44742291813208207,-0.02712467400316342,0.0,3
-0.046889864716217804,-0.053007710213045164,0.14448719672414956,0.0,1
-0.16527030984733693,-0.05489422397997087,-0.008891410744985452,0.0,0
0.12139786049968614,0.31447653899913236,-0.07926791178451265,0.0,1
0.18111116935636148,-0.04118635902183747,0.1845504451033815,0.0,1
0.2323095778804621,0.1294395633415205,-0.21475155360992798,0.0,2
-0.09929520377292483,-0.30180927900059873,0.09498049787158797,0.0,3
0.01353949169989004,0.19973876671466237,0.06140494029537681,0.0,1
0.1481400964135941,0.006170946575183632,-0.019712808089744113,0.0,1
0.38471139515421476,0.04357509328423243,-0.13467940132614128,0.0,2
0.0058878958770163916,0.18164509868973625,-0.003228667114645516,0.0,2
-0.07430827552529624,-0.353516940523878,0.1631165314359257,0.0,3
