,0,1,2,3,4,5,6,7,8,9,10,11,12,13,14,15,16,17
0,1.0,0.6919227977657739,0.7935917321645571,0.674079498066639,0.06354823058304548,0.12937579077023625,0.8067260660395187,-0.7824376086798636,0.8088057433022561,0.6822318367276096,0.7562416682160933,0.8128217389341199,0.5973541747774636,-0.2480724400883871,0.2316133912180488,0.1530400717522623,0.32112230304449363,0.3632531832024437
1,0.6919227977657739,1.0,0.8011321157889143,0.6177931249056907,0.14111314149379164,0.2290822394946319,0.8607595513432522,-0.8322538102809561,0.8587655432250993,0.9647183271911294,0.8056394077126706,0.8521378317493307,0.9390605176125444,0.057915866292372685,0.12255285561237342,-0.016789746378968504,-0.09933493707392214,0.03373359010875519
2,0.7935917321645571,0.8011321157889143,1.0,0.7546951497492185,0.13016184013097482,0.24013909589505142,0.9053094297438965,-0.9117138855151974,0.8924021955968817,0.7857655768608323,0.8533035402004959,0.8868080941727327,0.7116943198364727,-0.2203313793758382,0.10789268986197001,0.2826888488007462,0.17580397056770072,0.3471732961085235
3,0.674079498066639,0.6177931249056907,0.7546951497492185,1.0,0.6617491004392391,0.47609264557217923,0.7189590376218998,-0.7720944338121849,0.695470653987642,0.5757513227683823,0.7989153708926169,0.705293253079907,0.5461799519252283,-0.1070871660588447,0.031808664556001225,0.19031735812307474,0.38272143232335093,0.4507969723956971
4,0.06354823058304548,0.14111314149379164,0.13016184013097482,0.6617491004392391,1.0,0.7073787022711807,0.07479051911742275,-0.14661389823899787,0.055684154492157724,0.12876464316035108,0.2874165197586059,0.06048322869571603,0.13080985658258068,0.270899714884632,-0.06749787934391778,-0.029177646870445065,0.18716943803789712,0.21431471041997865
5,0.12937579077023625,0.2290822394946319,0.24013909589505142,0.47609264557217923,0.7073787022711807,1.0,0.14075035293136035,-0.15579147596396353,0.13667620953978868,0.292647620158847,0.33355164606026644,0.11781487462491172,0.1788818922939847,0.3763059702888545,0.021953260752374946,0.052862286177097734,-0.03859972633982255,0.12292981664926371
6,0.8067260660395187,0.8607595513432522,0.9053094297438965,0.7189590376218998,0.07479051911742275,0.14075035293136035,1.0,-0.9739851834807333,0.9921274078385349,0.8123718093079324,0.940274372297991,0.996312769675523,0.8061942638947066,-0.03298548292123137,0.04866919407580881,0.21183246507702552,0.02606236064269612,0.11555837268708662
7,-0.7824376086798636,-0.8322538102809561,-0.9117138855151974,-0.7720944338121849,-0.14661389823899787,-0.15579147596396353,-0.9739851834807333,1.0,-0.9518751834585887,-0.7818076351457018,-0.92825679909914,-0.9572871864936318,-0.7752189970438945,0.10266701713761292,-0.024599619679021984,-0.191519395184832,-0.13491340927224957,-0.21436528011020498
8,0.8088057433022561,0.8587655432250993,0.8924021955968817,0.695470653987642,0.055684154492157724,0.13667620953978868,0.9921274078385349,-0.9518751834585887,1.0,0.8145813435229879,0.9265659066257844,0.9923791752788768,0.8031634763250678,-0.021763426197294513,0.05852559814625655,0.21300552721019872,0.0013600180187645662,0.09402857199465085
9,0.6822318367276096,0.9647183271911294,0.7857655768608323,0.5757513227683823,0.12876464316035108,0.292647620158847,0.8123718093079324,-0.7818076351457018,0.8145813435229879,1.0,0.7467644367293105,0.7986364960742428,0.8652424482735964,0.02744660196338965,0.12128231618311983,0.0027535938871715315,-0.08196433797100747,0.08591307157309654
10,0.7562416682160933,0.8056394077126706,0.8533035402004959,0.7989153708926169,0.2874165197586059,0.33355164606026644,0.940274372297991,-0.92825679909914,0.9265659066257844,0.7467644367293105,1.0,0.9380638859012268,0.7822038228050762,0.14911806242713346,0.01564277709747891,0.18394719631314588,0.030426562095393506,0.07770618526528209
11,0.8128217389341199,0.8521378317493307,0.8868080941727327,0.705293253079907,0.06048322869571603,0.11781487462491172,0.996312769675523,-0.9572871864936318,0.9923791752788768,0.7986364960742428,0.9380638859012268,1.0,0.8016008677744432,-0.02444595696363031,0.05166930948951839,0.20058853803645457,0.02522378996106216,0.09847886480756506
12,0.5973541747774636,0.9390605176125444,0.7116943198364727,0.5461799519252283,0.13080985658258068,0.1788818922939847,0.8061942638947066,-0.7752189970438945,0.8031634763250678,0.8652424482735964,0.7822038228050762,0.8016008677744432,1.0,0.18445583561684348,0.140683091068305,-0.05465915019702283,-0.20939415863454092,-0.11433449272500242
13,-0.2480724400883871,0.057915866292372685,-0.2203313793758382,-0.1070871660588447,0.270899714884632,0.3763059702888545,-0.03298548292123137,0.10266701713761292,-0.021763426197294513,0.02744660196338965,0.14911806242713346,-0.02444595696363031,0.18445583561684348,1.0,-0.10983178115356002,-0.14234114829907216,-0.729735219174347,-0.7783994675219752
14,0.2316133912180488,0.12255285561237342,0.10789268986197001,0.031808664556001225,-0.06749787934391778,0.021953260752374946,0.04866919407580881,-0.024599619679021984,0.05852559814625655,0.12128231618311983,0.01564277709747891,0.05166930948951839,0.140683091068305,-0.10983178115356002,1.0,-0.044664756281106194,0.13230360989135148,0.10939397166213892
15,0.1530400717522623,-0.016789746378968504,0.2826888488007462,0.19031735812307474,-0.029177646870445065,0.052862286177097734,0.21183246507702552,-0.191519395184832,0.21300552721019872,0.0027535938871715315,0.18394719631314588,0.20058853803645457,-0.05465915019702283,-0.14234114829907216,-0.044664756281106194,1.0,0.10022409002462927,0.23151566910368712
16,0.32112230304449363,-0.09933493707392214,0.17580397056770072,0.38272143232335093,0.18716943803789712,-0.03859972633982255,0.02606236064269612,-0.13491340927224957,0.0013600180187645662,-0.08196433797100747,0.030426562095393506,0.02522378996106216,-0.20939415863454092,-0.729735219174347,0.13230360989135148,0.10022409002462927,1.0,0.8920204536957334
17,0.3632531832024437,0.03373359010875519,0.3471732961085235,0.4507969723956971,0.21431471041997865,0.12292981664926371,0.11555837268708662,-0.21436528011020498,0.09402857199465085,0.08591307157309654,0.07770618526528209,0.09847886480756506,-0.11433449272500242,-0.7783994675219752,0.10939397166213892,0.23151566910368712,0.8920204536957334,1.0
